solid OpenSCAD_Model
  facet normal 0.42754 0.903996 -0
    outer loop
      vertex -3.49749 -4.20104 2
      vertex -3.61281 -4.1465 38
      vertex -3.49749 -4.20104 38
    endloop
  endfacet
  facet normal 0.42754 0.903996 0
    outer loop
      vertex -3.61281 -4.1465 38
      vertex -3.49749 -4.20104 2
      vertex -3.61281 -4.1465 2
    endloop
  endfacet
  facet normal -0.989177 -0.14673 0
    outer loop
      vertex -1.70626 -2.87258 2
      vertex -1.72498 -2.74638 38
      vertex -1.72498 -2.74638 2
    endloop
  endfacet
  facet normal -0.989177 -0.14673 0
    outer loop
      vertex -1.72498 -2.74638 38
      vertex -1.70626 -2.87258 2
      vertex -1.70626 -2.87258 38
    endloop
  endfacet
  facet normal -0.998795 -0.0490697 0
    outer loop
      vertex -1.7 -3 2
      vertex -1.70626 -2.87258 38
      vertex -1.70626 -2.87258 2
    endloop
  endfacet
  facet normal -0.998795 -0.0490697 0
    outer loop
      vertex -1.70626 -2.87258 38
      vertex -1.7 -3 2
      vertex -1.7 -3 38
    endloop
  endfacet
  facet normal -0.970027 -0.242997 0
    outer loop
      vertex -1.72498 -2.74638 2
      vertex -1.75598 -2.62263 38
      vertex -1.75598 -2.62263 2
    endloop
  endfacet
  facet normal -0.970027 -0.242997 0
    outer loop
      vertex -1.75598 -2.62263 38
      vertex -1.72498 -2.74638 2
      vertex -1.72498 -2.74638 38
    endloop
  endfacet
  facet normal -0.42751 0.904011 0
    outer loop
      vertex -2.38718 -4.1465 2
      vertex -2.50251 -4.20104 38
      vertex -2.38718 -4.1465 38
    endloop
  endfacet
  facet normal -0.42751 0.904011 0
    outer loop
      vertex -2.50251 -4.20104 38
      vertex -2.38718 -4.1465 2
      vertex -2.50251 -4.20104 2
    endloop
  endfacet
  facet normal 0.14673 -0.989177 0
    outer loop
      vertex -3.25362 -1.72498 2
      vertex -3.12742 -1.70626 38
      vertex -3.25362 -1.72498 38
    endloop
  endfacet
  facet normal 0.14673 -0.989177 0
    outer loop
      vertex -3.12742 -1.70626 38
      vertex -3.25362 -1.72498 2
      vertex -3.12742 -1.70626 2
    endloop
  endfacet
  facet normal 0.941543 0.336892 0
    outer loop
      vertex -4.20104 -3.49749 38
      vertex -4.24402 -3.37737 2
      vertex -4.24402 -3.37737 38
    endloop
  endfacet
  facet normal 0.941543 0.336892 0
    outer loop
      vertex -4.24402 -3.37737 2
      vertex -4.20104 -3.49749 38
      vertex -4.20104 -3.49749 2
    endloop
  endfacet
  facet normal -0.514138 -0.857707 0
    outer loop
      vertex -2.38718 -1.8535 2
      vertex -2.27776 -1.91909 38
      vertex -2.38718 -1.8535 38
    endloop
  endfacet
  facet normal -0.514138 -0.857707 -0
    outer loop
      vertex -2.27776 -1.91909 38
      vertex -2.38718 -1.8535 2
      vertex -2.27776 -1.91909 2
    endloop
  endfacet
  facet normal 0.242997 0.970027 -0
    outer loop
      vertex -3.25362 -4.27502 2
      vertex -3.37737 -4.24402 38
      vertex -3.25362 -4.27502 38
    endloop
  endfacet
  facet normal 0.242997 0.970027 0
    outer loop
      vertex -3.37737 -4.24402 38
      vertex -3.25362 -4.27502 2
      vertex -3.37737 -4.24402 2
    endloop
  endfacet
  facet normal -0.242997 0.970027 0
    outer loop
      vertex -2.62263 -4.24402 2
      vertex -2.74638 -4.27502 38
      vertex -2.62263 -4.24402 38
    endloop
  endfacet
  facet normal -0.242997 0.970027 0
    outer loop
      vertex -2.74638 -4.27502 38
      vertex -2.62263 -4.24402 2
      vertex -2.74638 -4.27502 2
    endloop
  endfacet
  facet normal 0.514104 -0.857728 0
    outer loop
      vertex -3.72224 -1.91909 2
      vertex -3.61281 -1.8535 38
      vertex -3.72224 -1.91909 38
    endloop
  endfacet
  facet normal 0.514104 -0.857728 0
    outer loop
      vertex -3.61281 -1.8535 38
      vertex -3.72224 -1.91909 2
      vertex -3.61281 -1.8535 2
    endloop
  endfacet
  facet normal 0.595715 -0.803196 0
    outer loop
      vertex -3.82471 -1.99509 2
      vertex -3.72224 -1.91909 38
      vertex -3.82471 -1.99509 38
    endloop
  endfacet
  facet normal 0.595715 -0.803196 0
    outer loop
      vertex -3.72224 -1.91909 38
      vertex -3.82471 -1.99509 2
      vertex -3.72224 -1.91909 2
    endloop
  endfacet
  facet normal -0.14673 -0.989177 0
    outer loop
      vertex -2.87258 -1.70626 2
      vertex -2.74638 -1.72498 38
      vertex -2.87258 -1.70626 38
    endloop
  endfacet
  facet normal -0.14673 -0.989177 -0
    outer loop
      vertex -2.74638 -1.72498 38
      vertex -2.87258 -1.70626 2
      vertex -2.74638 -1.72498 2
    endloop
  endfacet
  facet normal -0.0490697 0.998795 0
    outer loop
      vertex -2.87258 -4.29374 2
      vertex -3 -4.3 38
      vertex -2.87258 -4.29374 38
    endloop
  endfacet
  facet normal -0.0490697 0.998795 0
    outer loop
      vertex -3 -4.3 38
      vertex -2.87258 -4.29374 2
      vertex -3 -4.3 2
    endloop
  endfacet
  facet normal 0.514104 0.857728 -0
    outer loop
      vertex -3.61281 -4.1465 2
      vertex -3.72224 -4.08091 38
      vertex -3.61281 -4.1465 38
    endloop
  endfacet
  facet normal 0.514104 0.857728 0
    outer loop
      vertex -3.72224 -4.08091 38
      vertex -3.61281 -4.1465 2
      vertex -3.72224 -4.08091 2
    endloop
  endfacet
  facet normal 0 0 1
    outer loop
      vertex -1.70626 -2.87258 2
      vertex -1.70626 -3.12742 2
      vertex -1.7 -3 2
    endloop
  endfacet
  facet normal 0 0 1
    outer loop
      vertex -1.72498 -2.74638 2
      vertex -1.70626 -3.12742 2
      vertex -1.70626 -2.87258 2
    endloop
  endfacet
  facet normal 0 0 1
    outer loop
      vertex -1.72498 -2.74638 2
      vertex -1.72498 -3.25362 2
      vertex -1.70626 -3.12742 2
    endloop
  endfacet
  facet normal 0 0 1
    outer loop
      vertex -1.75598 -2.62263 2
      vertex -1.72498 -3.25362 2
      vertex -1.72498 -2.74638 2
    endloop
  endfacet
  facet normal 0 0 1
    outer loop
      vertex -1.75598 -2.62263 2
      vertex -1.75598 -3.37737 2
      vertex -1.72498 -3.25362 2
    endloop
  endfacet
  facet normal 0 0 1
    outer loop
      vertex -1.79896 -2.50251 2
      vertex -1.75598 -3.37737 2
      vertex -1.75598 -2.62263 2
    endloop
  endfacet
  facet normal 0 0 1
    outer loop
      vertex -1.79896 -2.50251 2
      vertex -1.79896 -3.49749 2
      vertex -1.75598 -3.37737 2
    endloop
  endfacet
  facet normal 0 0 1
    outer loop
      vertex -1.8535 -2.38718 2
      vertex -1.79896 -3.49749 2
      vertex -1.79896 -2.50251 2
    endloop
  endfacet
  facet normal 0 0 1
    outer loop
      vertex -1.8535 -2.38718 2
      vertex -1.8535 -3.61281 2
      vertex -1.79896 -3.49749 2
    endloop
  endfacet
  facet normal 0 0 1
    outer loop
      vertex -1.91909 -2.27776 2
      vertex -1.8535 -3.61281 2
      vertex -1.8535 -2.38718 2
    endloop
  endfacet
  facet normal 0 0 1
    outer loop
      vertex -1.91909 -2.27776 2
      vertex -1.91909 -3.72224 2
      vertex -1.8535 -3.61281 2
    endloop
  endfacet
  facet normal 0 0 1
    outer loop
      vertex -1.99509 -2.17529 2
      vertex -1.91909 -3.72224 2
      vertex -1.91909 -2.27776 2
    endloop
  endfacet
  facet normal 0 0 1
    outer loop
      vertex -1.99509 -2.17529 2
      vertex -1.99509 -3.82471 2
      vertex -1.91909 -3.72224 2
    endloop
  endfacet
  facet normal 0 0 1
    outer loop
      vertex -2.08076 -2.08076 2
      vertex -1.99509 -3.82471 2
      vertex -1.99509 -2.17529 2
    endloop
  endfacet
  facet normal 0 0 1
    outer loop
      vertex -2.08076 -2.08076 2
      vertex -2.08076 -3.91924 2
      vertex -1.99509 -3.82471 2
    endloop
  endfacet
  facet normal 0 0 1
    outer loop
      vertex -2.17529 -1.99509 2
      vertex -2.08076 -3.91924 2
      vertex -2.08076 -2.08076 2
    endloop
  endfacet
  facet normal 0 0 1
    outer loop
      vertex -2.17529 -1.99509 2
      vertex -2.17529 -4.00491 2
      vertex -2.08076 -3.91924 2
    endloop
  endfacet
  facet normal 0 0 1
    outer loop
      vertex -2.27776 -1.91909 2
      vertex -2.17529 -4.00491 2
      vertex -2.17529 -1.99509 2
    endloop
  endfacet
  facet normal 0 0 1
    outer loop
      vertex -2.27776 -1.91909 2
      vertex -2.27776 -4.08091 2
      vertex -2.17529 -4.00491 2
    endloop
  endfacet
  facet normal 0 0 1
    outer loop
      vertex -2.38718 -1.8535 2
      vertex -2.27776 -4.08091 2
      vertex -2.27776 -1.91909 2
    endloop
  endfacet
  facet normal 0 0 1
    outer loop
      vertex -2.38718 -1.8535 2
      vertex -2.38718 -4.1465 2
      vertex -2.27776 -4.08091 2
    endloop
  endfacet
  facet normal 0 0 1
    outer loop
      vertex -2.50251 -1.79896 2
      vertex -2.38718 -4.1465 2
      vertex -2.38718 -1.8535 2
    endloop
  endfacet
  facet normal 0 0 1
    outer loop
      vertex -2.50251 -1.79896 2
      vertex -2.50251 -4.20104 2
      vertex -2.38718 -4.1465 2
    endloop
  endfacet
  facet normal 0 0 1
    outer loop
      vertex -2.62263 -1.75598 2
      vertex -2.50251 -4.20104 2
      vertex -2.50251 -1.79896 2
    endloop
  endfacet
  facet normal 0 0 1
    outer loop
      vertex -2.62263 -1.75598 2
      vertex -2.62263 -4.24402 2
      vertex -2.50251 -4.20104 2
    endloop
  endfacet
  facet normal 0 0 1
    outer loop
      vertex -2.74638 -1.72498 2
      vertex -2.62263 -4.24402 2
      vertex -2.62263 -1.75598 2
    endloop
  endfacet
  facet normal 0 0 1
    outer loop
      vertex -2.74638 -1.72498 2
      vertex -2.74638 -4.27502 2
      vertex -2.62263 -4.24402 2
    endloop
  endfacet
  facet normal 0 0 1
    outer loop
      vertex -2.87258 -1.70626 2
      vertex -2.74638 -4.27502 2
      vertex -2.74638 -1.72498 2
    endloop
  endfacet
  facet normal 0 0 1
    outer loop
      vertex -2.87258 -1.70626 2
      vertex -2.87258 -4.29374 2
      vertex -2.74638 -4.27502 2
    endloop
  endfacet
  facet normal 0 0 1
    outer loop
      vertex -3 -1.7 2
      vertex -2.87258 -4.29374 2
      vertex -2.87258 -1.70626 2
    endloop
  endfacet
  facet normal 0 0 1
    outer loop
      vertex -3 -1.7 2
      vertex -3 -4.3 2
      vertex -2.87258 -4.29374 2
    endloop
  endfacet
  facet normal -0 0 1
    outer loop
      vertex -3.12742 -1.70626 2
      vertex -3 -4.3 2
      vertex -3 -1.7 2
    endloop
  endfacet
  facet normal 0 0 1
    outer loop
      vertex -3.12742 -1.70626 2
      vertex -3.12742 -4.29374 2
      vertex -3 -4.3 2
    endloop
  endfacet
  facet normal -0 0 1
    outer loop
      vertex -3.25362 -1.72498 2
      vertex -3.12742 -4.29374 2
      vertex -3.12742 -1.70626 2
    endloop
  endfacet
  facet normal 0 0 1
    outer loop
      vertex -3.25362 -1.72498 2
      vertex -3.25362 -4.27502 2
      vertex -3.12742 -4.29374 2
    endloop
  endfacet
  facet normal -0 0 1
    outer loop
      vertex -3.37737 -1.75598 2
      vertex -3.25362 -4.27502 2
      vertex -3.25362 -1.72498 2
    endloop
  endfacet
  facet normal 0 0 1
    outer loop
      vertex -3.37737 -1.75598 2
      vertex -3.37737 -4.24402 2
      vertex -3.25362 -4.27502 2
    endloop
  endfacet
  facet normal -0 0 1
    outer loop
      vertex -3.49749 -1.79896 2
      vertex -3.37737 -4.24402 2
      vertex -3.37737 -1.75598 2
    endloop
  endfacet
  facet normal 0 0 1
    outer loop
      vertex -3.49749 -1.79896 2
      vertex -3.49749 -4.20104 2
      vertex -3.37737 -4.24402 2
    endloop
  endfacet
  facet normal -0 0 1
    outer loop
      vertex -3.61281 -1.8535 2
      vertex -3.49749 -4.20104 2
      vertex -3.49749 -1.79896 2
    endloop
  endfacet
  facet normal 0 0 1
    outer loop
      vertex -3.61281 -1.8535 2
      vertex -3.61281 -4.1465 2
      vertex -3.49749 -4.20104 2
    endloop
  endfacet
  facet normal -0 0 1
    outer loop
      vertex -3.72224 -1.91909 2
      vertex -3.61281 -4.1465 2
      vertex -3.61281 -1.8535 2
    endloop
  endfacet
  facet normal 0 0 1
    outer loop
      vertex -3.72224 -1.91909 2
      vertex -3.72224 -4.08091 2
      vertex -3.61281 -4.1465 2
    endloop
  endfacet
  facet normal -0 0 1
    outer loop
      vertex -3.82471 -1.99509 2
      vertex -3.72224 -4.08091 2
      vertex -3.72224 -1.91909 2
    endloop
  endfacet
  facet normal 0 0 1
    outer loop
      vertex -3.82471 -1.99509 2
      vertex -3.82471 -4.00491 2
      vertex -3.72224 -4.08091 2
    endloop
  endfacet
  facet normal -0 0 1
    outer loop
      vertex -3.91924 -2.08076 2
      vertex -3.82471 -4.00491 2
      vertex -3.82471 -1.99509 2
    endloop
  endfacet
  facet normal 0 0 1
    outer loop
      vertex -3.91924 -2.08076 2
      vertex -3.91924 -3.91924 2
      vertex -3.82471 -4.00491 2
    endloop
  endfacet
  facet normal -0 0 1
    outer loop
      vertex -4.00491 -2.17529 2
      vertex -3.91924 -3.91924 2
      vertex -3.91924 -2.08076 2
    endloop
  endfacet
  facet normal 0 0 1
    outer loop
      vertex -4.00491 -2.17529 2
      vertex -4.00491 -3.82471 2
      vertex -3.91924 -3.91924 2
    endloop
  endfacet
  facet normal -0 0 1
    outer loop
      vertex -4.08091 -2.27776 2
      vertex -4.00491 -3.82471 2
      vertex -4.00491 -2.17529 2
    endloop
  endfacet
  facet normal 0 0 1
    outer loop
      vertex -4.08091 -2.27776 2
      vertex -4.08091 -3.72224 2
      vertex -4.00491 -3.82471 2
    endloop
  endfacet
  facet normal -0 0 1
    outer loop
      vertex -4.1465 -2.38718 2
      vertex -4.08091 -3.72224 2
      vertex -4.08091 -2.27776 2
    endloop
  endfacet
  facet normal 0 0 1
    outer loop
      vertex -4.1465 -2.38718 2
      vertex -4.1465 -3.61281 2
      vertex -4.08091 -3.72224 2
    endloop
  endfacet
  facet normal -0 0 1
    outer loop
      vertex -4.20104 -2.50251 2
      vertex -4.1465 -3.61281 2
      vertex -4.1465 -2.38718 2
    endloop
  endfacet
  facet normal 0 0 1
    outer loop
      vertex -4.20104 -2.50251 2
      vertex -4.20104 -3.49749 2
      vertex -4.1465 -3.61281 2
    endloop
  endfacet
  facet normal -0 0 1
    outer loop
      vertex -4.24402 -2.62263 2
      vertex -4.20104 -3.49749 2
      vertex -4.20104 -2.50251 2
    endloop
  endfacet
  facet normal 0 0 1
    outer loop
      vertex -4.24402 -2.62263 2
      vertex -4.24402 -3.37737 2
      vertex -4.20104 -3.49749 2
    endloop
  endfacet
  facet normal -0 0 1
    outer loop
      vertex -4.27502 -2.74638 2
      vertex -4.24402 -3.37737 2
      vertex -4.24402 -2.62263 2
    endloop
  endfacet
  facet normal 0 0 1
    outer loop
      vertex -4.27502 -2.74638 2
      vertex -4.27502 -3.25362 2
      vertex -4.24402 -3.37737 2
    endloop
  endfacet
  facet normal -0 0 1
    outer loop
      vertex -4.29374 -2.87258 2
      vertex -4.27502 -3.25362 2
      vertex -4.27502 -2.74638 2
    endloop
  endfacet
  facet normal 0 0 1
    outer loop
      vertex -4.29374 -2.87258 2
      vertex -4.29374 -3.12742 2
      vertex -4.27502 -3.25362 2
    endloop
  endfacet
  facet normal 0 -0 1
    outer loop
      vertex -4.29374 -3.12742 2
      vertex -4.29374 -2.87258 2
      vertex -4.3 -3 2
    endloop
  endfacet
  facet normal 0.989177 -0.14673 0
    outer loop
      vertex -4.29374 -2.87258 38
      vertex -4.27502 -2.74638 2
      vertex -4.27502 -2.74638 38
    endloop
  endfacet
  facet normal 0.989177 -0.14673 0
    outer loop
      vertex -4.27502 -2.74638 2
      vertex -4.29374 -2.87258 38
      vertex -4.29374 -2.87258 2
    endloop
  endfacet
  facet normal -0.904011 -0.42751 0
    outer loop
      vertex -1.79896 -2.50251 2
      vertex -1.8535 -2.38718 38
      vertex -1.8535 -2.38718 2
    endloop
  endfacet
  facet normal -0.904011 -0.42751 0
    outer loop
      vertex -1.8535 -2.38718 38
      vertex -1.79896 -2.50251 2
      vertex -1.79896 -2.50251 38
    endloop
  endfacet
  facet normal 0.14673 0.989177 -0
    outer loop
      vertex -3.12742 -4.29374 2
      vertex -3.25362 -4.27502 38
      vertex -3.12742 -4.29374 38
    endloop
  endfacet
  facet normal 0.14673 0.989177 0
    outer loop
      vertex -3.25362 -4.27502 38
      vertex -3.12742 -4.29374 2
      vertex -3.25362 -4.27502 2
    endloop
  endfacet
  facet normal -0.514138 0.857707 0
    outer loop
      vertex -2.27776 -4.08091 2
      vertex -2.38718 -4.1465 38
      vertex -2.27776 -4.08091 38
    endloop
  endfacet
  facet normal -0.514138 0.857707 0
    outer loop
      vertex -2.38718 -4.1465 38
      vertex -2.27776 -4.08091 2
      vertex -2.38718 -4.1465 2
    endloop
  endfacet
  facet normal 0.903996 0.42754 0
    outer loop
      vertex -4.1465 -3.61281 38
      vertex -4.20104 -3.49749 2
      vertex -4.20104 -3.49749 38
    endloop
  endfacet
  facet normal 0.903996 0.42754 0
    outer loop
      vertex -4.20104 -3.49749 2
      vertex -4.1465 -3.61281 38
      vertex -4.1465 -3.61281 2
    endloop
  endfacet
  facet normal -0.989177 0.14673 0
    outer loop
      vertex -1.72498 -3.25362 2
      vertex -1.70626 -3.12742 38
      vertex -1.70626 -3.12742 2
    endloop
  endfacet
  facet normal -0.989177 0.14673 0
    outer loop
      vertex -1.70626 -3.12742 38
      vertex -1.72498 -3.25362 2
      vertex -1.72498 -3.25362 38
    endloop
  endfacet
  facet normal -0.595715 -0.803196 0
    outer loop
      vertex -2.27776 -1.91909 2
      vertex -2.17529 -1.99509 38
      vertex -2.27776 -1.91909 38
    endloop
  endfacet
  facet normal -0.595715 -0.803196 -0
    outer loop
      vertex -2.17529 -1.99509 38
      vertex -2.27776 -1.91909 2
      vertex -2.17529 -1.99509 2
    endloop
  endfacet
  facet normal -0.803196 0.595715 0
    outer loop
      vertex -1.99509 -3.82471 2
      vertex -1.91909 -3.72224 38
      vertex -1.91909 -3.72224 2
    endloop
  endfacet
  facet normal -0.803196 0.595715 0
    outer loop
      vertex -1.91909 -3.72224 38
      vertex -1.99509 -3.82471 2
      vertex -1.99509 -3.82471 38
    endloop
  endfacet
  facet normal 0.941543 -0.336892 0
    outer loop
      vertex -4.24402 -2.62263 38
      vertex -4.20104 -2.50251 2
      vertex -4.20104 -2.50251 38
    endloop
  endfacet
  facet normal 0.941543 -0.336892 0
    outer loop
      vertex -4.20104 -2.50251 2
      vertex -4.24402 -2.62263 38
      vertex -4.24402 -2.62263 2
    endloop
  endfacet
  facet normal -0.803196 -0.595715 0
    outer loop
      vertex -1.91909 -2.27776 2
      vertex -1.99509 -2.17529 38
      vertex -1.99509 -2.17529 2
    endloop
  endfacet
  facet normal -0.803196 -0.595715 0
    outer loop
      vertex -1.99509 -2.17529 38
      vertex -1.91909 -2.27776 2
      vertex -1.91909 -2.27776 38
    endloop
  endfacet
  facet normal 0.0490697 -0.998795 0
    outer loop
      vertex -3.12742 -1.70626 2
      vertex -3 -1.7 38
      vertex -3.12742 -1.70626 38
    endloop
  endfacet
  facet normal 0.0490697 -0.998795 0
    outer loop
      vertex -3 -1.7 38
      vertex -3.12742 -1.70626 2
      vertex -3 -1.7 2
    endloop
  endfacet
  facet normal 0.970027 0.242997 0
    outer loop
      vertex -4.24402 -3.37737 38
      vertex -4.27502 -3.25362 2
      vertex -4.27502 -3.25362 38
    endloop
  endfacet
  facet normal 0.970027 0.242997 0
    outer loop
      vertex -4.27502 -3.25362 2
      vertex -4.24402 -3.37737 38
      vertex -4.24402 -3.37737 2
    endloop
  endfacet
  facet normal 0.336892 -0.941543 0
    outer loop
      vertex -3.49749 -1.79896 2
      vertex -3.37737 -1.75598 38
      vertex -3.49749 -1.79896 38
    endloop
  endfacet
  facet normal 0.336892 -0.941543 0
    outer loop
      vertex -3.37737 -1.75598 38
      vertex -3.49749 -1.79896 2
      vertex -3.37737 -1.75598 2
    endloop
  endfacet
  facet normal -0.903996 0.42754 0
    outer loop
      vertex -1.8535 -3.61281 2
      vertex -1.79896 -3.49749 38
      vertex -1.79896 -3.49749 2
    endloop
  endfacet
  facet normal -0.903996 0.42754 0
    outer loop
      vertex -1.79896 -3.49749 38
      vertex -1.8535 -3.61281 2
      vertex -1.8535 -3.61281 38
    endloop
  endfacet
  facet normal 0.740978 -0.671529 0
    outer loop
      vertex -4.00491 -2.17529 38
      vertex -3.91924 -2.08076 2
      vertex -3.91924 -2.08076 38
    endloop
  endfacet
  facet normal 0.740978 -0.671529 0
    outer loop
      vertex -3.91924 -2.08076 2
      vertex -4.00491 -2.17529 38
      vertex -4.00491 -2.17529 2
    endloop
  endfacet
  facet normal 0.857707 -0.514138 0
    outer loop
      vertex -4.1465 -2.38718 38
      vertex -4.08091 -2.27776 2
      vertex -4.08091 -2.27776 38
    endloop
  endfacet
  facet normal 0.857707 -0.514138 0
    outer loop
      vertex -4.08091 -2.27776 2
      vertex -4.1465 -2.38718 38
      vertex -4.1465 -2.38718 2
    endloop
  endfacet
  facet normal -0.14673 0.989177 0
    outer loop
      vertex -2.74638 -4.27502 2
      vertex -2.87258 -4.29374 38
      vertex -2.74638 -4.27502 38
    endloop
  endfacet
  facet normal -0.14673 0.989177 0
    outer loop
      vertex -2.87258 -4.29374 38
      vertex -2.74638 -4.27502 2
      vertex -2.87258 -4.29374 2
    endloop
  endfacet
  facet normal -0.857707 -0.514138 0
    outer loop
      vertex -1.8535 -2.38718 2
      vertex -1.91909 -2.27776 38
      vertex -1.91909 -2.27776 2
    endloop
  endfacet
  facet normal -0.857707 -0.514138 0
    outer loop
      vertex -1.91909 -2.27776 38
      vertex -1.8535 -2.38718 2
      vertex -1.8535 -2.38718 38
    endloop
  endfacet
  facet normal -0.941543 -0.336892 0
    outer loop
      vertex -1.75598 -2.62263 2
      vertex -1.79896 -2.50251 38
      vertex -1.79896 -2.50251 2
    endloop
  endfacet
  facet normal -0.941543 -0.336892 0
    outer loop
      vertex -1.79896 -2.50251 38
      vertex -1.75598 -2.62263 2
      vertex -1.75598 -2.62263 38
    endloop
  endfacet
  facet normal -0.671529 -0.740978 0
    outer loop
      vertex -2.17529 -1.99509 2
      vertex -2.08076 -2.08076 38
      vertex -2.17529 -1.99509 38
    endloop
  endfacet
  facet normal -0.671529 -0.740978 -0
    outer loop
      vertex -2.08076 -2.08076 38
      vertex -2.17529 -1.99509 2
      vertex -2.08076 -2.08076 2
    endloop
  endfacet
  facet normal -0.970027 0.242997 0
    outer loop
      vertex -1.75598 -3.37737 2
      vertex -1.72498 -3.25362 38
      vertex -1.72498 -3.25362 2
    endloop
  endfacet
  facet normal -0.970027 0.242997 0
    outer loop
      vertex -1.72498 -3.25362 38
      vertex -1.75598 -3.37737 2
      vertex -1.75598 -3.37737 38
    endloop
  endfacet
  facet normal 0.42754 -0.903996 0
    outer loop
      vertex -3.61281 -1.8535 2
      vertex -3.49749 -1.79896 38
      vertex -3.61281 -1.8535 38
    endloop
  endfacet
  facet normal 0.42754 -0.903996 0
    outer loop
      vertex -3.49749 -1.79896 38
      vertex -3.61281 -1.8535 2
      vertex -3.49749 -1.79896 2
    endloop
  endfacet
  facet normal -0.336892 -0.941543 0
    outer loop
      vertex -2.62263 -1.75598 2
      vertex -2.50251 -1.79896 38
      vertex -2.62263 -1.75598 38
    endloop
  endfacet
  facet normal -0.336892 -0.941543 -0
    outer loop
      vertex -2.50251 -1.79896 38
      vertex -2.62263 -1.75598 2
      vertex -2.50251 -1.79896 2
    endloop
  endfacet
  facet normal 0.242997 -0.970027 0
    outer loop
      vertex -3.37737 -1.75598 2
      vertex -3.25362 -1.72498 38
      vertex -3.37737 -1.75598 38
    endloop
  endfacet
  facet normal 0.242997 -0.970027 0
    outer loop
      vertex -3.25362 -1.72498 38
      vertex -3.37737 -1.75598 2
      vertex -3.25362 -1.72498 2
    endloop
  endfacet
  facet normal -0.857728 0.514104 0
    outer loop
      vertex -1.91909 -3.72224 2
      vertex -1.8535 -3.61281 38
      vertex -1.8535 -3.61281 2
    endloop
  endfacet
  facet normal -0.857728 0.514104 0
    outer loop
      vertex -1.8535 -3.61281 38
      vertex -1.91909 -3.72224 2
      vertex -1.91909 -3.72224 38
    endloop
  endfacet
  facet normal -0.42751 -0.904011 0
    outer loop
      vertex -2.50251 -1.79896 2
      vertex -2.38718 -1.8535 38
      vertex -2.50251 -1.79896 38
    endloop
  endfacet
  facet normal -0.42751 -0.904011 -0
    outer loop
      vertex -2.38718 -1.8535 38
      vertex -2.50251 -1.79896 2
      vertex -2.38718 -1.8535 2
    endloop
  endfacet
  facet normal -0.0490697 -0.998795 0
    outer loop
      vertex -3 -1.7 2
      vertex -2.87258 -1.70626 38
      vertex -3 -1.7 38
    endloop
  endfacet
  facet normal -0.0490697 -0.998795 -0
    outer loop
      vertex -2.87258 -1.70626 38
      vertex -3 -1.7 2
      vertex -2.87258 -1.70626 2
    endloop
  endfacet
  facet normal -0.941543 0.336892 0
    outer loop
      vertex -1.79896 -3.49749 2
      vertex -1.75598 -3.37737 38
      vertex -1.75598 -3.37737 2
    endloop
  endfacet
  facet normal -0.941543 0.336892 0
    outer loop
      vertex -1.75598 -3.37737 38
      vertex -1.79896 -3.49749 2
      vertex -1.79896 -3.49749 38
    endloop
  endfacet
  facet normal -0.242997 -0.970027 0
    outer loop
      vertex -2.74638 -1.72498 2
      vertex -2.62263 -1.75598 38
      vertex -2.74638 -1.72498 38
    endloop
  endfacet
  facet normal -0.242997 -0.970027 -0
    outer loop
      vertex -2.62263 -1.75598 38
      vertex -2.74638 -1.72498 2
      vertex -2.62263 -1.75598 2
    endloop
  endfacet
  facet normal -0.998795 0.0490697 0
    outer loop
      vertex -1.70626 -3.12742 2
      vertex -1.7 -3 38
      vertex -1.7 -3 2
    endloop
  endfacet
  facet normal -0.998795 0.0490697 0
    outer loop
      vertex -1.7 -3 38
      vertex -1.70626 -3.12742 2
      vertex -1.70626 -3.12742 38
    endloop
  endfacet
  facet normal 0.970027 -0.242997 0
    outer loop
      vertex -4.27502 -2.74638 38
      vertex -4.24402 -2.62263 2
      vertex -4.24402 -2.62263 38
    endloop
  endfacet
  facet normal 0.970027 -0.242997 0
    outer loop
      vertex -4.24402 -2.62263 2
      vertex -4.27502 -2.74638 38
      vertex -4.27502 -2.74638 2
    endloop
  endfacet
  facet normal 0.671529 -0.740978 0
    outer loop
      vertex -3.91924 -2.08076 2
      vertex -3.82471 -1.99509 38
      vertex -3.91924 -2.08076 38
    endloop
  endfacet
  facet normal 0.671529 -0.740978 0
    outer loop
      vertex -3.82471 -1.99509 38
      vertex -3.91924 -2.08076 2
      vertex -3.82471 -1.99509 2
    endloop
  endfacet
  facet normal 0.857728 0.514104 0
    outer loop
      vertex -4.08091 -3.72224 38
      vertex -4.1465 -3.61281 2
      vertex -4.1465 -3.61281 38
    endloop
  endfacet
  facet normal 0.857728 0.514104 0
    outer loop
      vertex -4.1465 -3.61281 2
      vertex -4.08091 -3.72224 38
      vertex -4.08091 -3.72224 2
    endloop
  endfacet
  facet normal 0.740978 0.671529 0
    outer loop
      vertex -3.91924 -3.91924 38
      vertex -4.00491 -3.82471 2
      vertex -4.00491 -3.82471 38
    endloop
  endfacet
  facet normal 0.740978 0.671529 0
    outer loop
      vertex -4.00491 -3.82471 2
      vertex -3.91924 -3.91924 38
      vertex -3.91924 -3.91924 2
    endloop
  endfacet
  facet normal 0.595715 0.803196 -0
    outer loop
      vertex -3.72224 -4.08091 2
      vertex -3.82471 -4.00491 38
      vertex -3.72224 -4.08091 38
    endloop
  endfacet
  facet normal 0.595715 0.803196 0
    outer loop
      vertex -3.82471 -4.00491 38
      vertex -3.72224 -4.08091 2
      vertex -3.82471 -4.00491 2
    endloop
  endfacet
  facet normal 0.989177 0.14673 0
    outer loop
      vertex -4.27502 -3.25362 38
      vertex -4.29374 -3.12742 2
      vertex -4.29374 -3.12742 38
    endloop
  endfacet
  facet normal 0.989177 0.14673 0
    outer loop
      vertex -4.29374 -3.12742 2
      vertex -4.27502 -3.25362 38
      vertex -4.27502 -3.25362 2
    endloop
  endfacet
  facet normal 0.803196 0.595715 0
    outer loop
      vertex -4.00491 -3.82471 38
      vertex -4.08091 -3.72224 2
      vertex -4.08091 -3.72224 38
    endloop
  endfacet
  facet normal 0.803196 0.595715 0
    outer loop
      vertex -4.08091 -3.72224 2
      vertex -4.00491 -3.82471 38
      vertex -4.00491 -3.82471 2
    endloop
  endfacet
  facet normal -0.336892 0.941543 0
    outer loop
      vertex -2.50251 -4.20104 2
      vertex -2.62263 -4.24402 38
      vertex -2.50251 -4.20104 38
    endloop
  endfacet
  facet normal -0.336892 0.941543 0
    outer loop
      vertex -2.62263 -4.24402 38
      vertex -2.50251 -4.20104 2
      vertex -2.62263 -4.24402 2
    endloop
  endfacet
  facet normal 0.998795 0.0490697 0
    outer loop
      vertex -4.29374 -3.12742 38
      vertex -4.3 -3 2
      vertex -4.3 -3 38
    endloop
  endfacet
  facet normal 0.998795 0.0490697 0
    outer loop
      vertex -4.3 -3 2
      vertex -4.29374 -3.12742 38
      vertex -4.29374 -3.12742 2
    endloop
  endfacet
  facet normal 0.803196 -0.595715 0
    outer loop
      vertex -4.08091 -2.27776 38
      vertex -4.00491 -2.17529 2
      vertex -4.00491 -2.17529 38
    endloop
  endfacet
  facet normal 0.803196 -0.595715 0
    outer loop
      vertex -4.00491 -2.17529 2
      vertex -4.08091 -2.27776 38
      vertex -4.08091 -2.27776 2
    endloop
  endfacet
  facet normal -0.595715 0.803196 0
    outer loop
      vertex -2.17529 -4.00491 2
      vertex -2.27776 -4.08091 38
      vertex -2.17529 -4.00491 38
    endloop
  endfacet
  facet normal -0.595715 0.803196 0
    outer loop
      vertex -2.27776 -4.08091 38
      vertex -2.17529 -4.00491 2
      vertex -2.27776 -4.08091 2
    endloop
  endfacet
  facet normal -0.740978 -0.671529 0
    outer loop
      vertex -1.99509 -2.17529 2
      vertex -2.08076 -2.08076 38
      vertex -2.08076 -2.08076 2
    endloop
  endfacet
  facet normal -0.740978 -0.671529 0
    outer loop
      vertex -2.08076 -2.08076 38
      vertex -1.99509 -2.17529 2
      vertex -1.99509 -2.17529 38
    endloop
  endfacet
  facet normal 0.904011 -0.42751 0
    outer loop
      vertex -4.20104 -2.50251 38
      vertex -4.1465 -2.38718 2
      vertex -4.1465 -2.38718 38
    endloop
  endfacet
  facet normal 0.904011 -0.42751 0
    outer loop
      vertex -4.1465 -2.38718 2
      vertex -4.20104 -2.50251 38
      vertex -4.20104 -2.50251 2
    endloop
  endfacet
  facet normal 0.336892 0.941543 -0
    outer loop
      vertex -3.37737 -4.24402 2
      vertex -3.49749 -4.20104 38
      vertex -3.37737 -4.24402 38
    endloop
  endfacet
  facet normal 0.336892 0.941543 0
    outer loop
      vertex -3.49749 -4.20104 38
      vertex -3.37737 -4.24402 2
      vertex -3.49749 -4.20104 2
    endloop
  endfacet
  facet normal 0.0490697 0.998795 -0
    outer loop
      vertex -3 -4.3 2
      vertex -3.12742 -4.29374 38
      vertex -3 -4.3 38
    endloop
  endfacet
  facet normal 0.0490697 0.998795 0
    outer loop
      vertex -3.12742 -4.29374 38
      vertex -3 -4.3 2
      vertex -3.12742 -4.29374 2
    endloop
  endfacet
  facet normal 0.998795 -0.0490697 0
    outer loop
      vertex -4.3 -3 38
      vertex -4.29374 -2.87258 2
      vertex -4.29374 -2.87258 38
    endloop
  endfacet
  facet normal 0.998795 -0.0490697 0
    outer loop
      vertex -4.29374 -2.87258 2
      vertex -4.3 -3 38
      vertex -4.3 -3 2
    endloop
  endfacet
  facet normal 0.671529 0.740978 -0
    outer loop
      vertex -3.82471 -4.00491 2
      vertex -3.91924 -3.91924 38
      vertex -3.82471 -4.00491 38
    endloop
  endfacet
  facet normal 0.671529 0.740978 0
    outer loop
      vertex -3.91924 -3.91924 38
      vertex -3.82471 -4.00491 2
      vertex -3.91924 -3.91924 2
    endloop
  endfacet
  facet normal -0.740978 0.671529 0
    outer loop
      vertex -2.08076 -3.91924 2
      vertex -1.99509 -3.82471 38
      vertex -1.99509 -3.82471 2
    endloop
  endfacet
  facet normal -0.740978 0.671529 0
    outer loop
      vertex -1.99509 -3.82471 38
      vertex -2.08076 -3.91924 2
      vertex -2.08076 -3.91924 38
    endloop
  endfacet
  facet normal -0.671529 0.740978 0
    outer loop
      vertex -2.08076 -3.91924 2
      vertex -2.17529 -4.00491 38
      vertex -2.08076 -3.91924 38
    endloop
  endfacet
  facet normal -0.671529 0.740978 0
    outer loop
      vertex -2.17529 -4.00491 38
      vertex -2.08076 -3.91924 2
      vertex -2.17529 -4.00491 2
    endloop
  endfacet
  facet normal -0.988856 -0.148877 0
    outer loop
      vertex 159.894 -2.87258 2
      vertex 159.875 -2.74638 38
      vertex 159.875 -2.74638 2
    endloop
  endfacet
  facet normal -0.988856 -0.148877 0
    outer loop
      vertex 159.875 -2.74638 38
      vertex 159.894 -2.87258 2
      vertex 159.894 -2.87258 38
    endloop
  endfacet
  facet normal -0.998893 -0.0470363 0
    outer loop
      vertex 159.9 -3 2
      vertex 159.894 -2.87258 38
      vertex 159.894 -2.87258 2
    endloop
  endfacet
  facet normal -0.998893 -0.0470363 0
    outer loop
      vertex 159.894 -2.87258 38
      vertex 159.9 -3 2
      vertex 159.9 -3 38
    endloop
  endfacet
  facet normal -0.970027 -0.242997 0
    outer loop
      vertex 159.875 -2.74638 2
      vertex 159.844 -2.62263 38
      vertex 159.844 -2.62263 2
    endloop
  endfacet
  facet normal -0.970027 -0.242997 0
    outer loop
      vertex 159.844 -2.62263 38
      vertex 159.875 -2.74638 2
      vertex 159.875 -2.74638 38
    endloop
  endfacet
  facet normal 0 0 1
    outer loop
      vertex 159.894 -2.87258 2
      vertex 159.894 -3.12742 2
      vertex 159.9 -3 2
    endloop
  endfacet
  facet normal 0 0 1
    outer loop
      vertex 159.875 -2.74638 2
      vertex 159.894 -3.12742 2
      vertex 159.894 -2.87258 2
    endloop
  endfacet
  facet normal 0 0 1
    outer loop
      vertex 159.875 -2.74638 2
      vertex 159.875 -3.25362 2
      vertex 159.894 -3.12742 2
    endloop
  endfacet
  facet normal 0 0 1
    outer loop
      vertex 159.844 -2.62263 2
      vertex 159.875 -3.25362 2
      vertex 159.875 -2.74638 2
    endloop
  endfacet
  facet normal 0 0 1
    outer loop
      vertex 159.844 -2.62263 2
      vertex 159.844 -3.37737 2
      vertex 159.875 -3.25362 2
    endloop
  endfacet
  facet normal 0 0 1
    outer loop
      vertex 159.801 -2.50251 2
      vertex 159.844 -3.37737 2
      vertex 159.844 -2.62263 2
    endloop
  endfacet
  facet normal 0 0 1
    outer loop
      vertex 159.801 -2.50251 2
      vertex 159.801 -3.49749 2
      vertex 159.844 -3.37737 2
    endloop
  endfacet
  facet normal 0 0 1
    outer loop
      vertex 159.746 -2.38718 2
      vertex 159.801 -3.49749 2
      vertex 159.801 -2.50251 2
    endloop
  endfacet
  facet normal 0 0 1
    outer loop
      vertex 159.746 -2.38718 2
      vertex 159.746 -3.61281 2
      vertex 159.801 -3.49749 2
    endloop
  endfacet
  facet normal 0 0 1
    outer loop
      vertex 159.681 -2.27776 2
      vertex 159.746 -3.61281 2
      vertex 159.746 -2.38718 2
    endloop
  endfacet
  facet normal 0 0 1
    outer loop
      vertex 159.681 -2.27776 2
      vertex 159.681 -3.72224 2
      vertex 159.746 -3.61281 2
    endloop
  endfacet
  facet normal 0 0 1
    outer loop
      vertex 159.605 -2.17529 2
      vertex 159.681 -3.72224 2
      vertex 159.681 -2.27776 2
    endloop
  endfacet
  facet normal 0 0 1
    outer loop
      vertex 159.605 -2.17529 2
      vertex 159.605 -3.82471 2
      vertex 159.681 -3.72224 2
    endloop
  endfacet
  facet normal 0 0 1
    outer loop
      vertex 159.519 -2.08076 2
      vertex 159.605 -3.82471 2
      vertex 159.605 -2.17529 2
    endloop
  endfacet
  facet normal 0 0 1
    outer loop
      vertex 159.519 -2.08076 2
      vertex 159.519 -3.91924 2
      vertex 159.605 -3.82471 2
    endloop
  endfacet
  facet normal 0 0 1
    outer loop
      vertex 159.425 -1.99509 2
      vertex 159.519 -3.91924 2
      vertex 159.519 -2.08076 2
    endloop
  endfacet
  facet normal 0 0 1
    outer loop
      vertex 159.425 -1.99509 2
      vertex 159.425 -4.00491 2
      vertex 159.519 -3.91924 2
    endloop
  endfacet
  facet normal 0 0 1
    outer loop
      vertex 159.322 -1.91909 2
      vertex 159.425 -4.00491 2
      vertex 159.425 -1.99509 2
    endloop
  endfacet
  facet normal 0 0 1
    outer loop
      vertex 159.322 -1.91909 2
      vertex 159.322 -4.08091 2
      vertex 159.425 -4.00491 2
    endloop
  endfacet
  facet normal 0 0 1
    outer loop
      vertex 159.213 -1.8535 2
      vertex 159.322 -4.08091 2
      vertex 159.322 -1.91909 2
    endloop
  endfacet
  facet normal 0 0 1
    outer loop
      vertex 159.213 -1.8535 2
      vertex 159.213 -4.1465 2
      vertex 159.322 -4.08091 2
    endloop
  endfacet
  facet normal 0 0 1
    outer loop
      vertex 159.097 -1.79896 2
      vertex 159.213 -4.1465 2
      vertex 159.213 -1.8535 2
    endloop
  endfacet
  facet normal 0 0 1
    outer loop
      vertex 159.097 -1.79896 2
      vertex 159.097 -4.20104 2
      vertex 159.213 -4.1465 2
    endloop
  endfacet
  facet normal 0 0 1
    outer loop
      vertex 158.977 -1.75598 2
      vertex 159.097 -4.20104 2
      vertex 159.097 -1.79896 2
    endloop
  endfacet
  facet normal 0 0 1
    outer loop
      vertex 158.977 -1.75598 2
      vertex 158.977 -4.24402 2
      vertex 159.097 -4.20104 2
    endloop
  endfacet
  facet normal 0 0 1
    outer loop
      vertex 158.854 -1.72498 2
      vertex 158.977 -4.24402 2
      vertex 158.977 -1.75598 2
    endloop
  endfacet
  facet normal 0 0 1
    outer loop
      vertex 158.854 -1.72498 2
      vertex 158.854 -4.27502 2
      vertex 158.977 -4.24402 2
    endloop
  endfacet
  facet normal 0 0 1
    outer loop
      vertex 158.727 -1.70626 2
      vertex 158.854 -4.27502 2
      vertex 158.854 -1.72498 2
    endloop
  endfacet
  facet normal 0 0 1
    outer loop
      vertex 158.727 -1.70626 2
      vertex 158.727 -4.29374 2
      vertex 158.854 -4.27502 2
    endloop
  endfacet
  facet normal 0 0 1
    outer loop
      vertex 158.6 -1.7 2
      vertex 158.727 -4.29374 2
      vertex 158.727 -1.70626 2
    endloop
  endfacet
  facet normal 0 0 1
    outer loop
      vertex 158.6 -1.7 2
      vertex 158.6 -4.3 2
      vertex 158.727 -4.29374 2
    endloop
  endfacet
  facet normal -0 0 1
    outer loop
      vertex 158.473 -1.70626 2
      vertex 158.6 -4.3 2
      vertex 158.6 -1.7 2
    endloop
  endfacet
  facet normal 0 0 1
    outer loop
      vertex 158.473 -1.70626 2
      vertex 158.473 -4.29374 2
      vertex 158.6 -4.3 2
    endloop
  endfacet
  facet normal -0 0 1
    outer loop
      vertex 158.346 -1.72498 2
      vertex 158.473 -4.29374 2
      vertex 158.473 -1.70626 2
    endloop
  endfacet
  facet normal 0 0 1
    outer loop
      vertex 158.346 -1.72498 2
      vertex 158.346 -4.27502 2
      vertex 158.473 -4.29374 2
    endloop
  endfacet
  facet normal -0 0 1
    outer loop
      vertex 158.223 -1.75598 2
      vertex 158.346 -4.27502 2
      vertex 158.346 -1.72498 2
    endloop
  endfacet
  facet normal 0 0 1
    outer loop
      vertex 158.223 -1.75598 2
      vertex 158.223 -4.24402 2
      vertex 158.346 -4.27502 2
    endloop
  endfacet
  facet normal -0 0 1
    outer loop
      vertex 158.103 -1.79896 2
      vertex 158.223 -4.24402 2
      vertex 158.223 -1.75598 2
    endloop
  endfacet
  facet normal 0 0 1
    outer loop
      vertex 158.103 -1.79896 2
      vertex 158.103 -4.20104 2
      vertex 158.223 -4.24402 2
    endloop
  endfacet
  facet normal -0 0 1
    outer loop
      vertex 157.987 -1.8535 2
      vertex 158.103 -4.20104 2
      vertex 158.103 -1.79896 2
    endloop
  endfacet
  facet normal 0 0 1
    outer loop
      vertex 157.987 -1.8535 2
      vertex 157.987 -4.1465 2
      vertex 158.103 -4.20104 2
    endloop
  endfacet
  facet normal -0 0 1
    outer loop
      vertex 157.878 -1.91909 2
      vertex 157.987 -4.1465 2
      vertex 157.987 -1.8535 2
    endloop
  endfacet
  facet normal 0 0 1
    outer loop
      vertex 157.878 -1.91909 2
      vertex 157.878 -4.08091 2
      vertex 157.987 -4.1465 2
    endloop
  endfacet
  facet normal -0 0 1
    outer loop
      vertex 157.775 -1.99509 2
      vertex 157.878 -4.08091 2
      vertex 157.878 -1.91909 2
    endloop
  endfacet
  facet normal 0 0 1
    outer loop
      vertex 157.775 -1.99509 2
      vertex 157.775 -4.00491 2
      vertex 157.878 -4.08091 2
    endloop
  endfacet
  facet normal -0 0 1
    outer loop
      vertex 157.681 -2.08076 2
      vertex 157.775 -4.00491 2
      vertex 157.775 -1.99509 2
    endloop
  endfacet
  facet normal 0 0 1
    outer loop
      vertex 157.681 -2.08076 2
      vertex 157.681 -3.91924 2
      vertex 157.775 -4.00491 2
    endloop
  endfacet
  facet normal -0 0 1
    outer loop
      vertex 157.595 -2.17529 2
      vertex 157.681 -3.91924 2
      vertex 157.681 -2.08076 2
    endloop
  endfacet
  facet normal 0 0 1
    outer loop
      vertex 157.595 -2.17529 2
      vertex 157.595 -3.82471 2
      vertex 157.681 -3.91924 2
    endloop
  endfacet
  facet normal -0 0 1
    outer loop
      vertex 157.519 -2.27776 2
      vertex 157.595 -3.82471 2
      vertex 157.595 -2.17529 2
    endloop
  endfacet
  facet normal 0 0 1
    outer loop
      vertex 157.519 -2.27776 2
      vertex 157.519 -3.72224 2
      vertex 157.595 -3.82471 2
    endloop
  endfacet
  facet normal -0 0 1
    outer loop
      vertex 157.454 -2.38718 2
      vertex 157.519 -3.72224 2
      vertex 157.519 -2.27776 2
    endloop
  endfacet
  facet normal 0 0 1
    outer loop
      vertex 157.454 -2.38718 2
      vertex 157.454 -3.61281 2
      vertex 157.519 -3.72224 2
    endloop
  endfacet
  facet normal -0 0 1
    outer loop
      vertex 157.399 -2.50251 2
      vertex 157.454 -3.61281 2
      vertex 157.454 -2.38718 2
    endloop
  endfacet
  facet normal 0 0 1
    outer loop
      vertex 157.399 -2.50251 2
      vertex 157.399 -3.49749 2
      vertex 157.454 -3.61281 2
    endloop
  endfacet
  facet normal -0 0 1
    outer loop
      vertex 157.356 -2.62263 2
      vertex 157.399 -3.49749 2
      vertex 157.399 -2.50251 2
    endloop
  endfacet
  facet normal 0 0 1
    outer loop
      vertex 157.356 -2.62263 2
      vertex 157.356 -3.37737 2
      vertex 157.399 -3.49749 2
    endloop
  endfacet
  facet normal -0 0 1
    outer loop
      vertex 157.325 -2.74638 2
      vertex 157.356 -3.37737 2
      vertex 157.356 -2.62263 2
    endloop
  endfacet
  facet normal 0 0 1
    outer loop
      vertex 157.325 -2.74638 2
      vertex 157.325 -3.25362 2
      vertex 157.356 -3.37737 2
    endloop
  endfacet
  facet normal -0 0 1
    outer loop
      vertex 157.306 -2.87258 2
      vertex 157.325 -3.25362 2
      vertex 157.325 -2.74638 2
    endloop
  endfacet
  facet normal 0 0 1
    outer loop
      vertex 157.306 -2.87258 2
      vertex 157.306 -3.12742 2
      vertex 157.325 -3.25362 2
    endloop
  endfacet
  facet normal 0 -0 1
    outer loop
      vertex 157.306 -3.12742 2
      vertex 157.306 -2.87258 2
      vertex 157.3 -3 2
    endloop
  endfacet
  facet normal 0.515594 0.856833 -0
    outer loop
      vertex 157.987 -4.1465 2
      vertex 157.878 -4.08091 38
      vertex 157.987 -4.1465 38
    endloop
  endfacet
  facet normal 0.515594 0.856833 0
    outer loop
      vertex 157.878 -4.08091 38
      vertex 157.987 -4.1465 2
      vertex 157.878 -4.08091 2
    endloop
  endfacet
  facet normal 0.515594 -0.856833 0
    outer loop
      vertex 157.878 -1.91909 2
      vertex 157.987 -1.8535 38
      vertex 157.878 -1.91909 38
    endloop
  endfacet
  facet normal 0.515594 -0.856833 0
    outer loop
      vertex 157.987 -1.8535 38
      vertex 157.878 -1.91909 2
      vertex 157.987 -1.8535 2
    endloop
  endfacet
  facet normal 0.941493 -0.337031 0
    outer loop
      vertex 157.356 -2.62263 38
      vertex 157.399 -2.50251 2
      vertex 157.399 -2.50251 38
    endloop
  endfacet
  facet normal 0.941493 -0.337031 0
    outer loop
      vertex 157.399 -2.50251 2
      vertex 157.356 -2.62263 38
      vertex 157.356 -2.62263 2
    endloop
  endfacet
  facet normal -0.337191 -0.941436 0
    outer loop
      vertex 158.977 -1.75598 2
      vertex 159.097 -1.79896 38
      vertex 158.977 -1.75598 38
    endloop
  endfacet
  facet normal -0.337191 -0.941436 -0
    outer loop
      vertex 159.097 -1.79896 38
      vertex 158.977 -1.75598 2
      vertex 159.097 -1.79896 2
    endloop
  endfacet
  facet normal 0.593732 0.804663 -0
    outer loop
      vertex 157.878 -4.08091 2
      vertex 157.775 -4.00491 38
      vertex 157.878 -4.08091 38
    endloop
  endfacet
  facet normal 0.593732 0.804663 0
    outer loop
      vertex 157.775 -4.00491 38
      vertex 157.878 -4.08091 2
      vertex 157.775 -4.00491 2
    endloop
  endfacet
  facet normal 0.941493 0.337031 0
    outer loop
      vertex 157.399 -3.49749 38
      vertex 157.356 -3.37737 2
      vertex 157.356 -3.37737 38
    endloop
  endfacet
  facet normal 0.941493 0.337031 0
    outer loop
      vertex 157.356 -3.37737 2
      vertex 157.399 -3.49749 38
      vertex 157.399 -3.49749 2
    endloop
  endfacet
  facet normal 0.145826 -0.98931 0
    outer loop
      vertex 158.346 -1.72498 2
      vertex 158.473 -1.70626 38
      vertex 158.346 -1.72498 38
    endloop
  endfacet
  facet normal 0.145826 -0.98931 0
    outer loop
      vertex 158.473 -1.70626 38
      vertex 158.346 -1.72498 2
      vertex 158.473 -1.70626 2
    endloop
  endfacet
  facet normal -0.145826 0.98931 0
    outer loop
      vertex 158.854 -4.27502 2
      vertex 158.727 -4.29374 38
      vertex 158.854 -4.27502 38
    endloop
  endfacet
  facet normal -0.145826 0.98931 0
    outer loop
      vertex 158.727 -4.29374 38
      vertex 158.854 -4.27502 2
      vertex 158.727 -4.29374 2
    endloop
  endfacet
  facet normal 0.6736 0.739096 -0
    outer loop
      vertex 157.775 -4.00491 2
      vertex 157.681 -3.91924 38
      vertex 157.775 -4.00491 38
    endloop
  endfacet
  facet normal 0.6736 0.739096 0
    outer loop
      vertex 157.681 -3.91924 38
      vertex 157.775 -4.00491 2
      vertex 157.681 -3.91924 2
    endloop
  endfacet
  facet normal 0.739692 -0.672945 0
    outer loop
      vertex 157.595 -2.17529 38
      vertex 157.681 -2.08076 2
      vertex 157.681 -2.08076 38
    endloop
  endfacet
  facet normal 0.739692 -0.672945 0
    outer loop
      vertex 157.681 -2.08076 2
      vertex 157.595 -2.17529 38
      vertex 157.595 -2.17529 2
    endloop
  endfacet
  facet normal -0.425489 0.904964 0
    outer loop
      vertex 159.213 -4.1465 2
      vertex 159.097 -4.20104 38
      vertex 159.213 -4.1465 38
    endloop
  endfacet
  facet normal -0.425489 0.904964 0
    outer loop
      vertex 159.097 -4.20104 38
      vertex 159.213 -4.1465 2
      vertex 159.097 -4.20104 2
    endloop
  endfacet
  facet normal -0.739692 0.672945 0
    outer loop
      vertex 159.519 -3.91924 2
      vertex 159.605 -3.82471 38
      vertex 159.605 -3.82471 2
    endloop
  endfacet
  facet normal -0.739692 0.672945 0
    outer loop
      vertex 159.605 -3.82471 38
      vertex 159.519 -3.91924 2
      vertex 159.519 -3.91924 38
    endloop
  endfacet
  facet normal -0.337191 0.941436 0
    outer loop
      vertex 159.097 -4.20104 2
      vertex 158.977 -4.24402 38
      vertex 159.097 -4.20104 38
    endloop
  endfacet
  facet normal -0.337191 0.941436 0
    outer loop
      vertex 158.977 -4.24402 38
      vertex 159.097 -4.20104 2
      vertex 158.977 -4.24402 2
    endloop
  endfacet
  facet normal -0.988856 0.148877 0
    outer loop
      vertex 159.875 -3.25362 2
      vertex 159.894 -3.12742 38
      vertex 159.894 -3.12742 2
    endloop
  endfacet
  facet normal -0.988856 0.148877 0
    outer loop
      vertex 159.894 -3.12742 38
      vertex 159.875 -3.25362 2
      vertex 159.875 -3.25362 38
    endloop
  endfacet
  facet normal -0.0492316 -0.998787 0
    outer loop
      vertex 158.6 -1.7 2
      vertex 158.727 -1.70626 38
      vertex 158.6 -1.7 38
    endloop
  endfacet
  facet normal -0.0492316 -0.998787 -0
    outer loop
      vertex 158.727 -1.70626 38
      vertex 158.6 -1.7 2
      vertex 158.727 -1.70626 2
    endloop
  endfacet
  facet normal -0.425489 -0.904964 0
    outer loop
      vertex 159.097 -1.79896 2
      vertex 159.213 -1.8535 38
      vertex 159.097 -1.79896 38
    endloop
  endfacet
  facet normal -0.425489 -0.904964 -0
    outer loop
      vertex 159.213 -1.8535 38
      vertex 159.097 -1.79896 2
      vertex 159.213 -1.8535 2
    endloop
  endfacet
  facet normal 0.425489 -0.904964 0
    outer loop
      vertex 157.987 -1.8535 2
      vertex 158.103 -1.79896 38
      vertex 157.987 -1.8535 38
    endloop
  endfacet
  facet normal 0.425489 -0.904964 0
    outer loop
      vertex 158.103 -1.79896 38
      vertex 157.987 -1.8535 2
      vertex 158.103 -1.79896 2
    endloop
  endfacet
  facet normal 0.859765 0.510689 0
    outer loop
      vertex 157.519 -3.72224 38
      vertex 157.454 -3.61281 2
      vertex 157.454 -3.61281 38
    endloop
  endfacet
  facet normal 0.859765 0.510689 0
    outer loop
      vertex 157.454 -3.61281 2
      vertex 157.519 -3.72224 38
      vertex 157.519 -3.72224 2
    endloop
  endfacet
  facet normal 0.24439 0.969677 -0
    outer loop
      vertex 158.346 -4.27502 2
      vertex 158.223 -4.24402 38
      vertex 158.346 -4.27502 38
    endloop
  endfacet
  facet normal 0.24439 0.969677 0
    outer loop
      vertex 158.223 -4.24402 38
      vertex 158.346 -4.27502 2
      vertex 158.223 -4.24402 2
    endloop
  endfacet
  facet normal 0.970027 0.242997 0
    outer loop
      vertex 157.356 -3.37737 38
      vertex 157.325 -3.25362 2
      vertex 157.325 -3.25362 38
    endloop
  endfacet
  facet normal 0.970027 0.242997 0
    outer loop
      vertex 157.325 -3.25362 2
      vertex 157.356 -3.37737 38
      vertex 157.356 -3.37737 2
    endloop
  endfacet
  facet normal -0.970027 0.242997 0
    outer loop
      vertex 159.844 -3.37737 2
      vertex 159.875 -3.25362 38
      vertex 159.875 -3.25362 2
    endloop
  endfacet
  facet normal -0.970027 0.242997 0
    outer loop
      vertex 159.875 -3.25362 38
      vertex 159.844 -3.37737 2
      vertex 159.844 -3.37737 38
    endloop
  endfacet
  facet normal 0.337191 -0.941436 0
    outer loop
      vertex 158.103 -1.79896 2
      vertex 158.223 -1.75598 38
      vertex 158.103 -1.79896 38
    endloop
  endfacet
  facet normal 0.337191 -0.941436 0
    outer loop
      vertex 158.223 -1.75598 38
      vertex 158.103 -1.79896 2
      vertex 158.223 -1.75598 2
    endloop
  endfacet
  facet normal 0.593732 -0.804663 0
    outer loop
      vertex 157.775 -1.99509 2
      vertex 157.878 -1.91909 38
      vertex 157.775 -1.99509 38
    endloop
  endfacet
  facet normal 0.593732 -0.804663 0
    outer loop
      vertex 157.878 -1.91909 38
      vertex 157.775 -1.99509 2
      vertex 157.878 -1.91909 2
    endloop
  endfacet
  facet normal -0.24439 0.969677 0
    outer loop
      vertex 158.977 -4.24402 2
      vertex 158.854 -4.27502 38
      vertex 158.977 -4.24402 38
    endloop
  endfacet
  facet normal -0.24439 0.969677 0
    outer loop
      vertex 158.854 -4.27502 38
      vertex 158.977 -4.24402 2
      vertex 158.854 -4.27502 2
    endloop
  endfacet
  facet normal 0.24439 -0.969677 0
    outer loop
      vertex 158.223 -1.75598 2
      vertex 158.346 -1.72498 38
      vertex 158.223 -1.75598 38
    endloop
  endfacet
  facet normal 0.24439 -0.969677 0
    outer loop
      vertex 158.346 -1.72498 38
      vertex 158.223 -1.75598 2
      vertex 158.346 -1.72498 2
    endloop
  endfacet
  facet normal -0.803196 -0.595715 0
    outer loop
      vertex 159.681 -2.27776 2
      vertex 159.605 -2.17529 38
      vertex 159.605 -2.17529 2
    endloop
  endfacet
  facet normal -0.803196 -0.595715 0
    outer loop
      vertex 159.605 -2.17529 38
      vertex 159.681 -2.27776 2
      vertex 159.681 -2.27776 38
    endloop
  endfacet
  facet normal 0.859745 -0.510724 0
    outer loop
      vertex 157.454 -2.38718 38
      vertex 157.519 -2.27776 2
      vertex 157.519 -2.27776 38
    endloop
  endfacet
  facet normal 0.859745 -0.510724 0
    outer loop
      vertex 157.519 -2.27776 2
      vertex 157.454 -2.38718 38
      vertex 157.454 -2.38718 2
    endloop
  endfacet
  facet normal -0.145826 -0.98931 0
    outer loop
      vertex 158.727 -1.70626 2
      vertex 158.854 -1.72498 38
      vertex 158.727 -1.70626 38
    endloop
  endfacet
  facet normal -0.145826 -0.98931 -0
    outer loop
      vertex 158.854 -1.72498 38
      vertex 158.727 -1.70626 2
      vertex 158.854 -1.72498 2
    endloop
  endfacet
  facet normal -0.998893 0.0470363 0
    outer loop
      vertex 159.894 -3.12742 2
      vertex 159.9 -3 38
      vertex 159.9 -3 2
    endloop
  endfacet
  facet normal -0.998893 0.0470363 0
    outer loop
      vertex 159.9 -3 38
      vertex 159.894 -3.12742 2
      vertex 159.894 -3.12742 38
    endloop
  endfacet
  facet normal -0.859765 0.510689 0
    outer loop
      vertex 159.681 -3.72224 2
      vertex 159.746 -3.61281 38
      vertex 159.746 -3.61281 2
    endloop
  endfacet
  facet normal -0.859765 0.510689 0
    outer loop
      vertex 159.746 -3.61281 38
      vertex 159.681 -3.72224 2
      vertex 159.681 -3.72224 38
    endloop
  endfacet
  facet normal -0.24439 -0.969677 0
    outer loop
      vertex 158.854 -1.72498 2
      vertex 158.977 -1.75598 38
      vertex 158.854 -1.72498 38
    endloop
  endfacet
  facet normal -0.24439 -0.969677 -0
    outer loop
      vertex 158.977 -1.75598 38
      vertex 158.854 -1.72498 2
      vertex 158.977 -1.75598 2
    endloop
  endfacet
  facet normal -0.593732 -0.804663 0
    outer loop
      vertex 159.322 -1.91909 2
      vertex 159.425 -1.99509 38
      vertex 159.322 -1.91909 38
    endloop
  endfacet
  facet normal -0.593732 -0.804663 -0
    outer loop
      vertex 159.425 -1.99509 38
      vertex 159.322 -1.91909 2
      vertex 159.425 -1.99509 2
    endloop
  endfacet
  facet normal -0.515594 -0.856833 0
    outer loop
      vertex 159.213 -1.8535 2
      vertex 159.322 -1.91909 38
      vertex 159.213 -1.8535 38
    endloop
  endfacet
  facet normal -0.515594 -0.856833 -0
    outer loop
      vertex 159.322 -1.91909 38
      vertex 159.213 -1.8535 2
      vertex 159.322 -1.91909 2
    endloop
  endfacet
  facet normal -0.0492316 0.998787 0
    outer loop
      vertex 158.727 -4.29374 2
      vertex 158.6 -4.3 38
      vertex 158.727 -4.29374 38
    endloop
  endfacet
  facet normal -0.0492316 0.998787 0
    outer loop
      vertex 158.6 -4.3 38
      vertex 158.727 -4.29374 2
      vertex 158.6 -4.3 2
    endloop
  endfacet
  facet normal -0.941493 -0.337031 0
    outer loop
      vertex 159.844 -2.62263 2
      vertex 159.801 -2.50251 38
      vertex 159.801 -2.50251 2
    endloop
  endfacet
  facet normal -0.941493 -0.337031 0
    outer loop
      vertex 159.801 -2.50251 38
      vertex 159.844 -2.62263 2
      vertex 159.844 -2.62263 38
    endloop
  endfacet
  facet normal -0.803196 0.595715 0
    outer loop
      vertex 159.605 -3.82471 2
      vertex 159.681 -3.72224 38
      vertex 159.681 -3.72224 2
    endloop
  endfacet
  facet normal -0.803196 0.595715 0
    outer loop
      vertex 159.681 -3.72224 38
      vertex 159.605 -3.82471 2
      vertex 159.605 -3.82471 38
    endloop
  endfacet
  facet normal -0.739692 -0.672945 0
    outer loop
      vertex 159.605 -2.17529 2
      vertex 159.519 -2.08076 38
      vertex 159.519 -2.08076 2
    endloop
  endfacet
  facet normal -0.739692 -0.672945 0
    outer loop
      vertex 159.519 -2.08076 38
      vertex 159.605 -2.17529 2
      vertex 159.605 -2.17529 38
    endloop
  endfacet
  facet normal -0.902614 -0.43045 0
    outer loop
      vertex 159.801 -2.50251 2
      vertex 159.746 -2.38718 38
      vertex 159.746 -2.38718 2
    endloop
  endfacet
  facet normal -0.902614 -0.43045 0
    outer loop
      vertex 159.746 -2.38718 38
      vertex 159.801 -2.50251 2
      vertex 159.801 -2.50251 38
    endloop
  endfacet
  facet normal -0.593732 0.804663 0
    outer loop
      vertex 159.425 -4.00491 2
      vertex 159.322 -4.08091 38
      vertex 159.425 -4.00491 38
    endloop
  endfacet
  facet normal -0.593732 0.804663 0
    outer loop
      vertex 159.322 -4.08091 38
      vertex 159.425 -4.00491 2
      vertex 159.322 -4.08091 2
    endloop
  endfacet
  facet normal -0.859745 -0.510724 0
    outer loop
      vertex 159.746 -2.38718 2
      vertex 159.681 -2.27776 38
      vertex 159.681 -2.27776 2
    endloop
  endfacet
  facet normal -0.859745 -0.510724 0
    outer loop
      vertex 159.681 -2.27776 38
      vertex 159.746 -2.38718 2
      vertex 159.746 -2.38718 38
    endloop
  endfacet
  facet normal 0.6736 -0.739096 0
    outer loop
      vertex 157.681 -2.08076 2
      vertex 157.775 -1.99509 38
      vertex 157.681 -2.08076 38
    endloop
  endfacet
  facet normal 0.6736 -0.739096 0
    outer loop
      vertex 157.775 -1.99509 38
      vertex 157.681 -2.08076 2
      vertex 157.775 -1.99509 2
    endloop
  endfacet
  facet normal -0.6736 -0.739096 0
    outer loop
      vertex 159.425 -1.99509 2
      vertex 159.519 -2.08076 38
      vertex 159.425 -1.99509 38
    endloop
  endfacet
  facet normal -0.6736 -0.739096 -0
    outer loop
      vertex 159.519 -2.08076 38
      vertex 159.425 -1.99509 2
      vertex 159.519 -2.08076 2
    endloop
  endfacet
  facet normal 0.0492316 -0.998787 0
    outer loop
      vertex 158.473 -1.70626 2
      vertex 158.6 -1.7 38
      vertex 158.473 -1.70626 38
    endloop
  endfacet
  facet normal 0.0492316 -0.998787 0
    outer loop
      vertex 158.6 -1.7 38
      vertex 158.473 -1.70626 2
      vertex 158.6 -1.7 2
    endloop
  endfacet
  facet normal -0.941493 0.337031 0
    outer loop
      vertex 159.801 -3.49749 2
      vertex 159.844 -3.37737 38
      vertex 159.844 -3.37737 2
    endloop
  endfacet
  facet normal -0.941493 0.337031 0
    outer loop
      vertex 159.844 -3.37737 38
      vertex 159.801 -3.49749 2
      vertex 159.801 -3.49749 38
    endloop
  endfacet
  facet normal 0.739692 0.672945 0
    outer loop
      vertex 157.681 -3.91924 38
      vertex 157.595 -3.82471 2
      vertex 157.595 -3.82471 38
    endloop
  endfacet
  facet normal 0.739692 0.672945 0
    outer loop
      vertex 157.595 -3.82471 2
      vertex 157.681 -3.91924 38
      vertex 157.681 -3.91924 2
    endloop
  endfacet
  facet normal 0.988856 0.148877 0
    outer loop
      vertex 157.325 -3.25362 38
      vertex 157.306 -3.12742 2
      vertex 157.306 -3.12742 38
    endloop
  endfacet
  facet normal 0.988856 0.148877 0
    outer loop
      vertex 157.306 -3.12742 2
      vertex 157.325 -3.25362 38
      vertex 157.325 -3.25362 2
    endloop
  endfacet
  facet normal 0.803196 0.595715 0
    outer loop
      vertex 157.595 -3.82471 38
      vertex 157.519 -3.72224 2
      vertex 157.519 -3.72224 38
    endloop
  endfacet
  facet normal 0.803196 0.595715 0
    outer loop
      vertex 157.519 -3.72224 2
      vertex 157.595 -3.82471 38
      vertex 157.595 -3.82471 2
    endloop
  endfacet
  facet normal -0.9026 0.43048 0
    outer loop
      vertex 159.746 -3.61281 2
      vertex 159.801 -3.49749 38
      vertex 159.801 -3.49749 2
    endloop
  endfacet
  facet normal -0.9026 0.43048 0
    outer loop
      vertex 159.801 -3.49749 38
      vertex 159.746 -3.61281 2
      vertex 159.746 -3.61281 38
    endloop
  endfacet
  facet normal 0.998893 0.0470363 0
    outer loop
      vertex 157.306 -3.12742 38
      vertex 157.3 -3 2
      vertex 157.3 -3 38
    endloop
  endfacet
  facet normal 0.998893 0.0470363 0
    outer loop
      vertex 157.3 -3 2
      vertex 157.306 -3.12742 38
      vertex 157.306 -3.12742 2
    endloop
  endfacet
  facet normal 0.970027 -0.242997 0
    outer loop
      vertex 157.325 -2.74638 38
      vertex 157.356 -2.62263 2
      vertex 157.356 -2.62263 38
    endloop
  endfacet
  facet normal 0.970027 -0.242997 0
    outer loop
      vertex 157.356 -2.62263 2
      vertex 157.325 -2.74638 38
      vertex 157.325 -2.74638 2
    endloop
  endfacet
  facet normal 0.902614 -0.43045 0
    outer loop
      vertex 157.399 -2.50251 38
      vertex 157.454 -2.38718 2
      vertex 157.454 -2.38718 38
    endloop
  endfacet
  facet normal 0.902614 -0.43045 0
    outer loop
      vertex 157.454 -2.38718 2
      vertex 157.399 -2.50251 38
      vertex 157.399 -2.50251 2
    endloop
  endfacet
  facet normal 0.803196 -0.595715 0
    outer loop
      vertex 157.519 -2.27776 38
      vertex 157.595 -2.17529 2
      vertex 157.595 -2.17529 38
    endloop
  endfacet
  facet normal 0.803196 -0.595715 0
    outer loop
      vertex 157.595 -2.17529 2
      vertex 157.519 -2.27776 38
      vertex 157.519 -2.27776 2
    endloop
  endfacet
  facet normal -0.515594 0.856833 0
    outer loop
      vertex 159.322 -4.08091 2
      vertex 159.213 -4.1465 38
      vertex 159.322 -4.08091 38
    endloop
  endfacet
  facet normal -0.515594 0.856833 0
    outer loop
      vertex 159.213 -4.1465 38
      vertex 159.322 -4.08091 2
      vertex 159.213 -4.1465 2
    endloop
  endfacet
  facet normal 0.425489 0.904964 -0
    outer loop
      vertex 158.103 -4.20104 2
      vertex 157.987 -4.1465 38
      vertex 158.103 -4.20104 38
    endloop
  endfacet
  facet normal 0.425489 0.904964 0
    outer loop
      vertex 157.987 -4.1465 38
      vertex 158.103 -4.20104 2
      vertex 157.987 -4.1465 2
    endloop
  endfacet
  facet normal 0.0492316 0.998787 -0
    outer loop
      vertex 158.6 -4.3 2
      vertex 158.473 -4.29374 38
      vertex 158.6 -4.3 38
    endloop
  endfacet
  facet normal 0.0492316 0.998787 0
    outer loop
      vertex 158.473 -4.29374 38
      vertex 158.6 -4.3 2
      vertex 158.473 -4.29374 2
    endloop
  endfacet
  facet normal 0.145826 0.98931 -0
    outer loop
      vertex 158.473 -4.29374 2
      vertex 158.346 -4.27502 38
      vertex 158.473 -4.29374 38
    endloop
  endfacet
  facet normal 0.145826 0.98931 0
    outer loop
      vertex 158.346 -4.27502 38
      vertex 158.473 -4.29374 2
      vertex 158.346 -4.27502 2
    endloop
  endfacet
  facet normal 0.9026 0.43048 0
    outer loop
      vertex 157.454 -3.61281 38
      vertex 157.399 -3.49749 2
      vertex 157.399 -3.49749 38
    endloop
  endfacet
  facet normal 0.9026 0.43048 0
    outer loop
      vertex 157.399 -3.49749 2
      vertex 157.454 -3.61281 38
      vertex 157.454 -3.61281 2
    endloop
  endfacet
  facet normal 0.988856 -0.148877 0
    outer loop
      vertex 157.306 -2.87258 38
      vertex 157.325 -2.74638 2
      vertex 157.325 -2.74638 38
    endloop
  endfacet
  facet normal 0.988856 -0.148877 0
    outer loop
      vertex 157.325 -2.74638 2
      vertex 157.306 -2.87258 38
      vertex 157.306 -2.87258 2
    endloop
  endfacet
  facet normal 0.998893 -0.0470363 0
    outer loop
      vertex 157.3 -3 38
      vertex 157.306 -2.87258 2
      vertex 157.306 -2.87258 38
    endloop
  endfacet
  facet normal 0.998893 -0.0470363 0
    outer loop
      vertex 157.306 -2.87258 2
      vertex 157.3 -3 38
      vertex 157.3 -3 2
    endloop
  endfacet
  facet normal 0.337191 0.941436 -0
    outer loop
      vertex 158.223 -4.24402 2
      vertex 158.103 -4.20104 38
      vertex 158.223 -4.24402 38
    endloop
  endfacet
  facet normal 0.337191 0.941436 0
    outer loop
      vertex 158.103 -4.20104 38
      vertex 158.223 -4.24402 2
      vertex 158.103 -4.20104 2
    endloop
  endfacet
  facet normal -0.6736 0.739096 0
    outer loop
      vertex 159.519 -3.91924 2
      vertex 159.425 -4.00491 38
      vertex 159.519 -3.91924 38
    endloop
  endfacet
  facet normal -0.6736 0.739096 0
    outer loop
      vertex 159.425 -4.00491 38
      vertex 159.519 -3.91924 2
      vertex 159.425 -4.00491 2
    endloop
  endfacet
  facet normal -0.740872 -0.671646 0
    outer loop
      vertex -1.99509 79.4247 2
      vertex -2.08076 79.5192 38
      vertex -2.08076 79.5192 2
    endloop
  endfacet
  facet normal -0.740872 -0.671646 0
    outer loop
      vertex -2.08076 79.5192 38
      vertex -1.99509 79.4247 2
      vertex -1.99509 79.4247 38
    endloop
  endfacet
  facet normal -0.989177 -0.14673 0
    outer loop
      vertex -1.70626 78.7274 2
      vertex -1.72498 78.8536 38
      vertex -1.72498 78.8536 2
    endloop
  endfacet
  facet normal -0.989177 -0.14673 0
    outer loop
      vertex -1.72498 78.8536 38
      vertex -1.70626 78.7274 2
      vertex -1.70626 78.7274 38
    endloop
  endfacet
  facet normal -0.998795 -0.0490774 0
    outer loop
      vertex -1.7 78.6 2
      vertex -1.70626 78.7274 38
      vertex -1.70626 78.7274 2
    endloop
  endfacet
  facet normal -0.998795 -0.0490774 0
    outer loop
      vertex -1.70626 78.7274 38
      vertex -1.7 78.6 2
      vertex -1.7 78.6 38
    endloop
  endfacet
  facet normal -0.903968 0.427601 0
    outer loop
      vertex -1.8535 77.9872 2
      vertex -1.79896 78.1025 38
      vertex -1.79896 78.1025 2
    endloop
  endfacet
  facet normal -0.903968 0.427601 0
    outer loop
      vertex -1.79896 78.1025 38
      vertex -1.8535 77.9872 2
      vertex -1.8535 77.9872 38
    endloop
  endfacet
  facet normal -0.595715 -0.803196 0
    outer loop
      vertex -2.27776 79.6809 2
      vertex -2.17529 79.6049 38
      vertex -2.27776 79.6809 38
    endloop
  endfacet
  facet normal -0.595715 -0.803196 -0
    outer loop
      vertex -2.17529 79.6049 38
      vertex -2.27776 79.6809 2
      vertex -2.17529 79.6049 2
    endloop
  endfacet
  facet normal -0.337031 -0.941493 0
    outer loop
      vertex -2.62263 79.844 2
      vertex -2.50251 79.801 38
      vertex -2.62263 79.844 38
    endloop
  endfacet
  facet normal -0.337031 -0.941493 -0
    outer loop
      vertex -2.50251 79.801 38
      vertex -2.62263 79.844 2
      vertex -2.50251 79.801 2
    endloop
  endfacet
  facet normal -0.989177 0.14673 0
    outer loop
      vertex -1.72498 78.3464 2
      vertex -1.70626 78.4726 38
      vertex -1.70626 78.4726 2
    endloop
  endfacet
  facet normal -0.989177 0.14673 0
    outer loop
      vertex -1.70626 78.4726 38
      vertex -1.72498 78.3464 2
      vertex -1.72498 78.3464 38
    endloop
  endfacet
  facet normal -0.337031 0.941493 0
    outer loop
      vertex -2.50251 77.399 2
      vertex -2.62263 77.356 38
      vertex -2.50251 77.399 38
    endloop
  endfacet
  facet normal -0.337031 0.941493 0
    outer loop
      vertex -2.62263 77.356 38
      vertex -2.50251 77.399 2
      vertex -2.62263 77.356 2
    endloop
  endfacet
  facet normal 0.998795 0.0490774 0
    outer loop
      vertex -4.29374 78.4726 38
      vertex -4.3 78.6 2
      vertex -4.3 78.6 38
    endloop
  endfacet
  facet normal 0.998795 0.0490774 0
    outer loop
      vertex -4.3 78.6 2
      vertex -4.29374 78.4726 38
      vertex -4.29374 78.4726 2
    endloop
  endfacet
  facet normal 0.671658 -0.740861 0
    outer loop
      vertex -3.91924 79.5192 2
      vertex -3.82471 79.6049 38
      vertex -3.91924 79.5192 38
    endloop
  endfacet
  facet normal 0.671658 -0.740861 0
    outer loop
      vertex -3.82471 79.6049 38
      vertex -3.91924 79.5192 2
      vertex -3.82471 79.6049 2
    endloop
  endfacet
  facet normal 0.97005 0.242904 0
    outer loop
      vertex -4.24402 78.2226 38
      vertex -4.27502 78.3464 2
      vertex -4.27502 78.3464 38
    endloop
  endfacet
  facet normal 0.97005 0.242904 0
    outer loop
      vertex -4.27502 78.3464 2
      vertex -4.24402 78.2226 38
      vertex -4.24402 78.2226 2
    endloop
  endfacet
  facet normal -0.803279 -0.595602 0
    outer loop
      vertex -1.91909 79.3222 2
      vertex -1.99509 79.4247 38
      vertex -1.99509 79.4247 2
    endloop
  endfacet
  facet normal -0.803279 -0.595602 0
    outer loop
      vertex -1.99509 79.4247 38
      vertex -1.91909 79.3222 2
      vertex -1.91909 79.3222 38
    endloop
  endfacet
  facet normal 0.941525 0.336942 0
    outer loop
      vertex -4.20104 78.1025 38
      vertex -4.24402 78.2226 2
      vertex -4.24402 78.2226 38
    endloop
  endfacet
  facet normal 0.941525 0.336942 0
    outer loop
      vertex -4.24402 78.2226 2
      vertex -4.20104 78.1025 38
      vertex -4.20104 78.1025 2
    endloop
  endfacet
  facet normal 0.857666 -0.514208 0
    outer loop
      vertex -4.1465 79.2128 38
      vertex -4.08091 79.3222 2
      vertex -4.08091 79.3222 38
    endloop
  endfacet
  facet normal 0.857666 -0.514208 0
    outer loop
      vertex -4.08091 79.3222 2
      vertex -4.1465 79.2128 38
      vertex -4.1465 79.2128 2
    endloop
  endfacet
  facet normal -0.941525 0.336942 0
    outer loop
      vertex -1.79896 78.1025 2
      vertex -1.75598 78.2226 38
      vertex -1.75598 78.2226 2
    endloop
  endfacet
  facet normal -0.941525 0.336942 0
    outer loop
      vertex -1.75598 78.2226 38
      vertex -1.79896 78.1025 2
      vertex -1.79896 78.1025 38
    endloop
  endfacet
  facet normal -0.857666 0.514208 0
    outer loop
      vertex -1.91909 77.8778 2
      vertex -1.8535 77.9872 38
      vertex -1.8535 77.9872 2
    endloop
  endfacet
  facet normal -0.857666 0.514208 0
    outer loop
      vertex -1.8535 77.9872 38
      vertex -1.91909 77.8778 2
      vertex -1.91909 77.8778 38
    endloop
  endfacet
  facet normal -0.514196 -0.857673 0
    outer loop
      vertex -2.38718 79.7465 2
      vertex -2.27776 79.6809 38
      vertex -2.38718 79.7465 38
    endloop
  endfacet
  facet normal -0.514196 -0.857673 -0
    outer loop
      vertex -2.27776 79.6809 38
      vertex -2.38718 79.7465 2
      vertex -2.27776 79.6809 2
    endloop
  endfacet
  facet normal 0.242997 -0.970027 0
    outer loop
      vertex -3.37737 79.844 2
      vertex -3.25362 79.875 38
      vertex -3.37737 79.844 38
    endloop
  endfacet
  facet normal 0.242997 -0.970027 0
    outer loop
      vertex -3.25362 79.875 38
      vertex -3.37737 79.844 2
      vertex -3.25362 79.875 2
    endloop
  endfacet
  facet normal 0.595715 0.803196 -0
    outer loop
      vertex -3.72224 77.5191 2
      vertex -3.82471 77.5951 38
      vertex -3.72224 77.5191 38
    endloop
  endfacet
  facet normal 0.595715 0.803196 0
    outer loop
      vertex -3.82471 77.5951 38
      vertex -3.72224 77.5191 2
      vertex -3.82471 77.5951 2
    endloop
  endfacet
  facet normal -0.427254 -0.904132 0
    outer loop
      vertex -2.50251 79.801 2
      vertex -2.38718 79.7465 38
      vertex -2.50251 79.801 38
    endloop
  endfacet
  facet normal -0.427254 -0.904132 -0
    outer loop
      vertex -2.38718 79.7465 38
      vertex -2.50251 79.801 2
      vertex -2.38718 79.7465 2
    endloop
  endfacet
  facet normal -0.671658 -0.740861 0
    outer loop
      vertex -2.17529 79.6049 2
      vertex -2.08076 79.5192 38
      vertex -2.17529 79.6049 38
    endloop
  endfacet
  facet normal -0.671658 -0.740861 -0
    outer loop
      vertex -2.08076 79.5192 38
      vertex -2.17529 79.6049 2
      vertex -2.08076 79.5192 2
    endloop
  endfacet
  facet normal -0.857666 -0.514208 0
    outer loop
      vertex -1.8535 79.2128 2
      vertex -1.91909 79.3222 38
      vertex -1.91909 79.3222 2
    endloop
  endfacet
  facet normal -0.857666 -0.514208 0
    outer loop
      vertex -1.91909 79.3222 38
      vertex -1.8535 79.2128 2
      vertex -1.8535 79.2128 38
    endloop
  endfacet
  facet normal -0.903968 -0.427601 0
    outer loop
      vertex -1.79896 79.0975 2
      vertex -1.8535 79.2128 38
      vertex -1.8535 79.2128 2
    endloop
  endfacet
  facet normal -0.903968 -0.427601 0
    outer loop
      vertex -1.8535 79.2128 38
      vertex -1.79896 79.0975 2
      vertex -1.79896 79.0975 38
    endloop
  endfacet
  facet normal 0.427284 0.904117 -0
    outer loop
      vertex -3.49749 77.399 2
      vertex -3.61281 77.4535 38
      vertex -3.49749 77.399 38
    endloop
  endfacet
  facet normal 0.427284 0.904117 0
    outer loop
      vertex -3.61281 77.4535 38
      vertex -3.49749 77.399 2
      vertex -3.61281 77.4535 2
    endloop
  endfacet
  facet normal -0.242997 -0.970027 0
    outer loop
      vertex -2.74638 79.875 2
      vertex -2.62263 79.844 38
      vertex -2.74638 79.875 38
    endloop
  endfacet
  facet normal -0.242997 -0.970027 -0
    outer loop
      vertex -2.62263 79.844 38
      vertex -2.74638 79.875 2
      vertex -2.62263 79.844 2
    endloop
  endfacet
  facet normal -0.146577 0.989199 0
    outer loop
      vertex -2.74638 77.325 2
      vertex -2.87258 77.3063 38
      vertex -2.74638 77.325 38
    endloop
  endfacet
  facet normal -0.146577 0.989199 0
    outer loop
      vertex -2.87258 77.3063 38
      vertex -2.74638 77.325 2
      vertex -2.87258 77.3063 2
    endloop
  endfacet
  facet normal 0.903968 -0.427601 0
    outer loop
      vertex -4.20104 79.0975 38
      vertex -4.1465 79.2128 2
      vertex -4.1465 79.2128 38
    endloop
  endfacet
  facet normal 0.903968 -0.427601 0
    outer loop
      vertex -4.1465 79.2128 2
      vertex -4.20104 79.0975 38
      vertex -4.20104 79.0975 2
    endloop
  endfacet
  facet normal -0.941525 -0.336942 0
    outer loop
      vertex -1.75598 78.9774 2
      vertex -1.79896 79.0975 38
      vertex -1.79896 79.0975 2
    endloop
  endfacet
  facet normal -0.941525 -0.336942 0
    outer loop
      vertex -1.79896 79.0975 38
      vertex -1.75598 78.9774 2
      vertex -1.75598 78.9774 38
    endloop
  endfacet
  facet normal -0.427254 0.904132 0
    outer loop
      vertex -2.38718 77.4535 2
      vertex -2.50251 77.399 38
      vertex -2.38718 77.4535 38
    endloop
  endfacet
  facet normal -0.427254 0.904132 0
    outer loop
      vertex -2.50251 77.399 38
      vertex -2.38718 77.4535 2
      vertex -2.50251 77.399 2
    endloop
  endfacet
  facet normal 0.740872 -0.671646 0
    outer loop
      vertex -4.00491 79.4247 38
      vertex -3.91924 79.5192 2
      vertex -3.91924 79.5192 38
    endloop
  endfacet
  facet normal 0.740872 -0.671646 0
    outer loop
      vertex -3.91924 79.5192 2
      vertex -4.00491 79.4247 38
      vertex -4.00491 79.4247 2
    endloop
  endfacet
  facet normal 0.0493825 -0.99878 0
    outer loop
      vertex -3.12742 79.8937 2
      vertex -3 79.9 38
      vertex -3.12742 79.8937 38
    endloop
  endfacet
  facet normal 0.0493825 -0.99878 0
    outer loop
      vertex -3 79.9 38
      vertex -3.12742 79.8937 2
      vertex -3 79.9 2
    endloop
  endfacet
  facet normal 0.595715 -0.803196 0
    outer loop
      vertex -3.82471 79.6049 2
      vertex -3.72224 79.6809 38
      vertex -3.82471 79.6049 38
    endloop
  endfacet
  facet normal 0.595715 -0.803196 0
    outer loop
      vertex -3.72224 79.6809 38
      vertex -3.82471 79.6049 2
      vertex -3.72224 79.6809 2
    endloop
  endfacet
  facet normal -0.0493825 -0.99878 0
    outer loop
      vertex -3 79.9 2
      vertex -2.87258 79.8937 38
      vertex -3 79.9 38
    endloop
  endfacet
  facet normal -0.0493825 -0.99878 -0
    outer loop
      vertex -2.87258 79.8937 38
      vertex -3 79.9 2
      vertex -2.87258 79.8937 2
    endloop
  endfacet
  facet normal 0.337031 0.941493 -0
    outer loop
      vertex -3.37737 77.356 2
      vertex -3.49749 77.399 38
      vertex -3.37737 77.356 38
    endloop
  endfacet
  facet normal 0.337031 0.941493 0
    outer loop
      vertex -3.49749 77.399 38
      vertex -3.37737 77.356 2
      vertex -3.49749 77.399 2
    endloop
  endfacet
  facet normal 0.146577 -0.989199 0
    outer loop
      vertex -3.25362 79.875 2
      vertex -3.12742 79.8937 38
      vertex -3.25362 79.875 38
    endloop
  endfacet
  facet normal 0.146577 -0.989199 0
    outer loop
      vertex -3.12742 79.8937 38
      vertex -3.25362 79.875 2
      vertex -3.12742 79.8937 2
    endloop
  endfacet
  facet normal -0.146577 -0.989199 0
    outer loop
      vertex -2.87258 79.8937 2
      vertex -2.74638 79.875 38
      vertex -2.87258 79.8937 38
    endloop
  endfacet
  facet normal -0.146577 -0.989199 -0
    outer loop
      vertex -2.74638 79.875 38
      vertex -2.87258 79.8937 2
      vertex -2.74638 79.875 2
    endloop
  endfacet
  facet normal -0.97005 0.242904 0
    outer loop
      vertex -1.75598 78.2226 2
      vertex -1.72498 78.3464 38
      vertex -1.72498 78.3464 2
    endloop
  endfacet
  facet normal -0.97005 0.242904 0
    outer loop
      vertex -1.72498 78.3464 38
      vertex -1.75598 78.2226 2
      vertex -1.75598 78.2226 38
    endloop
  endfacet
  facet normal -0.0493825 0.99878 0
    outer loop
      vertex -2.87258 77.3063 2
      vertex -3 77.3 38
      vertex -2.87258 77.3063 38
    endloop
  endfacet
  facet normal -0.0493825 0.99878 0
    outer loop
      vertex -3 77.3 38
      vertex -2.87258 77.3063 2
      vertex -3 77.3 2
    endloop
  endfacet
  facet normal 0 0 1
    outer loop
      vertex -1.70626 78.7274 2
      vertex -1.70626 78.4726 2
      vertex -1.7 78.6 2
    endloop
  endfacet
  facet normal 0 0 1
    outer loop
      vertex -1.72498 78.8536 2
      vertex -1.70626 78.4726 2
      vertex -1.70626 78.7274 2
    endloop
  endfacet
  facet normal 0 0 1
    outer loop
      vertex -1.72498 78.8536 2
      vertex -1.72498 78.3464 2
      vertex -1.70626 78.4726 2
    endloop
  endfacet
  facet normal 0 0 1
    outer loop
      vertex -1.75598 78.9774 2
      vertex -1.72498 78.3464 2
      vertex -1.72498 78.8536 2
    endloop
  endfacet
  facet normal 0 0 1
    outer loop
      vertex -1.75598 78.9774 2
      vertex -1.75598 78.2226 2
      vertex -1.72498 78.3464 2
    endloop
  endfacet
  facet normal 0 0 1
    outer loop
      vertex -1.79896 79.0975 2
      vertex -1.75598 78.2226 2
      vertex -1.75598 78.9774 2
    endloop
  endfacet
  facet normal 0 0 1
    outer loop
      vertex -1.79896 79.0975 2
      vertex -1.79896 78.1025 2
      vertex -1.75598 78.2226 2
    endloop
  endfacet
  facet normal 0 0 1
    outer loop
      vertex -1.8535 79.2128 2
      vertex -1.79896 78.1025 2
      vertex -1.79896 79.0975 2
    endloop
  endfacet
  facet normal 0 0 1
    outer loop
      vertex -1.8535 79.2128 2
      vertex -1.8535 77.9872 2
      vertex -1.79896 78.1025 2
    endloop
  endfacet
  facet normal 0 0 1
    outer loop
      vertex -1.91909 79.3222 2
      vertex -1.8535 77.9872 2
      vertex -1.8535 79.2128 2
    endloop
  endfacet
  facet normal 0 0 1
    outer loop
      vertex -1.91909 79.3222 2
      vertex -1.91909 77.8778 2
      vertex -1.8535 77.9872 2
    endloop
  endfacet
  facet normal 0 0 1
    outer loop
      vertex -1.99509 79.4247 2
      vertex -1.91909 77.8778 2
      vertex -1.91909 79.3222 2
    endloop
  endfacet
  facet normal 0 0 1
    outer loop
      vertex -1.99509 79.4247 2
      vertex -1.99509 77.7753 2
      vertex -1.91909 77.8778 2
    endloop
  endfacet
  facet normal 0 0 1
    outer loop
      vertex -2.08076 79.5192 2
      vertex -1.99509 77.7753 2
      vertex -1.99509 79.4247 2
    endloop
  endfacet
  facet normal 0 0 1
    outer loop
      vertex -2.08076 79.5192 2
      vertex -2.08076 77.6808 2
      vertex -1.99509 77.7753 2
    endloop
  endfacet
  facet normal 0 0 1
    outer loop
      vertex -2.17529 79.6049 2
      vertex -2.08076 77.6808 2
      vertex -2.08076 79.5192 2
    endloop
  endfacet
  facet normal 0 0 1
    outer loop
      vertex -2.17529 79.6049 2
      vertex -2.17529 77.5951 2
      vertex -2.08076 77.6808 2
    endloop
  endfacet
  facet normal 0 0 1
    outer loop
      vertex -2.27776 79.6809 2
      vertex -2.17529 77.5951 2
      vertex -2.17529 79.6049 2
    endloop
  endfacet
  facet normal 0 0 1
    outer loop
      vertex -2.27776 79.6809 2
      vertex -2.27776 77.5191 2
      vertex -2.17529 77.5951 2
    endloop
  endfacet
  facet normal 0 0 1
    outer loop
      vertex -2.38718 79.7465 2
      vertex -2.27776 77.5191 2
      vertex -2.27776 79.6809 2
    endloop
  endfacet
  facet normal 0 0 1
    outer loop
      vertex -2.38718 79.7465 2
      vertex -2.38718 77.4535 2
      vertex -2.27776 77.5191 2
    endloop
  endfacet
  facet normal 0 0 1
    outer loop
      vertex -2.50251 79.801 2
      vertex -2.38718 77.4535 2
      vertex -2.38718 79.7465 2
    endloop
  endfacet
  facet normal 0 0 1
    outer loop
      vertex -2.50251 79.801 2
      vertex -2.50251 77.399 2
      vertex -2.38718 77.4535 2
    endloop
  endfacet
  facet normal 0 0 1
    outer loop
      vertex -2.62263 79.844 2
      vertex -2.50251 77.399 2
      vertex -2.50251 79.801 2
    endloop
  endfacet
  facet normal 0 0 1
    outer loop
      vertex -2.62263 79.844 2
      vertex -2.62263 77.356 2
      vertex -2.50251 77.399 2
    endloop
  endfacet
  facet normal 0 0 1
    outer loop
      vertex -2.74638 79.875 2
      vertex -2.62263 77.356 2
      vertex -2.62263 79.844 2
    endloop
  endfacet
  facet normal 0 0 1
    outer loop
      vertex -2.74638 79.875 2
      vertex -2.74638 77.325 2
      vertex -2.62263 77.356 2
    endloop
  endfacet
  facet normal 0 0 1
    outer loop
      vertex -2.87258 79.8937 2
      vertex -2.74638 77.325 2
      vertex -2.74638 79.875 2
    endloop
  endfacet
  facet normal 0 0 1
    outer loop
      vertex -2.87258 79.8937 2
      vertex -2.87258 77.3063 2
      vertex -2.74638 77.325 2
    endloop
  endfacet
  facet normal 0 0 1
    outer loop
      vertex -3 79.9 2
      vertex -2.87258 77.3063 2
      vertex -2.87258 79.8937 2
    endloop
  endfacet
  facet normal 0 0 1
    outer loop
      vertex -3 79.9 2
      vertex -3 77.3 2
      vertex -2.87258 77.3063 2
    endloop
  endfacet
  facet normal -0 0 1
    outer loop
      vertex -3.12742 79.8937 2
      vertex -3 77.3 2
      vertex -3 79.9 2
    endloop
  endfacet
  facet normal 0 0 1
    outer loop
      vertex -3.12742 79.8937 2
      vertex -3.12742 77.3063 2
      vertex -3 77.3 2
    endloop
  endfacet
  facet normal -0 0 1
    outer loop
      vertex -3.25362 79.875 2
      vertex -3.12742 77.3063 2
      vertex -3.12742 79.8937 2
    endloop
  endfacet
  facet normal 0 0 1
    outer loop
      vertex -3.25362 79.875 2
      vertex -3.25362 77.325 2
      vertex -3.12742 77.3063 2
    endloop
  endfacet
  facet normal -0 0 1
    outer loop
      vertex -3.37737 79.844 2
      vertex -3.25362 77.325 2
      vertex -3.25362 79.875 2
    endloop
  endfacet
  facet normal 0 0 1
    outer loop
      vertex -3.37737 79.844 2
      vertex -3.37737 77.356 2
      vertex -3.25362 77.325 2
    endloop
  endfacet
  facet normal -0 0 1
    outer loop
      vertex -3.49749 79.801 2
      vertex -3.37737 77.356 2
      vertex -3.37737 79.844 2
    endloop
  endfacet
  facet normal 0 0 1
    outer loop
      vertex -3.49749 79.801 2
      vertex -3.49749 77.399 2
      vertex -3.37737 77.356 2
    endloop
  endfacet
  facet normal -0 0 1
    outer loop
      vertex -3.61281 79.7465 2
      vertex -3.49749 77.399 2
      vertex -3.49749 79.801 2
    endloop
  endfacet
  facet normal 0 0 1
    outer loop
      vertex -3.61281 79.7465 2
      vertex -3.61281 77.4535 2
      vertex -3.49749 77.399 2
    endloop
  endfacet
  facet normal -0 0 1
    outer loop
      vertex -3.72224 79.6809 2
      vertex -3.61281 77.4535 2
      vertex -3.61281 79.7465 2
    endloop
  endfacet
  facet normal 0 0 1
    outer loop
      vertex -3.72224 79.6809 2
      vertex -3.72224 77.5191 2
      vertex -3.61281 77.4535 2
    endloop
  endfacet
  facet normal -0 0 1
    outer loop
      vertex -3.82471 79.6049 2
      vertex -3.72224 77.5191 2
      vertex -3.72224 79.6809 2
    endloop
  endfacet
  facet normal 0 0 1
    outer loop
      vertex -3.82471 79.6049 2
      vertex -3.82471 77.5951 2
      vertex -3.72224 77.5191 2
    endloop
  endfacet
  facet normal -0 0 1
    outer loop
      vertex -3.91924 79.5192 2
      vertex -3.82471 77.5951 2
      vertex -3.82471 79.6049 2
    endloop
  endfacet
  facet normal 0 0 1
    outer loop
      vertex -3.91924 79.5192 2
      vertex -3.91924 77.6808 2
      vertex -3.82471 77.5951 2
    endloop
  endfacet
  facet normal -0 0 1
    outer loop
      vertex -4.00491 79.4247 2
      vertex -3.91924 77.6808 2
      vertex -3.91924 79.5192 2
    endloop
  endfacet
  facet normal 0 0 1
    outer loop
      vertex -4.00491 79.4247 2
      vertex -4.00491 77.7753 2
      vertex -3.91924 77.6808 2
    endloop
  endfacet
  facet normal -0 0 1
    outer loop
      vertex -4.08091 79.3222 2
      vertex -4.00491 77.7753 2
      vertex -4.00491 79.4247 2
    endloop
  endfacet
  facet normal 0 0 1
    outer loop
      vertex -4.08091 79.3222 2
      vertex -4.08091 77.8778 2
      vertex -4.00491 77.7753 2
    endloop
  endfacet
  facet normal -0 0 1
    outer loop
      vertex -4.1465 79.2128 2
      vertex -4.08091 77.8778 2
      vertex -4.08091 79.3222 2
    endloop
  endfacet
  facet normal 0 0 1
    outer loop
      vertex -4.1465 79.2128 2
      vertex -4.1465 77.9872 2
      vertex -4.08091 77.8778 2
    endloop
  endfacet
  facet normal -0 0 1
    outer loop
      vertex -4.20104 79.0975 2
      vertex -4.1465 77.9872 2
      vertex -4.1465 79.2128 2
    endloop
  endfacet
  facet normal 0 0 1
    outer loop
      vertex -4.20104 79.0975 2
      vertex -4.20104 78.1025 2
      vertex -4.1465 77.9872 2
    endloop
  endfacet
  facet normal -0 0 1
    outer loop
      vertex -4.24402 78.9774 2
      vertex -4.20104 78.1025 2
      vertex -4.20104 79.0975 2
    endloop
  endfacet
  facet normal 0 0 1
    outer loop
      vertex -4.24402 78.9774 2
      vertex -4.24402 78.2226 2
      vertex -4.20104 78.1025 2
    endloop
  endfacet
  facet normal -0 0 1
    outer loop
      vertex -4.27502 78.8536 2
      vertex -4.24402 78.2226 2
      vertex -4.24402 78.9774 2
    endloop
  endfacet
  facet normal 0 0 1
    outer loop
      vertex -4.27502 78.8536 2
      vertex -4.27502 78.3464 2
      vertex -4.24402 78.2226 2
    endloop
  endfacet
  facet normal -0 0 1
    outer loop
      vertex -4.29374 78.7274 2
      vertex -4.27502 78.3464 2
      vertex -4.27502 78.8536 2
    endloop
  endfacet
  facet normal 0 0 1
    outer loop
      vertex -4.29374 78.7274 2
      vertex -4.29374 78.4726 2
      vertex -4.27502 78.3464 2
    endloop
  endfacet
  facet normal 0 -0 1
    outer loop
      vertex -4.29374 78.4726 2
      vertex -4.29374 78.7274 2
      vertex -4.3 78.6 2
    endloop
  endfacet
  facet normal -0.740872 0.671646 0
    outer loop
      vertex -2.08076 77.6808 2
      vertex -1.99509 77.7753 38
      vertex -1.99509 77.7753 2
    endloop
  endfacet
  facet normal -0.740872 0.671646 0
    outer loop
      vertex -1.99509 77.7753 38
      vertex -2.08076 77.6808 2
      vertex -2.08076 77.6808 38
    endloop
  endfacet
  facet normal -0.803279 0.595602 0
    outer loop
      vertex -1.99509 77.7753 2
      vertex -1.91909 77.8778 38
      vertex -1.91909 77.8778 2
    endloop
  endfacet
  facet normal -0.803279 0.595602 0
    outer loop
      vertex -1.91909 77.8778 38
      vertex -1.99509 77.7753 2
      vertex -1.99509 77.7753 38
    endloop
  endfacet
  facet normal 0.146577 0.989199 -0
    outer loop
      vertex -3.12742 77.3063 2
      vertex -3.25362 77.325 38
      vertex -3.12742 77.3063 38
    endloop
  endfacet
  facet normal 0.146577 0.989199 0
    outer loop
      vertex -3.25362 77.325 38
      vertex -3.12742 77.3063 2
      vertex -3.25362 77.325 2
    endloop
  endfacet
  facet normal 0.941525 -0.336942 0
    outer loop
      vertex -4.24402 78.9774 38
      vertex -4.20104 79.0975 2
      vertex -4.20104 79.0975 38
    endloop
  endfacet
  facet normal 0.941525 -0.336942 0
    outer loop
      vertex -4.20104 79.0975 2
      vertex -4.24402 78.9774 38
      vertex -4.24402 78.9774 2
    endloop
  endfacet
  facet normal -0.595715 0.803196 0
    outer loop
      vertex -2.17529 77.5951 2
      vertex -2.27776 77.5191 38
      vertex -2.17529 77.5951 38
    endloop
  endfacet
  facet normal -0.595715 0.803196 0
    outer loop
      vertex -2.27776 77.5191 38
      vertex -2.17529 77.5951 2
      vertex -2.27776 77.5191 2
    endloop
  endfacet
  facet normal 0.989177 -0.14673 0
    outer loop
      vertex -4.29374 78.7274 38
      vertex -4.27502 78.8536 2
      vertex -4.27502 78.8536 38
    endloop
  endfacet
  facet normal 0.989177 -0.14673 0
    outer loop
      vertex -4.27502 78.8536 2
      vertex -4.29374 78.7274 38
      vertex -4.29374 78.7274 2
    endloop
  endfacet
  facet normal -0.242997 0.970027 0
    outer loop
      vertex -2.62263 77.356 2
      vertex -2.74638 77.325 38
      vertex -2.62263 77.356 38
    endloop
  endfacet
  facet normal -0.242997 0.970027 0
    outer loop
      vertex -2.74638 77.325 38
      vertex -2.62263 77.356 2
      vertex -2.74638 77.325 2
    endloop
  endfacet
  facet normal 0.903968 0.427601 0
    outer loop
      vertex -4.1465 77.9872 38
      vertex -4.20104 78.1025 2
      vertex -4.20104 78.1025 38
    endloop
  endfacet
  facet normal 0.903968 0.427601 0
    outer loop
      vertex -4.20104 78.1025 2
      vertex -4.1465 77.9872 38
      vertex -4.1465 77.9872 2
    endloop
  endfacet
  facet normal 0.242997 0.970027 -0
    outer loop
      vertex -3.25362 77.325 2
      vertex -3.37737 77.356 38
      vertex -3.25362 77.325 38
    endloop
  endfacet
  facet normal 0.242997 0.970027 0
    outer loop
      vertex -3.37737 77.356 38
      vertex -3.25362 77.325 2
      vertex -3.37737 77.356 2
    endloop
  endfacet
  facet normal -0.998795 0.0490774 0
    outer loop
      vertex -1.70626 78.4726 2
      vertex -1.7 78.6 38
      vertex -1.7 78.6 2
    endloop
  endfacet
  facet normal -0.998795 0.0490774 0
    outer loop
      vertex -1.7 78.6 38
      vertex -1.70626 78.4726 2
      vertex -1.70626 78.4726 38
    endloop
  endfacet
  facet normal -0.97005 -0.242904 0
    outer loop
      vertex -1.72498 78.8536 2
      vertex -1.75598 78.9774 38
      vertex -1.75598 78.9774 2
    endloop
  endfacet
  facet normal -0.97005 -0.242904 0
    outer loop
      vertex -1.75598 78.9774 38
      vertex -1.72498 78.8536 2
      vertex -1.72498 78.8536 38
    endloop
  endfacet
  facet normal 0.740872 0.671646 0
    outer loop
      vertex -3.91924 77.6808 38
      vertex -4.00491 77.7753 2
      vertex -4.00491 77.7753 38
    endloop
  endfacet
  facet normal 0.740872 0.671646 0
    outer loop
      vertex -4.00491 77.7753 2
      vertex -3.91924 77.6808 38
      vertex -3.91924 77.6808 2
    endloop
  endfacet
  facet normal 0.857666 0.514208 0
    outer loop
      vertex -4.08091 77.8778 38
      vertex -4.1465 77.9872 2
      vertex -4.1465 77.9872 38
    endloop
  endfacet
  facet normal 0.857666 0.514208 0
    outer loop
      vertex -4.1465 77.9872 2
      vertex -4.08091 77.8778 38
      vertex -4.08091 77.8778 2
    endloop
  endfacet
  facet normal 0.337031 -0.941493 0
    outer loop
      vertex -3.49749 79.801 2
      vertex -3.37737 79.844 38
      vertex -3.49749 79.801 38
    endloop
  endfacet
  facet normal 0.337031 -0.941493 0
    outer loop
      vertex -3.37737 79.844 38
      vertex -3.49749 79.801 2
      vertex -3.37737 79.844 2
    endloop
  endfacet
  facet normal 0.514161 0.857693 -0
    outer loop
      vertex -3.61281 77.4535 2
      vertex -3.72224 77.5191 38
      vertex -3.61281 77.4535 38
    endloop
  endfacet
  facet normal 0.514161 0.857693 0
    outer loop
      vertex -3.72224 77.5191 38
      vertex -3.61281 77.4535 2
      vertex -3.72224 77.5191 2
    endloop
  endfacet
  facet normal 0.97005 -0.242904 0
    outer loop
      vertex -4.27502 78.8536 38
      vertex -4.24402 78.9774 2
      vertex -4.24402 78.9774 38
    endloop
  endfacet
  facet normal 0.97005 -0.242904 0
    outer loop
      vertex -4.24402 78.9774 2
      vertex -4.27502 78.8536 38
      vertex -4.27502 78.8536 2
    endloop
  endfacet
  facet normal 0.803279 0.595602 0
    outer loop
      vertex -4.00491 77.7753 38
      vertex -4.08091 77.8778 2
      vertex -4.08091 77.8778 38
    endloop
  endfacet
  facet normal 0.803279 0.595602 0
    outer loop
      vertex -4.08091 77.8778 2
      vertex -4.00491 77.7753 38
      vertex -4.00491 77.7753 2
    endloop
  endfacet
  facet normal 0.514161 -0.857693 0
    outer loop
      vertex -3.72224 79.6809 2
      vertex -3.61281 79.7465 38
      vertex -3.72224 79.6809 38
    endloop
  endfacet
  facet normal 0.514161 -0.857693 0
    outer loop
      vertex -3.61281 79.7465 38
      vertex -3.72224 79.6809 2
      vertex -3.61281 79.7465 2
    endloop
  endfacet
  facet normal 0.427284 -0.904117 0
    outer loop
      vertex -3.61281 79.7465 2
      vertex -3.49749 79.801 38
      vertex -3.61281 79.7465 38
    endloop
  endfacet
  facet normal 0.427284 -0.904117 0
    outer loop
      vertex -3.49749 79.801 38
      vertex -3.61281 79.7465 2
      vertex -3.49749 79.801 2
    endloop
  endfacet
  facet normal 0.989177 0.14673 0
    outer loop
      vertex -4.27502 78.3464 38
      vertex -4.29374 78.4726 2
      vertex -4.29374 78.4726 38
    endloop
  endfacet
  facet normal 0.989177 0.14673 0
    outer loop
      vertex -4.29374 78.4726 2
      vertex -4.27502 78.3464 38
      vertex -4.27502 78.3464 2
    endloop
  endfacet
  facet normal -0.514196 0.857673 0
    outer loop
      vertex -2.27776 77.5191 2
      vertex -2.38718 77.4535 38
      vertex -2.27776 77.5191 38
    endloop
  endfacet
  facet normal -0.514196 0.857673 0
    outer loop
      vertex -2.38718 77.4535 38
      vertex -2.27776 77.5191 2
      vertex -2.38718 77.4535 2
    endloop
  endfacet
  facet normal 0.671658 0.740861 -0
    outer loop
      vertex -3.82471 77.5951 2
      vertex -3.91924 77.6808 38
      vertex -3.82471 77.5951 38
    endloop
  endfacet
  facet normal 0.671658 0.740861 0
    outer loop
      vertex -3.91924 77.6808 38
      vertex -3.82471 77.5951 2
      vertex -3.91924 77.6808 2
    endloop
  endfacet
  facet normal 0.803279 -0.595602 0
    outer loop
      vertex -4.08091 79.3222 38
      vertex -4.00491 79.4247 2
      vertex -4.00491 79.4247 38
    endloop
  endfacet
  facet normal 0.803279 -0.595602 0
    outer loop
      vertex -4.00491 79.4247 2
      vertex -4.08091 79.3222 38
      vertex -4.08091 79.3222 2
    endloop
  endfacet
  facet normal 0.0493825 0.99878 -0
    outer loop
      vertex -3 77.3 2
      vertex -3.12742 77.3063 38
      vertex -3 77.3 38
    endloop
  endfacet
  facet normal 0.0493825 0.99878 0
    outer loop
      vertex -3.12742 77.3063 38
      vertex -3 77.3 2
      vertex -3.12742 77.3063 2
    endloop
  endfacet
  facet normal 0.998795 -0.0490774 0
    outer loop
      vertex -4.3 78.6 38
      vertex -4.29374 78.7274 2
      vertex -4.29374 78.7274 38
    endloop
  endfacet
  facet normal 0.998795 -0.0490774 0
    outer loop
      vertex -4.29374 78.7274 2
      vertex -4.3 78.6 38
      vertex -4.3 78.6 2
    endloop
  endfacet
  facet normal -0.671658 0.740861 0
    outer loop
      vertex -2.08076 77.6808 2
      vertex -2.17529 77.5951 38
      vertex -2.08076 77.6808 38
    endloop
  endfacet
  facet normal -0.671658 0.740861 0
    outer loop
      vertex -2.17529 77.5951 38
      vertex -2.08076 77.6808 2
      vertex -2.17529 77.5951 2
    endloop
  endfacet
  facet normal -0.859704 0.510793 0
    outer loop
      vertex 159.681 77.8778 2
      vertex 159.746 77.9872 38
      vertex 159.746 77.9872 2
    endloop
  endfacet
  facet normal -0.859704 0.510793 0
    outer loop
      vertex 159.746 77.9872 38
      vertex 159.681 77.8778 2
      vertex 159.681 77.8778 38
    endloop
  endfacet
  facet normal -0.988856 -0.148877 0
    outer loop
      vertex 159.894 78.7274 2
      vertex 159.875 78.8536 38
      vertex 159.875 78.8536 2
    endloop
  endfacet
  facet normal -0.988856 -0.148877 0
    outer loop
      vertex 159.875 78.8536 38
      vertex 159.894 78.7274 2
      vertex 159.894 78.7274 38
    endloop
  endfacet
  facet normal -0.998893 -0.0470436 0
    outer loop
      vertex 159.9 78.6 2
      vertex 159.894 78.7274 38
      vertex 159.894 78.7274 2
    endloop
  endfacet
  facet normal -0.998893 -0.0470436 0
    outer loop
      vertex 159.894 78.7274 38
      vertex 159.9 78.6 2
      vertex 159.9 78.6 38
    endloop
  endfacet
  facet normal -0.97005 -0.242904 0
    outer loop
      vertex 159.875 78.8536 2
      vertex 159.844 78.9774 38
      vertex 159.844 78.9774 2
    endloop
  endfacet
  facet normal -0.97005 -0.242904 0
    outer loop
      vertex 159.844 78.9774 38
      vertex 159.875 78.8536 2
      vertex 159.875 78.8536 38
    endloop
  endfacet
  facet normal -0.859704 -0.510793 0
    outer loop
      vertex 159.746 79.2128 2
      vertex 159.681 79.3222 38
      vertex 159.681 79.3222 2
    endloop
  endfacet
  facet normal -0.859704 -0.510793 0
    outer loop
      vertex 159.681 79.3222 38
      vertex 159.746 79.2128 2
      vertex 159.746 79.2128 38
    endloop
  endfacet
  facet normal 0.97005 0.242904 0
    outer loop
      vertex 157.356 78.2226 38
      vertex 157.325 78.3464 2
      vertex 157.325 78.3464 38
    endloop
  endfacet
  facet normal 0.97005 0.242904 0
    outer loop
      vertex 157.325 78.3464 2
      vertex 157.356 78.2226 38
      vertex 157.356 78.2226 2
    endloop
  endfacet
  facet normal -0.941476 0.337081 0
    outer loop
      vertex 159.801 78.1025 2
      vertex 159.844 78.2226 38
      vertex 159.844 78.2226 2
    endloop
  endfacet
  facet normal -0.941476 0.337081 0
    outer loop
      vertex 159.844 78.2226 38
      vertex 159.801 78.1025 2
      vertex 159.801 78.1025 38
    endloop
  endfacet
  facet normal -0.803279 0.595602 0
    outer loop
      vertex 159.605 77.7753 2
      vertex 159.681 77.8778 38
      vertex 159.681 77.8778 2
    endloop
  endfacet
  facet normal -0.803279 0.595602 0
    outer loop
      vertex 159.681 77.8778 38
      vertex 159.605 77.7753 2
      vertex 159.605 77.7753 38
    endloop
  endfacet
  facet normal 0.941476 -0.337081 0
    outer loop
      vertex 157.356 78.9774 38
      vertex 157.399 79.0975 2
      vertex 157.399 79.0975 38
    endloop
  endfacet
  facet normal 0.941476 -0.337081 0
    outer loop
      vertex 157.399 79.0975 2
      vertex 157.356 78.9774 38
      vertex 157.356 78.9774 2
    endloop
  endfacet
  facet normal -0.673729 -0.738979 0
    outer loop
      vertex 159.425 79.6049 2
      vertex 159.519 79.5192 38
      vertex 159.425 79.6049 38
    endloop
  endfacet
  facet normal -0.673729 -0.738979 -0
    outer loop
      vertex 159.519 79.5192 38
      vertex 159.425 79.6049 2
      vertex 159.519 79.5192 2
    endloop
  endfacet
  facet normal -0.739586 -0.673062 0
    outer loop
      vertex 159.605 79.4247 2
      vertex 159.519 79.5192 38
      vertex 159.519 79.5192 2
    endloop
  endfacet
  facet normal -0.739586 -0.673062 0
    outer loop
      vertex 159.519 79.5192 38
      vertex 159.605 79.4247 2
      vertex 159.605 79.4247 38
    endloop
  endfacet
  facet normal 0.673729 -0.738979 0
    outer loop
      vertex 157.681 79.5192 2
      vertex 157.775 79.6049 38
      vertex 157.681 79.5192 38
    endloop
  endfacet
  facet normal 0.673729 -0.738979 0
    outer loop
      vertex 157.775 79.6049 38
      vertex 157.681 79.5192 2
      vertex 157.775 79.6049 2
    endloop
  endfacet
  facet normal -0.515651 -0.856799 0
    outer loop
      vertex 159.213 79.7465 2
      vertex 159.322 79.6809 38
      vertex 159.213 79.7465 38
    endloop
  endfacet
  facet normal -0.515651 -0.856799 -0
    outer loop
      vertex 159.322 79.6809 38
      vertex 159.213 79.7465 2
      vertex 159.322 79.6809 2
    endloop
  endfacet
  facet normal -0.593732 -0.804663 0
    outer loop
      vertex 159.322 79.6809 2
      vertex 159.425 79.6049 38
      vertex 159.322 79.6809 38
    endloop
  endfacet
  facet normal -0.593732 -0.804663 -0
    outer loop
      vertex 159.425 79.6049 38
      vertex 159.322 79.6809 2
      vertex 159.425 79.6049 2
    endloop
  endfacet
  facet normal -0.33733 0.941386 0
    outer loop
      vertex 159.097 77.399 2
      vertex 158.977 77.356 38
      vertex 159.097 77.399 38
    endloop
  endfacet
  facet normal -0.33733 0.941386 0
    outer loop
      vertex 158.977 77.356 38
      vertex 159.097 77.399 2
      vertex 158.977 77.356 2
    endloop
  endfacet
  facet normal 0.145673 0.989333 -0
    outer loop
      vertex 158.473 77.3063 2
      vertex 158.346 77.325 38
      vertex 158.473 77.3063 38
    endloop
  endfacet
  facet normal 0.145673 0.989333 0
    outer loop
      vertex 158.346 77.325 38
      vertex 158.473 77.3063 2
      vertex 158.346 77.325 2
    endloop
  endfacet
  facet normal -0.0495454 -0.998772 0
    outer loop
      vertex 158.6 79.9 2
      vertex 158.727 79.8937 38
      vertex 158.6 79.9 38
    endloop
  endfacet
  facet normal -0.0495454 -0.998772 -0
    outer loop
      vertex 158.727 79.8937 38
      vertex 158.6 79.9 2
      vertex 158.727 79.8937 2
    endloop
  endfacet
  facet normal 0.859704 -0.510793 0
    outer loop
      vertex 157.454 79.2128 38
      vertex 157.519 79.3222 2
      vertex 157.519 79.3222 38
    endloop
  endfacet
  facet normal 0.859704 -0.510793 0
    outer loop
      vertex 157.519 79.3222 2
      vertex 157.454 79.2128 38
      vertex 157.454 79.2128 2
    endloop
  endfacet
  facet normal 0.0495454 0.998772 -0
    outer loop
      vertex 158.6 77.3 2
      vertex 158.473 77.3063 38
      vertex 158.6 77.3 38
    endloop
  endfacet
  facet normal 0.0495454 0.998772 0
    outer loop
      vertex 158.473 77.3063 38
      vertex 158.6 77.3 2
      vertex 158.473 77.3063 2
    endloop
  endfacet
  facet normal 0.988856 -0.148877 0
    outer loop
      vertex 157.306 78.7274 38
      vertex 157.325 78.8536 2
      vertex 157.325 78.8536 38
    endloop
  endfacet
  facet normal 0.988856 -0.148877 0
    outer loop
      vertex 157.325 78.8536 2
      vertex 157.306 78.7274 38
      vertex 157.306 78.7274 2
    endloop
  endfacet
  facet normal -0.998893 0.0470436 0
    outer loop
      vertex 159.894 78.4726 2
      vertex 159.9 78.6 38
      vertex 159.9 78.6 2
    endloop
  endfacet
  facet normal -0.998893 0.0470436 0
    outer loop
      vertex 159.9 78.6 38
      vertex 159.894 78.4726 2
      vertex 159.894 78.4726 38
    endloop
  endfacet
  facet normal 0.902571 0.430541 0
    outer loop
      vertex 157.454 77.9872 38
      vertex 157.399 78.1025 2
      vertex 157.399 78.1025 38
    endloop
  endfacet
  facet normal 0.902571 0.430541 0
    outer loop
      vertex 157.399 78.1025 2
      vertex 157.454 77.9872 38
      vertex 157.454 77.9872 2
    endloop
  endfacet
  facet normal 0.998893 0.0470436 0
    outer loop
      vertex 157.306 78.4726 38
      vertex 157.3 78.6 2
      vertex 157.3 78.6 38
    endloop
  endfacet
  facet normal 0.998893 0.0470436 0
    outer loop
      vertex 157.3 78.6 2
      vertex 157.306 78.4726 38
      vertex 157.306 78.4726 2
    endloop
  endfacet
  facet normal -0.515651 0.856799 0
    outer loop
      vertex 159.322 77.5191 2
      vertex 159.213 77.4535 38
      vertex 159.322 77.5191 38
    endloop
  endfacet
  facet normal -0.515651 0.856799 0
    outer loop
      vertex 159.213 77.4535 38
      vertex 159.322 77.5191 2
      vertex 159.213 77.4535 2
    endloop
  endfacet
  facet normal 0.425233 0.905084 -0
    outer loop
      vertex 158.103 77.399 2
      vertex 157.987 77.4535 38
      vertex 158.103 77.399 38
    endloop
  endfacet
  facet normal 0.425233 0.905084 0
    outer loop
      vertex 157.987 77.4535 38
      vertex 158.103 77.399 2
      vertex 157.987 77.4535 2
    endloop
  endfacet
  facet normal -0.902571 -0.430541 0
    outer loop
      vertex 159.801 79.0975 2
      vertex 159.746 79.2128 38
      vertex 159.746 79.2128 2
    endloop
  endfacet
  facet normal -0.902571 -0.430541 0
    outer loop
      vertex 159.746 79.2128 38
      vertex 159.801 79.0975 2
      vertex 159.801 79.0975 38
    endloop
  endfacet
  facet normal 0.425233 -0.905084 0
    outer loop
      vertex 157.987 79.7465 2
      vertex 158.103 79.801 38
      vertex 157.987 79.7465 38
    endloop
  endfacet
  facet normal 0.425233 -0.905084 0
    outer loop
      vertex 158.103 79.801 38
      vertex 157.987 79.7465 2
      vertex 158.103 79.801 2
    endloop
  endfacet
  facet normal 0.24439 -0.969677 0
    outer loop
      vertex 158.223 79.844 2
      vertex 158.346 79.875 38
      vertex 158.223 79.844 38
    endloop
  endfacet
  facet normal 0.24439 -0.969677 0
    outer loop
      vertex 158.346 79.875 38
      vertex 158.223 79.844 2
      vertex 158.346 79.875 2
    endloop
  endfacet
  facet normal 0.593732 -0.804663 0
    outer loop
      vertex 157.775 79.6049 2
      vertex 157.878 79.6809 38
      vertex 157.775 79.6049 38
    endloop
  endfacet
  facet normal 0.593732 -0.804663 0
    outer loop
      vertex 157.878 79.6809 38
      vertex 157.775 79.6049 2
      vertex 157.878 79.6809 2
    endloop
  endfacet
  facet normal -0.145673 0.989333 0
    outer loop
      vertex 158.854 77.325 2
      vertex 158.727 77.3063 38
      vertex 158.854 77.325 38
    endloop
  endfacet
  facet normal -0.145673 0.989333 0
    outer loop
      vertex 158.727 77.3063 38
      vertex 158.854 77.325 2
      vertex 158.727 77.3063 2
    endloop
  endfacet
  facet normal 0.941476 0.337081 0
    outer loop
      vertex 157.399 78.1025 38
      vertex 157.356 78.2226 2
      vertex 157.356 78.2226 38
    endloop
  endfacet
  facet normal 0.941476 0.337081 0
    outer loop
      vertex 157.356 78.2226 2
      vertex 157.399 78.1025 38
      vertex 157.399 78.1025 2
    endloop
  endfacet
  facet normal -0.739586 0.673062 0
    outer loop
      vertex 159.519 77.6808 2
      vertex 159.605 77.7753 38
      vertex 159.605 77.7753 2
    endloop
  endfacet
  facet normal -0.739586 0.673062 0
    outer loop
      vertex 159.605 77.7753 38
      vertex 159.519 77.6808 2
      vertex 159.519 77.6808 38
    endloop
  endfacet
  facet normal -0.988856 0.148877 0
    outer loop
      vertex 159.875 78.3464 2
      vertex 159.894 78.4726 38
      vertex 159.894 78.4726 2
    endloop
  endfacet
  facet normal -0.988856 0.148877 0
    outer loop
      vertex 159.894 78.4726 38
      vertex 159.875 78.3464 2
      vertex 159.875 78.3464 38
    endloop
  endfacet
  facet normal -0.425233 0.905084 0
    outer loop
      vertex 159.213 77.4535 2
      vertex 159.097 77.399 38
      vertex 159.213 77.4535 38
    endloop
  endfacet
  facet normal -0.425233 0.905084 0
    outer loop
      vertex 159.097 77.399 38
      vertex 159.213 77.4535 2
      vertex 159.097 77.399 2
    endloop
  endfacet
  facet normal 0.33733 0.941386 -0
    outer loop
      vertex 158.223 77.356 2
      vertex 158.103 77.399 38
      vertex 158.223 77.356 38
    endloop
  endfacet
  facet normal 0.33733 0.941386 0
    outer loop
      vertex 158.103 77.399 38
      vertex 158.223 77.356 2
      vertex 158.103 77.399 2
    endloop
  endfacet
  facet normal 0.33733 -0.941386 0
    outer loop
      vertex 158.103 79.801 2
      vertex 158.223 79.844 38
      vertex 158.103 79.801 38
    endloop
  endfacet
  facet normal 0.33733 -0.941386 0
    outer loop
      vertex 158.223 79.844 38
      vertex 158.103 79.801 2
      vertex 158.223 79.844 2
    endloop
  endfacet
  facet normal -0.803279 -0.595602 0
    outer loop
      vertex 159.681 79.3222 2
      vertex 159.605 79.4247 38
      vertex 159.605 79.4247 2
    endloop
  endfacet
  facet normal -0.803279 -0.595602 0
    outer loop
      vertex 159.605 79.4247 38
      vertex 159.681 79.3222 2
      vertex 159.681 79.3222 38
    endloop
  endfacet
  facet normal 0.593732 0.804663 -0
    outer loop
      vertex 157.878 77.5191 2
      vertex 157.775 77.5951 38
      vertex 157.878 77.5191 38
    endloop
  endfacet
  facet normal 0.593732 0.804663 0
    outer loop
      vertex 157.775 77.5951 38
      vertex 157.878 77.5191 2
      vertex 157.775 77.5951 2
    endloop
  endfacet
  facet normal 0.97005 -0.242904 0
    outer loop
      vertex 157.325 78.8536 38
      vertex 157.356 78.9774 2
      vertex 157.356 78.9774 38
    endloop
  endfacet
  facet normal 0.97005 -0.242904 0
    outer loop
      vertex 157.356 78.9774 2
      vertex 157.325 78.8536 38
      vertex 157.325 78.8536 2
    endloop
  endfacet
  facet normal -0.0495454 0.998772 0
    outer loop
      vertex 158.727 77.3063 2
      vertex 158.6 77.3 38
      vertex 158.727 77.3063 38
    endloop
  endfacet
  facet normal -0.0495454 0.998772 0
    outer loop
      vertex 158.6 77.3 38
      vertex 158.727 77.3063 2
      vertex 158.6 77.3 2
    endloop
  endfacet
  facet normal -0.24439 -0.969677 0
    outer loop
      vertex 158.854 79.875 2
      vertex 158.977 79.844 38
      vertex 158.854 79.875 38
    endloop
  endfacet
  facet normal -0.24439 -0.969677 -0
    outer loop
      vertex 158.977 79.844 38
      vertex 158.854 79.875 2
      vertex 158.977 79.844 2
    endloop
  endfacet
  facet normal -0.145673 -0.989333 0
    outer loop
      vertex 158.727 79.8937 2
      vertex 158.854 79.875 38
      vertex 158.727 79.8937 38
    endloop
  endfacet
  facet normal -0.145673 -0.989333 -0
    outer loop
      vertex 158.854 79.875 38
      vertex 158.727 79.8937 2
      vertex 158.854 79.875 2
    endloop
  endfacet
  facet normal -0.425233 -0.905084 0
    outer loop
      vertex 159.097 79.801 2
      vertex 159.213 79.7465 38
      vertex 159.097 79.801 38
    endloop
  endfacet
  facet normal -0.425233 -0.905084 -0
    outer loop
      vertex 159.213 79.7465 38
      vertex 159.097 79.801 2
      vertex 159.213 79.7465 2
    endloop
  endfacet
  facet normal 0.803279 -0.595602 0
    outer loop
      vertex 157.519 79.3222 38
      vertex 157.595 79.4247 2
      vertex 157.595 79.4247 38
    endloop
  endfacet
  facet normal 0.803279 -0.595602 0
    outer loop
      vertex 157.595 79.4247 2
      vertex 157.519 79.3222 38
      vertex 157.519 79.3222 2
    endloop
  endfacet
  facet normal -0.902571 0.430541 0
    outer loop
      vertex 159.746 77.9872 2
      vertex 159.801 78.1025 38
      vertex 159.801 78.1025 2
    endloop
  endfacet
  facet normal -0.902571 0.430541 0
    outer loop
      vertex 159.801 78.1025 38
      vertex 159.746 77.9872 2
      vertex 159.746 77.9872 38
    endloop
  endfacet
  facet normal -0.941476 -0.337081 0
    outer loop
      vertex 159.844 78.9774 2
      vertex 159.801 79.0975 38
      vertex 159.801 79.0975 2
    endloop
  endfacet
  facet normal -0.941476 -0.337081 0
    outer loop
      vertex 159.801 79.0975 38
      vertex 159.844 78.9774 2
      vertex 159.844 78.9774 38
    endloop
  endfacet
  facet normal 0.803279 0.595602 0
    outer loop
      vertex 157.595 77.7753 38
      vertex 157.519 77.8778 2
      vertex 157.519 77.8778 38
    endloop
  endfacet
  facet normal 0.803279 0.595602 0
    outer loop
      vertex 157.519 77.8778 2
      vertex 157.595 77.7753 38
      vertex 157.595 77.7753 2
    endloop
  endfacet
  facet normal 0.515651 -0.856799 0
    outer loop
      vertex 157.878 79.6809 2
      vertex 157.987 79.7465 38
      vertex 157.878 79.6809 38
    endloop
  endfacet
  facet normal 0.515651 -0.856799 0
    outer loop
      vertex 157.987 79.7465 38
      vertex 157.878 79.6809 2
      vertex 157.987 79.7465 2
    endloop
  endfacet
  facet normal -0.593732 0.804663 0
    outer loop
      vertex 159.425 77.5951 2
      vertex 159.322 77.5191 38
      vertex 159.425 77.5951 38
    endloop
  endfacet
  facet normal -0.593732 0.804663 0
    outer loop
      vertex 159.322 77.5191 38
      vertex 159.425 77.5951 2
      vertex 159.322 77.5191 2
    endloop
  endfacet
  facet normal 0.0495454 -0.998772 0
    outer loop
      vertex 158.473 79.8937 2
      vertex 158.6 79.9 38
      vertex 158.473 79.8937 38
    endloop
  endfacet
  facet normal 0.0495454 -0.998772 0
    outer loop
      vertex 158.6 79.9 38
      vertex 158.473 79.8937 2
      vertex 158.6 79.9 2
    endloop
  endfacet
  facet normal -0.33733 -0.941386 0
    outer loop
      vertex 158.977 79.844 2
      vertex 159.097 79.801 38
      vertex 158.977 79.844 38
    endloop
  endfacet
  facet normal -0.33733 -0.941386 -0
    outer loop
      vertex 159.097 79.801 38
      vertex 158.977 79.844 2
      vertex 159.097 79.801 2
    endloop
  endfacet
  facet normal 0.998893 -0.0470436 0
    outer loop
      vertex 157.3 78.6 38
      vertex 157.306 78.7274 2
      vertex 157.306 78.7274 38
    endloop
  endfacet
  facet normal 0.998893 -0.0470436 0
    outer loop
      vertex 157.306 78.7274 2
      vertex 157.3 78.6 38
      vertex 157.3 78.6 2
    endloop
  endfacet
  facet normal 0.145673 -0.989333 0
    outer loop
      vertex 158.346 79.875 2
      vertex 158.473 79.8937 38
      vertex 158.346 79.875 38
    endloop
  endfacet
  facet normal 0.145673 -0.989333 0
    outer loop
      vertex 158.473 79.8937 38
      vertex 158.346 79.875 2
      vertex 158.473 79.8937 2
    endloop
  endfacet
  facet normal 0 0 1
    outer loop
      vertex 159.894 78.7274 2
      vertex 159.894 78.4726 2
      vertex 159.9 78.6 2
    endloop
  endfacet
  facet normal 0 0 1
    outer loop
      vertex 159.875 78.8536 2
      vertex 159.894 78.4726 2
      vertex 159.894 78.7274 2
    endloop
  endfacet
  facet normal 0 0 1
    outer loop
      vertex 159.875 78.8536 2
      vertex 159.875 78.3464 2
      vertex 159.894 78.4726 2
    endloop
  endfacet
  facet normal 0 0 1
    outer loop
      vertex 159.844 78.9774 2
      vertex 159.875 78.3464 2
      vertex 159.875 78.8536 2
    endloop
  endfacet
  facet normal 0 0 1
    outer loop
      vertex 159.844 78.9774 2
      vertex 159.844 78.2226 2
      vertex 159.875 78.3464 2
    endloop
  endfacet
  facet normal 0 0 1
    outer loop
      vertex 159.801 79.0975 2
      vertex 159.844 78.2226 2
      vertex 159.844 78.9774 2
    endloop
  endfacet
  facet normal 0 0 1
    outer loop
      vertex 159.801 79.0975 2
      vertex 159.801 78.1025 2
      vertex 159.844 78.2226 2
    endloop
  endfacet
  facet normal 0 0 1
    outer loop
      vertex 159.746 79.2128 2
      vertex 159.801 78.1025 2
      vertex 159.801 79.0975 2
    endloop
  endfacet
  facet normal 0 0 1
    outer loop
      vertex 159.746 79.2128 2
      vertex 159.746 77.9872 2
      vertex 159.801 78.1025 2
    endloop
  endfacet
  facet normal 0 0 1
    outer loop
      vertex 159.681 79.3222 2
      vertex 159.746 77.9872 2
      vertex 159.746 79.2128 2
    endloop
  endfacet
  facet normal 0 0 1
    outer loop
      vertex 159.681 79.3222 2
      vertex 159.681 77.8778 2
      vertex 159.746 77.9872 2
    endloop
  endfacet
  facet normal 0 0 1
    outer loop
      vertex 159.605 79.4247 2
      vertex 159.681 77.8778 2
      vertex 159.681 79.3222 2
    endloop
  endfacet
  facet normal 0 0 1
    outer loop
      vertex 159.605 79.4247 2
      vertex 159.605 77.7753 2
      vertex 159.681 77.8778 2
    endloop
  endfacet
  facet normal 0 0 1
    outer loop
      vertex 159.519 79.5192 2
      vertex 159.605 77.7753 2
      vertex 159.605 79.4247 2
    endloop
  endfacet
  facet normal 0 0 1
    outer loop
      vertex 159.519 79.5192 2
      vertex 159.519 77.6808 2
      vertex 159.605 77.7753 2
    endloop
  endfacet
  facet normal 0 0 1
    outer loop
      vertex 159.425 79.6049 2
      vertex 159.519 77.6808 2
      vertex 159.519 79.5192 2
    endloop
  endfacet
  facet normal 0 0 1
    outer loop
      vertex 159.425 79.6049 2
      vertex 159.425 77.5951 2
      vertex 159.519 77.6808 2
    endloop
  endfacet
  facet normal 0 0 1
    outer loop
      vertex 159.322 79.6809 2
      vertex 159.425 77.5951 2
      vertex 159.425 79.6049 2
    endloop
  endfacet
  facet normal 0 0 1
    outer loop
      vertex 159.322 79.6809 2
      vertex 159.322 77.5191 2
      vertex 159.425 77.5951 2
    endloop
  endfacet
  facet normal 0 0 1
    outer loop
      vertex 159.213 79.7465 2
      vertex 159.322 77.5191 2
      vertex 159.322 79.6809 2
    endloop
  endfacet
  facet normal 0 0 1
    outer loop
      vertex 159.213 79.7465 2
      vertex 159.213 77.4535 2
      vertex 159.322 77.5191 2
    endloop
  endfacet
  facet normal 0 0 1
    outer loop
      vertex 159.097 79.801 2
      vertex 159.213 77.4535 2
      vertex 159.213 79.7465 2
    endloop
  endfacet
  facet normal 0 0 1
    outer loop
      vertex 159.097 79.801 2
      vertex 159.097 77.399 2
      vertex 159.213 77.4535 2
    endloop
  endfacet
  facet normal 0 0 1
    outer loop
      vertex 158.977 79.844 2
      vertex 159.097 77.399 2
      vertex 159.097 79.801 2
    endloop
  endfacet
  facet normal 0 0 1
    outer loop
      vertex 158.977 79.844 2
      vertex 158.977 77.356 2
      vertex 159.097 77.399 2
    endloop
  endfacet
  facet normal 0 0 1
    outer loop
      vertex 158.854 79.875 2
      vertex 158.977 77.356 2
      vertex 158.977 79.844 2
    endloop
  endfacet
  facet normal 0 0 1
    outer loop
      vertex 158.854 79.875 2
      vertex 158.854 77.325 2
      vertex 158.977 77.356 2
    endloop
  endfacet
  facet normal 0 0 1
    outer loop
      vertex 158.727 79.8937 2
      vertex 158.854 77.325 2
      vertex 158.854 79.875 2
    endloop
  endfacet
  facet normal 0 0 1
    outer loop
      vertex 158.727 79.8937 2
      vertex 158.727 77.3063 2
      vertex 158.854 77.325 2
    endloop
  endfacet
  facet normal 0 0 1
    outer loop
      vertex 158.6 79.9 2
      vertex 158.727 77.3063 2
      vertex 158.727 79.8937 2
    endloop
  endfacet
  facet normal 0 0 1
    outer loop
      vertex 158.6 79.9 2
      vertex 158.6 77.3 2
      vertex 158.727 77.3063 2
    endloop
  endfacet
  facet normal -0 0 1
    outer loop
      vertex 158.473 79.8937 2
      vertex 158.6 77.3 2
      vertex 158.6 79.9 2
    endloop
  endfacet
  facet normal 0 0 1
    outer loop
      vertex 158.473 79.8937 2
      vertex 158.473 77.3063 2
      vertex 158.6 77.3 2
    endloop
  endfacet
  facet normal -0 0 1
    outer loop
      vertex 158.346 79.875 2
      vertex 158.473 77.3063 2
      vertex 158.473 79.8937 2
    endloop
  endfacet
  facet normal 0 0 1
    outer loop
      vertex 158.346 79.875 2
      vertex 158.346 77.325 2
      vertex 158.473 77.3063 2
    endloop
  endfacet
  facet normal -0 0 1
    outer loop
      vertex 158.223 79.844 2
      vertex 158.346 77.325 2
      vertex 158.346 79.875 2
    endloop
  endfacet
  facet normal 0 0 1
    outer loop
      vertex 158.223 79.844 2
      vertex 158.223 77.356 2
      vertex 158.346 77.325 2
    endloop
  endfacet
  facet normal -0 0 1
    outer loop
      vertex 158.103 79.801 2
      vertex 158.223 77.356 2
      vertex 158.223 79.844 2
    endloop
  endfacet
  facet normal 0 0 1
    outer loop
      vertex 158.103 79.801 2
      vertex 158.103 77.399 2
      vertex 158.223 77.356 2
    endloop
  endfacet
  facet normal -0 0 1
    outer loop
      vertex 157.987 79.7465 2
      vertex 158.103 77.399 2
      vertex 158.103 79.801 2
    endloop
  endfacet
  facet normal 0 0 1
    outer loop
      vertex 157.987 79.7465 2
      vertex 157.987 77.4535 2
      vertex 158.103 77.399 2
    endloop
  endfacet
  facet normal -0 0 1
    outer loop
      vertex 157.878 79.6809 2
      vertex 157.987 77.4535 2
      vertex 157.987 79.7465 2
    endloop
  endfacet
  facet normal 0 0 1
    outer loop
      vertex 157.878 79.6809 2
      vertex 157.878 77.5191 2
      vertex 157.987 77.4535 2
    endloop
  endfacet
  facet normal -0 0 1
    outer loop
      vertex 157.775 79.6049 2
      vertex 157.878 77.5191 2
      vertex 157.878 79.6809 2
    endloop
  endfacet
  facet normal 0 0 1
    outer loop
      vertex 157.775 79.6049 2
      vertex 157.775 77.5951 2
      vertex 157.878 77.5191 2
    endloop
  endfacet
  facet normal -0 0 1
    outer loop
      vertex 157.681 79.5192 2
      vertex 157.775 77.5951 2
      vertex 157.775 79.6049 2
    endloop
  endfacet
  facet normal 0 0 1
    outer loop
      vertex 157.681 79.5192 2
      vertex 157.681 77.6808 2
      vertex 157.775 77.5951 2
    endloop
  endfacet
  facet normal -0 0 1
    outer loop
      vertex 157.595 79.4247 2
      vertex 157.681 77.6808 2
      vertex 157.681 79.5192 2
    endloop
  endfacet
  facet normal 0 0 1
    outer loop
      vertex 157.595 79.4247 2
      vertex 157.595 77.7753 2
      vertex 157.681 77.6808 2
    endloop
  endfacet
  facet normal -0 0 1
    outer loop
      vertex 157.519 79.3222 2
      vertex 157.595 77.7753 2
      vertex 157.595 79.4247 2
    endloop
  endfacet
  facet normal 0 0 1
    outer loop
      vertex 157.519 79.3222 2
      vertex 157.519 77.8778 2
      vertex 157.595 77.7753 2
    endloop
  endfacet
  facet normal -0 0 1
    outer loop
      vertex 157.454 79.2128 2
      vertex 157.519 77.8778 2
      vertex 157.519 79.3222 2
    endloop
  endfacet
  facet normal 0 0 1
    outer loop
      vertex 157.454 79.2128 2
      vertex 157.454 77.9872 2
      vertex 157.519 77.8778 2
    endloop
  endfacet
  facet normal -0 0 1
    outer loop
      vertex 157.399 79.0975 2
      vertex 157.454 77.9872 2
      vertex 157.454 79.2128 2
    endloop
  endfacet
  facet normal 0 0 1
    outer loop
      vertex 157.399 79.0975 2
      vertex 157.399 78.1025 2
      vertex 157.454 77.9872 2
    endloop
  endfacet
  facet normal -0 0 1
    outer loop
      vertex 157.356 78.9774 2
      vertex 157.399 78.1025 2
      vertex 157.399 79.0975 2
    endloop
  endfacet
  facet normal 0 0 1
    outer loop
      vertex 157.356 78.9774 2
      vertex 157.356 78.2226 2
      vertex 157.399 78.1025 2
    endloop
  endfacet
  facet normal -0 0 1
    outer loop
      vertex 157.325 78.8536 2
      vertex 157.356 78.2226 2
      vertex 157.356 78.9774 2
    endloop
  endfacet
  facet normal 0 0 1
    outer loop
      vertex 157.325 78.8536 2
      vertex 157.325 78.3464 2
      vertex 157.356 78.2226 2
    endloop
  endfacet
  facet normal -0 0 1
    outer loop
      vertex 157.306 78.7274 2
      vertex 157.325 78.3464 2
      vertex 157.325 78.8536 2
    endloop
  endfacet
  facet normal 0 0 1
    outer loop
      vertex 157.306 78.7274 2
      vertex 157.306 78.4726 2
      vertex 157.325 78.3464 2
    endloop
  endfacet
  facet normal 0 -0 1
    outer loop
      vertex 157.306 78.4726 2
      vertex 157.306 78.7274 2
      vertex 157.3 78.6 2
    endloop
  endfacet
  facet normal 0.988856 0.148877 0
    outer loop
      vertex 157.325 78.3464 38
      vertex 157.306 78.4726 2
      vertex 157.306 78.4726 38
    endloop
  endfacet
  facet normal 0.988856 0.148877 0
    outer loop
      vertex 157.306 78.4726 2
      vertex 157.325 78.3464 38
      vertex 157.325 78.3464 2
    endloop
  endfacet
  facet normal 0.902571 -0.430541 0
    outer loop
      vertex 157.399 79.0975 38
      vertex 157.454 79.2128 2
      vertex 157.454 79.2128 38
    endloop
  endfacet
  facet normal 0.902571 -0.430541 0
    outer loop
      vertex 157.454 79.2128 2
      vertex 157.399 79.0975 38
      vertex 157.399 79.0975 2
    endloop
  endfacet
  facet normal -0.24439 0.969677 0
    outer loop
      vertex 158.977 77.356 2
      vertex 158.854 77.325 38
      vertex 158.977 77.356 38
    endloop
  endfacet
  facet normal -0.24439 0.969677 0
    outer loop
      vertex 158.854 77.325 38
      vertex 158.977 77.356 2
      vertex 158.854 77.325 2
    endloop
  endfacet
  facet normal 0.739586 0.673062 0
    outer loop
      vertex 157.681 77.6808 38
      vertex 157.595 77.7753 2
      vertex 157.595 77.7753 38
    endloop
  endfacet
  facet normal 0.739586 0.673062 0
    outer loop
      vertex 157.595 77.7753 2
      vertex 157.681 77.6808 38
      vertex 157.681 77.6808 2
    endloop
  endfacet
  facet normal -0.97005 0.242904 0
    outer loop
      vertex 159.844 78.2226 2
      vertex 159.875 78.3464 38
      vertex 159.875 78.3464 2
    endloop
  endfacet
  facet normal -0.97005 0.242904 0
    outer loop
      vertex 159.875 78.3464 38
      vertex 159.844 78.2226 2
      vertex 159.844 78.2226 38
    endloop
  endfacet
  facet normal 0.673729 0.738979 -0
    outer loop
      vertex 157.775 77.5951 2
      vertex 157.681 77.6808 38
      vertex 157.775 77.5951 38
    endloop
  endfacet
  facet normal 0.673729 0.738979 0
    outer loop
      vertex 157.681 77.6808 38
      vertex 157.775 77.5951 2
      vertex 157.681 77.6808 2
    endloop
  endfacet
  facet normal 0.739586 -0.673062 0
    outer loop
      vertex 157.595 79.4247 38
      vertex 157.681 79.5192 2
      vertex 157.681 79.5192 38
    endloop
  endfacet
  facet normal 0.739586 -0.673062 0
    outer loop
      vertex 157.681 79.5192 2
      vertex 157.595 79.4247 38
      vertex 157.595 79.4247 2
    endloop
  endfacet
  facet normal 0.515651 0.856799 -0
    outer loop
      vertex 157.987 77.4535 2
      vertex 157.878 77.5191 38
      vertex 157.987 77.4535 38
    endloop
  endfacet
  facet normal 0.515651 0.856799 0
    outer loop
      vertex 157.878 77.5191 38
      vertex 157.987 77.4535 2
      vertex 157.878 77.5191 2
    endloop
  endfacet
  facet normal 0.24439 0.969677 -0
    outer loop
      vertex 158.346 77.325 2
      vertex 158.223 77.356 38
      vertex 158.346 77.325 38
    endloop
  endfacet
  facet normal 0.24439 0.969677 0
    outer loop
      vertex 158.223 77.356 38
      vertex 158.346 77.325 2
      vertex 158.223 77.356 2
    endloop
  endfacet
  facet normal 0.859704 0.510793 0
    outer loop
      vertex 157.519 77.8778 38
      vertex 157.454 77.9872 2
      vertex 157.454 77.9872 38
    endloop
  endfacet
  facet normal 0.859704 0.510793 0
    outer loop
      vertex 157.454 77.9872 2
      vertex 157.519 77.8778 38
      vertex 157.519 77.8778 2
    endloop
  endfacet
  facet normal -0.673729 0.738979 0
    outer loop
      vertex 159.519 77.6808 2
      vertex 159.425 77.5951 38
      vertex 159.519 77.6808 38
    endloop
  endfacet
  facet normal -0.673729 0.738979 0
    outer loop
      vertex 159.425 77.5951 38
      vertex 159.519 77.6808 2
      vertex 159.425 77.5951 2
    endloop
  endfacet
  facet normal -0.672622 0 -0.739986
    outer loop
      vertex 132.369 -2.39999 12.546
      vertex 132.514 0 12.4142
      vertex 132.514 -2.39999 12.4142
    endloop
  endfacet
  facet normal -0.672622 0 -0.739986
    outer loop
      vertex 132.514 0 12.4142
      vertex 132.369 -2.39999 12.546
      vertex 132.369 0 12.546
    endloop
  endfacet
  facet normal -0.989765 0 -0.142706
    outer loop
      vertex 133.09 -2.39999 11.196
      vertex 133.062 0 11.3902
      vertex 133.09 0 11.196
    endloop
  endfacet
  facet normal -0.989765 -0 -0.142706
    outer loop
      vertex 133.062 0 11.3902
      vertex 133.09 -2.39999 11.196
      vertex 133.062 -2.39999 11.3902
    endloop
  endfacet
  facet normal -0.998701 0 -0.0509541
    outer loop
      vertex 133.1 -2.39999 11
      vertex 133.09 0 11.196
      vertex 133.1 0 11
    endloop
  endfacet
  facet normal -0.998701 -0 -0.0509541
    outer loop
      vertex 133.09 0 11.196
      vertex 133.1 -2.39999 11
      vertex 133.09 -2.39999 11.196
    endloop
  endfacet
  facet normal 0.242297 0 -0.970202
    outer loop
      vertex 130.519 -2.39999 12.9139
      vertex 130.71 0 12.9616
      vertex 130.71 -2.39999 12.9616
    endloop
  endfacet
  facet normal 0.242297 0 -0.970202
    outer loop
      vertex 130.71 0 12.9616
      vertex 130.519 -2.39999 12.9139
      vertex 130.519 0 12.9139
    endloop
  endfacet
  facet normal 0.9038 -0 0.427955
    outer loop
      vertex 129.252 -2.39999 10.2346
      vertex 129.336 0 10.0572
      vertex 129.252 0 10.2346
    endloop
  endfacet
  facet normal 0.9038 0 0.427955
    outer loop
      vertex 129.336 0 10.0572
      vertex 129.252 -2.39999 10.2346
      vertex 129.336 -2.39999 10.0572
    endloop
  endfacet
  facet normal -0.514871 0 -0.857268
    outer loop
      vertex 132.043 -2.39999 12.7638
      vertex 132.211 0 12.6629
      vertex 132.211 -2.39999 12.6629
    endloop
  endfacet
  facet normal -0.514871 0 -0.857268
    outer loop
      vertex 132.211 0 12.6629
      vertex 132.043 -2.39999 12.7638
      vertex 132.043 0 12.7638
    endloop
  endfacet
  facet normal -0.969661 0 -0.244452
    outer loop
      vertex 133.062 -2.39999 11.3902
      vertex 133.014 0 11.5806
      vertex 133.062 0 11.3902
    endloop
  endfacet
  facet normal -0.969661 -0 -0.244452
    outer loop
      vertex 133.014 0 11.5806
      vertex 133.062 -2.39999 11.3902
      vertex 133.014 -2.39999 11.5806
    endloop
  endfacet
  facet normal 0.672622 0 -0.739986
    outer loop
      vertex 129.686 -2.39999 12.4142
      vertex 129.831 0 12.546
      vertex 129.831 -2.39999 12.546
    endloop
  endfacet
  facet normal 0.672622 0 -0.739986
    outer loop
      vertex 129.831 0 12.546
      vertex 129.686 -2.39999 12.4142
      vertex 129.686 0 12.4142
    endloop
  endfacet
  facet normal 0.969661 0 -0.244452
    outer loop
      vertex 129.186 -2.39999 11.5806
      vertex 129.138 0 11.3902
      vertex 129.186 0 11.5806
    endloop
  endfacet
  facet normal 0.969661 0 -0.244452
    outer loop
      vertex 129.138 0 11.3902
      vertex 129.186 -2.39999 11.5806
      vertex 129.138 -2.39999 11.3902
    endloop
  endfacet
  facet normal 0.514871 0 -0.857268
    outer loop
      vertex 129.989 -2.39999 12.6629
      vertex 130.157 0 12.7638
      vertex 130.157 -2.39999 12.7638
    endloop
  endfacet
  facet normal 0.514871 0 -0.857268
    outer loop
      vertex 130.157 0 12.7638
      vertex 129.989 -2.39999 12.6629
      vertex 129.989 0 12.6629
    endloop
  endfacet
  facet normal -0.146844 0 0.98916
    outer loop
      vertex 131.296 0 9.00963
      vertex 131.49 -2.39999 9.03843
      vertex 131.49 0 9.03843
    endloop
  endfacet
  facet normal -0.146844 0 0.98916
    outer loop
      vertex 131.49 -2.39999 9.03843
      vertex 131.296 0 9.00963
      vertex 131.296 -2.39999 9.00963
    endloop
  endfacet
  facet normal 0.941742 -0 0.336336
    outer loop
      vertex 129.186 -2.39999 10.4194
      vertex 129.252 0 10.2346
      vertex 129.186 0 10.4194
    endloop
  endfacet
  facet normal 0.941742 0 0.336336
    outer loop
      vertex 129.252 0 10.2346
      vertex 129.186 -2.39999 10.4194
      vertex 129.252 -2.39999 10.2346
    endloop
  endfacet
  facet normal -0.514871 0 0.857268
    outer loop
      vertex 132.043 0 9.23616
      vertex 132.211 -2.39999 9.33706
      vertex 132.211 0 9.33706
    endloop
  endfacet
  facet normal -0.514871 0 0.857268
    outer loop
      vertex 132.211 -2.39999 9.33706
      vertex 132.043 0 9.23616
      vertex 132.043 -2.39999 9.23616
    endloop
  endfacet
  facet normal -0.9038 0 -0.427955
    outer loop
      vertex 132.948 -2.39999 11.7654
      vertex 132.864 0 11.9428
      vertex 132.948 0 11.7654
    endloop
  endfacet
  facet normal -0.9038 -0 -0.427955
    outer loop
      vertex 132.864 0 11.9428
      vertex 132.948 -2.39999 11.7654
      vertex 132.864 -2.39999 11.9428
    endloop
  endfacet
  facet normal 0.9038 0 -0.427955
    outer loop
      vertex 129.336 -2.39999 11.9428
      vertex 129.252 0 11.7654
      vertex 129.336 0 11.9428
    endloop
  endfacet
  facet normal 0.9038 0 -0.427955
    outer loop
      vertex 129.252 0 11.7654
      vertex 129.336 -2.39999 11.9428
      vertex 129.252 -2.39999 11.7654
    endloop
  endfacet
  facet normal 0.803106 0 -0.595836
    outer loop
      vertex 129.554 -2.39999 12.2688
      vertex 129.437 0 12.1111
      vertex 129.554 0 12.2688
    endloop
  endfacet
  facet normal 0.803106 0 -0.595836
    outer loop
      vertex 129.437 0 12.1111
      vertex 129.554 -2.39999 12.2688
      vertex 129.437 -2.39999 12.1111
    endloop
  endfacet
  facet normal -0.803015 0 0.595958
    outer loop
      vertex 132.646 -2.39999 9.73121
      vertex 132.763 0 9.88886
      vertex 132.646 0 9.73121
    endloop
  endfacet
  facet normal -0.803015 0 0.595958
    outer loop
      vertex 132.763 0 9.88886
      vertex 132.646 -2.39999 9.73121
      vertex 132.763 -2.39999 9.88886
    endloop
  endfacet
  facet normal -0.146844 0 -0.98916
    outer loop
      vertex 131.296 -2.39999 12.9904
      vertex 131.49 0 12.9616
      vertex 131.49 -2.39999 12.9616
    endloop
  endfacet
  facet normal -0.146844 0 -0.98916
    outer loop
      vertex 131.49 0 12.9616
      vertex 131.296 -2.39999 12.9904
      vertex 131.296 0 12.9904
    endloop
  endfacet
  facet normal -0.338176 0 0.941083
    outer loop
      vertex 131.681 0 9.08612
      vertex 131.865 -2.39999 9.15224
      vertex 131.865 0 9.15224
    endloop
  endfacet
  facet normal -0.338176 0 0.941083
    outer loop
      vertex 131.865 -2.39999 9.15224
      vertex 131.681 0 9.08612
      vertex 131.681 -2.39999 9.08612
    endloop
  endfacet
  facet normal -0.803106 0 -0.595836
    outer loop
      vertex 132.763 -2.39999 12.1111
      vertex 132.646 0 12.2688
      vertex 132.763 0 12.1111
    endloop
  endfacet
  facet normal -0.803106 -0 -0.595836
    outer loop
      vertex 132.646 0 12.2688
      vertex 132.763 -2.39999 12.1111
      vertex 132.646 -2.39999 12.2688
    endloop
  endfacet
  facet normal -0.0489209 0 -0.998803
    outer loop
      vertex 131.1 -2.39999 13
      vertex 131.296 0 12.9904
      vertex 131.296 -2.39999 12.9904
    endloop
  endfacet
  facet normal -0.0489209 0 -0.998803
    outer loop
      vertex 131.296 0 12.9904
      vertex 131.1 -2.39999 13
      vertex 131.1 0 13
    endloop
  endfacet
  facet normal 0.989765 0 -0.142706
    outer loop
      vertex 129.138 -2.39999 11.3902
      vertex 129.11 0 11.196
      vertex 129.138 0 11.3902
    endloop
  endfacet
  facet normal 0.989765 0 -0.142706
    outer loop
      vertex 129.11 0 11.196
      vertex 129.138 -2.39999 11.3902
      vertex 129.11 -2.39999 11.196
    endloop
  endfacet
  facet normal 0.857502 -0 0.514481
    outer loop
      vertex 129.336 -2.39999 10.0572
      vertex 129.437 0 9.88886
      vertex 129.336 0 10.0572
    endloop
  endfacet
  facet normal 0.857502 0 0.514481
    outer loop
      vertex 129.437 0 9.88886
      vertex 129.336 -2.39999 10.0572
      vertex 129.437 -2.39999 9.88886
    endloop
  endfacet
  facet normal -0.857502 0 0.514481
    outer loop
      vertex 132.763 -2.39999 9.88886
      vertex 132.864 0 10.0572
      vertex 132.763 0 9.88886
    endloop
  endfacet
  facet normal -0.857502 0 0.514481
    outer loop
      vertex 132.864 0 10.0572
      vertex 132.763 -2.39999 9.88886
      vertex 132.864 -2.39999 10.0572
    endloop
  endfacet
  facet normal 0.989765 -0 0.142706
    outer loop
      vertex 129.11 -2.39999 10.804
      vertex 129.138 0 10.6098
      vertex 129.11 0 10.804
    endloop
  endfacet
  facet normal 0.989765 0 0.142706
    outer loop
      vertex 129.138 0 10.6098
      vertex 129.11 -2.39999 10.804
      vertex 129.138 -2.39999 10.6098
    endloop
  endfacet
  facet normal 0.426775 0 -0.904358
    outer loop
      vertex 130.157 -2.39999 12.7638
      vertex 130.335 0 12.8478
      vertex 130.335 -2.39999 12.8478
    endloop
  endfacet
  facet normal 0.426775 0 -0.904358
    outer loop
      vertex 130.335 0 12.8478
      vertex 130.157 -2.39999 12.7638
      vertex 130.157 0 12.7638
    endloop
  endfacet
  facet normal 0.857448 0 -0.514571
    outer loop
      vertex 129.437 -2.39999 12.1111
      vertex 129.336 0 11.9428
      vertex 129.437 0 12.1111
    endloop
  endfacet
  facet normal 0.857448 0 -0.514571
    outer loop
      vertex 129.336 0 11.9428
      vertex 129.437 -2.39999 12.1111
      vertex 129.336 -2.39999 11.9428
    endloop
  endfacet
  facet normal -0.998701 0 0.0509541
    outer loop
      vertex 133.09 -2.39999 10.804
      vertex 133.1 0 11
      vertex 133.09 0 10.804
    endloop
  endfacet
  facet normal -0.998701 0 0.0509541
    outer loop
      vertex 133.1 0 11
      vertex 133.09 -2.39999 10.804
      vertex 133.1 -2.39999 11
    endloop
  endfacet
  facet normal -0.941742 0 0.336336
    outer loop
      vertex 132.948 -2.39999 10.2346
      vertex 133.014 0 10.4194
      vertex 132.948 0 10.2346
    endloop
  endfacet
  facet normal -0.941742 0 0.336336
    outer loop
      vertex 133.014 0 10.4194
      vertex 132.948 -2.39999 10.2346
      vertex 133.014 -2.39999 10.4194
    endloop
  endfacet
  facet normal -0.242249 0 0.970214
    outer loop
      vertex 131.49 0 9.03843
      vertex 131.681 -2.39999 9.08612
      vertex 131.681 0 9.08612
    endloop
  endfacet
  facet normal -0.242249 0 0.970214
    outer loop
      vertex 131.681 -2.39999 9.08612
      vertex 131.49 0 9.03843
      vertex 131.49 -2.39999 9.03843
    endloop
  endfacet
  facet normal -0.857448 0 -0.514571
    outer loop
      vertex 132.864 -2.39999 11.9428
      vertex 132.763 0 12.1111
      vertex 132.864 0 11.9428
    endloop
  endfacet
  facet normal -0.857448 -0 -0.514571
    outer loop
      vertex 132.763 0 12.1111
      vertex 132.864 -2.39999 11.9428
      vertex 132.763 -2.39999 12.1111
    endloop
  endfacet
  facet normal -0.941742 0 -0.336336
    outer loop
      vertex 133.014 -2.39999 11.5806
      vertex 132.948 0 11.7654
      vertex 133.014 0 11.5806
    endloop
  endfacet
  facet normal -0.941742 -0 -0.336336
    outer loop
      vertex 132.948 0 11.7654
      vertex 133.014 -2.39999 11.5806
      vertex 132.948 -2.39999 11.7654
    endloop
  endfacet
  facet normal -0.989765 0 0.142706
    outer loop
      vertex 133.062 -2.39999 10.6098
      vertex 133.09 0 10.804
      vertex 133.062 0 10.6098
    endloop
  endfacet
  facet normal -0.989765 0 0.142706
    outer loop
      vertex 133.09 0 10.804
      vertex 133.062 -2.39999 10.6098
      vertex 133.09 -2.39999 10.804
    endloop
  endfacet
  facet normal 0.594843 0 0.803842
    outer loop
      vertex 129.831 0 9.45398
      vertex 129.989 -2.39999 9.33706
      vertex 129.989 0 9.33706
    endloop
  endfacet
  facet normal 0.594843 0 0.803842
    outer loop
      vertex 129.989 -2.39999 9.33706
      vertex 129.831 0 9.45398
      vertex 129.831 -2.39999 9.45398
    endloop
  endfacet
  facet normal -0.969661 0 0.244452
    outer loop
      vertex 133.014 -2.39999 10.4194
      vertex 133.062 0 10.6098
      vertex 133.014 0 10.4194
    endloop
  endfacet
  facet normal -0.969661 0 0.244452
    outer loop
      vertex 133.062 0 10.6098
      vertex 133.014 -2.39999 10.4194
      vertex 133.062 -2.39999 10.6098
    endloop
  endfacet
  facet normal 0.338176 0 0.941083
    outer loop
      vertex 130.335 0 9.15224
      vertex 130.519 -2.39999 9.08612
      vertex 130.519 0 9.08612
    endloop
  endfacet
  facet normal 0.338176 0 0.941083
    outer loop
      vertex 130.519 -2.39999 9.08612
      vertex 130.335 0 9.15224
      vertex 130.335 -2.39999 9.15224
    endloop
  endfacet
  facet normal -0.338085 0 -0.941115
    outer loop
      vertex 131.681 -2.39999 12.9139
      vertex 131.865 0 12.8478
      vertex 131.865 -2.39999 12.8478
    endloop
  endfacet
  facet normal -0.338085 0 -0.941115
    outer loop
      vertex 131.865 0 12.8478
      vertex 131.681 -2.39999 12.9139
      vertex 131.681 0 12.9139
    endloop
  endfacet
  facet normal -0.594777 0 -0.803891
    outer loop
      vertex 132.211 -2.39999 12.6629
      vertex 132.369 0 12.546
      vertex 132.369 -2.39999 12.546
    endloop
  endfacet
  facet normal -0.594777 0 -0.803891
    outer loop
      vertex 132.369 0 12.546
      vertex 132.211 -2.39999 12.6629
      vertex 132.211 0 12.6629
    endloop
  endfacet
  facet normal 0.514871 0 0.857268
    outer loop
      vertex 129.989 0 9.33706
      vertex 130.157 -2.39999 9.23616
      vertex 130.157 0 9.23616
    endloop
  endfacet
  facet normal 0.514871 0 0.857268
    outer loop
      vertex 130.157 -2.39999 9.23616
      vertex 129.989 0 9.33706
      vertex 129.989 -2.39999 9.33706
    endloop
  endfacet
  facet normal -0.426775 0 -0.904358
    outer loop
      vertex 131.865 -2.39999 12.8478
      vertex 132.043 0 12.7638
      vertex 132.043 -2.39999 12.7638
    endloop
  endfacet
  facet normal -0.426775 0 -0.904358
    outer loop
      vertex 132.043 0 12.7638
      vertex 131.865 -2.39999 12.8478
      vertex 131.865 0 12.8478
    endloop
  endfacet
  facet normal 0.594777 0 -0.803891
    outer loop
      vertex 129.831 -2.39999 12.546
      vertex 129.989 0 12.6629
      vertex 129.989 -2.39999 12.6629
    endloop
  endfacet
  facet normal 0.594777 0 -0.803891
    outer loop
      vertex 129.989 0 12.6629
      vertex 129.831 -2.39999 12.546
      vertex 129.831 0 12.546
    endloop
  endfacet
  facet normal 0.998701 -0 0.0509541
    outer loop
      vertex 129.1 -2.39999 11
      vertex 129.11 0 10.804
      vertex 129.1 0 11
    endloop
  endfacet
  facet normal 0.998701 0 0.0509541
    outer loop
      vertex 129.11 0 10.804
      vertex 129.1 -2.39999 11
      vertex 129.11 -2.39999 10.804
    endloop
  endfacet
  facet normal 0.803015 -0 0.595958
    outer loop
      vertex 129.437 -2.39999 9.88886
      vertex 129.554 0 9.73121
      vertex 129.437 0 9.88886
    endloop
  endfacet
  facet normal 0.803015 0 0.595958
    outer loop
      vertex 129.554 0 9.73121
      vertex 129.437 -2.39999 9.88886
      vertex 129.554 -2.39999 9.73121
    endloop
  endfacet
  facet normal 0.0490735 0 0.998795
    outer loop
      vertex 130.904 0 9.00963
      vertex 131.1 -2.39999 9
      vertex 131.1 0 9
    endloop
  endfacet
  facet normal 0.0490735 0 0.998795
    outer loop
      vertex 131.1 -2.39999 9
      vertex 130.904 0 9.00963
      vertex 130.904 -2.39999 9.00963
    endloop
  endfacet
  facet normal 0.740401 0 -0.672166
    outer loop
      vertex 129.686 -2.39999 12.4142
      vertex 129.554 0 12.2688
      vertex 129.686 0 12.4142
    endloop
  endfacet
  facet normal 0.740401 0 -0.672166
    outer loop
      vertex 129.554 0 12.2688
      vertex 129.686 -2.39999 12.4142
      vertex 129.554 -2.39999 12.2688
    endloop
  endfacet
  facet normal -0.0490735 0 0.998795
    outer loop
      vertex 131.1 0 9
      vertex 131.296 -2.39999 9.00963
      vertex 131.296 0 9.00963
    endloop
  endfacet
  facet normal -0.0490735 0 0.998795
    outer loop
      vertex 131.296 -2.39999 9.00963
      vertex 131.1 0 9
      vertex 131.1 -2.39999 9
    endloop
  endfacet
  facet normal 0.146844 0 -0.98916
    outer loop
      vertex 130.71 -2.39999 12.9616
      vertex 130.904 0 12.9904
      vertex 130.904 -2.39999 12.9904
    endloop
  endfacet
  facet normal 0.146844 0 -0.98916
    outer loop
      vertex 130.904 0 12.9904
      vertex 130.71 -2.39999 12.9616
      vertex 130.71 0 12.9616
    endloop
  endfacet
  facet normal 0.338085 0 -0.941115
    outer loop
      vertex 130.335 -2.39999 12.8478
      vertex 130.519 0 12.9139
      vertex 130.519 -2.39999 12.9139
    endloop
  endfacet
  facet normal 0.338085 0 -0.941115
    outer loop
      vertex 130.519 0 12.9139
      vertex 130.335 -2.39999 12.8478
      vertex 130.335 0 12.8478
    endloop
  endfacet
  facet normal 0.242249 0 0.970214
    outer loop
      vertex 130.519 0 9.08612
      vertex 130.71 -2.39999 9.03843
      vertex 130.71 0 9.03843
    endloop
  endfacet
  facet normal 0.242249 0 0.970214
    outer loop
      vertex 130.71 -2.39999 9.03843
      vertex 130.519 0 9.08612
      vertex 130.519 -2.39999 9.08612
    endloop
  endfacet
  facet normal -0.67265 0 0.739961
    outer loop
      vertex 132.369 0 9.45398
      vertex 132.514 -2.39999 9.58579
      vertex 132.514 0 9.58579
    endloop
  endfacet
  facet normal -0.67265 0 0.739961
    outer loop
      vertex 132.514 -2.39999 9.58579
      vertex 132.369 0 9.45398
      vertex 132.369 -2.39999 9.45398
    endloop
  endfacet
  facet normal 0.740447 -0 0.672115
    outer loop
      vertex 129.554 -2.39999 9.73121
      vertex 129.686 0 9.58579
      vertex 129.554 0 9.73121
    endloop
  endfacet
  facet normal 0.740447 0 0.672115
    outer loop
      vertex 129.686 0 9.58579
      vertex 129.554 -2.39999 9.73121
      vertex 129.686 -2.39999 9.58579
    endloop
  endfacet
  facet normal 0.67265 0 0.739961
    outer loop
      vertex 129.686 0 9.58579
      vertex 129.831 -2.39999 9.45398
      vertex 129.831 0 9.45398
    endloop
  endfacet
  facet normal 0.67265 0 0.739961
    outer loop
      vertex 129.831 -2.39999 9.45398
      vertex 129.686 0 9.58579
      vertex 129.686 -2.39999 9.58579
    endloop
  endfacet
  facet normal 0.969661 -0 0.244452
    outer loop
      vertex 129.138 -2.39999 10.6098
      vertex 129.186 0 10.4194
      vertex 129.138 0 10.6098
    endloop
  endfacet
  facet normal 0.969661 0 0.244452
    outer loop
      vertex 129.186 0 10.4194
      vertex 129.138 -2.39999 10.6098
      vertex 129.186 -2.39999 10.4194
    endloop
  endfacet
  facet normal 0.426443 0 0.904514
    outer loop
      vertex 130.157 0 9.23616
      vertex 130.335 -2.39999 9.15224
      vertex 130.335 0 9.15224
    endloop
  endfacet
  facet normal 0.426443 0 0.904514
    outer loop
      vertex 130.335 -2.39999 9.15224
      vertex 130.157 0 9.23616
      vertex 130.157 -2.39999 9.23616
    endloop
  endfacet
  facet normal -0.426443 0 0.904514
    outer loop
      vertex 131.865 0 9.15224
      vertex 132.043 -2.39999 9.23616
      vertex 132.043 0 9.23616
    endloop
  endfacet
  facet normal -0.426443 0 0.904514
    outer loop
      vertex 132.043 -2.39999 9.23616
      vertex 131.865 0 9.15224
      vertex 131.865 -2.39999 9.15224
    endloop
  endfacet
  facet normal 0.0489209 0 -0.998803
    outer loop
      vertex 130.904 -2.39999 12.9904
      vertex 131.1 0 13
      vertex 131.1 -2.39999 13
    endloop
  endfacet
  facet normal 0.0489209 0 -0.998803
    outer loop
      vertex 131.1 0 13
      vertex 130.904 -2.39999 12.9904
      vertex 130.904 0 12.9904
    endloop
  endfacet
  facet normal -0.9038 0 0.427955
    outer loop
      vertex 132.864 -2.39999 10.0572
      vertex 132.948 0 10.2346
      vertex 132.864 0 10.0572
    endloop
  endfacet
  facet normal -0.9038 0 0.427955
    outer loop
      vertex 132.948 0 10.2346
      vertex 132.864 -2.39999 10.0572
      vertex 132.948 -2.39999 10.2346
    endloop
  endfacet
  facet normal -0.740401 0 -0.672166
    outer loop
      vertex 132.646 -2.39999 12.2688
      vertex 132.514 0 12.4142
      vertex 132.646 0 12.2688
    endloop
  endfacet
  facet normal -0.740401 -0 -0.672166
    outer loop
      vertex 132.514 0 12.4142
      vertex 132.646 -2.39999 12.2688
      vertex 132.514 -2.39999 12.4142
    endloop
  endfacet
  facet normal -0.242297 0 -0.970202
    outer loop
      vertex 131.49 -2.39999 12.9616
      vertex 131.681 0 12.9139
      vertex 131.681 -2.39999 12.9139
    endloop
  endfacet
  facet normal -0.242297 0 -0.970202
    outer loop
      vertex 131.681 0 12.9139
      vertex 131.49 -2.39999 12.9616
      vertex 131.49 0 12.9616
    endloop
  endfacet
  facet normal -0.594843 0 0.803842
    outer loop
      vertex 132.211 0 9.33706
      vertex 132.369 -2.39999 9.45398
      vertex 132.369 0 9.45398
    endloop
  endfacet
  facet normal -0.594843 0 0.803842
    outer loop
      vertex 132.369 -2.39999 9.45398
      vertex 132.211 0 9.33706
      vertex 132.211 -2.39999 9.33706
    endloop
  endfacet
  facet normal 0.941742 0 -0.336336
    outer loop
      vertex 129.252 -2.39999 11.7654
      vertex 129.186 0 11.5806
      vertex 129.252 0 11.7654
    endloop
  endfacet
  facet normal 0.941742 0 -0.336336
    outer loop
      vertex 129.186 0 11.5806
      vertex 129.252 -2.39999 11.7654
      vertex 129.186 -2.39999 11.5806
    endloop
  endfacet
  facet normal 0.146844 0 0.98916
    outer loop
      vertex 130.71 0 9.03843
      vertex 130.904 -2.39999 9.00963
      vertex 130.904 0 9.00963
    endloop
  endfacet
  facet normal 0.146844 0 0.98916
    outer loop
      vertex 130.904 -2.39999 9.00963
      vertex 130.71 0 9.03843
      vertex 130.71 -2.39999 9.03843
    endloop
  endfacet
  facet normal 0.998701 0 -0.0509541
    outer loop
      vertex 129.11 -2.39999 11.196
      vertex 129.1 0 11
      vertex 129.11 0 11.196
    endloop
  endfacet
  facet normal 0.998701 0 -0.0509541
    outer loop
      vertex 129.1 0 11
      vertex 129.11 -2.39999 11.196
      vertex 129.1 -2.39999 11
    endloop
  endfacet
  facet normal -0.740447 0 0.672115
    outer loop
      vertex 132.514 -2.39999 9.58579
      vertex 132.646 0 9.73121
      vertex 132.514 0 9.58579
    endloop
  endfacet
  facet normal -0.740447 0 0.672115
    outer loop
      vertex 132.646 0 9.73121
      vertex 132.514 -2.39999 9.58579
      vertex 132.646 -2.39999 9.73121
    endloop
  endfacet
  facet normal -0.672622 0 -0.739986
    outer loop
      vertex 142.369 -2.39999 12.546
      vertex 142.514 0 12.4142
      vertex 142.514 -2.39999 12.4142
    endloop
  endfacet
  facet normal -0.672622 0 -0.739986
    outer loop
      vertex 142.514 0 12.4142
      vertex 142.369 -2.39999 12.546
      vertex 142.369 0 12.546
    endloop
  endfacet
  facet normal -0.989765 0 -0.142706
    outer loop
      vertex 143.09 -2.39999 11.196
      vertex 143.062 0 11.3902
      vertex 143.09 0 11.196
    endloop
  endfacet
  facet normal -0.989765 -0 -0.142706
    outer loop
      vertex 143.062 0 11.3902
      vertex 143.09 -2.39999 11.196
      vertex 143.062 -2.39999 11.3902
    endloop
  endfacet
  facet normal -0.998701 0 -0.0509541
    outer loop
      vertex 143.1 -2.39999 11
      vertex 143.09 0 11.196
      vertex 143.1 0 11
    endloop
  endfacet
  facet normal -0.998701 -0 -0.0509541
    outer loop
      vertex 143.09 0 11.196
      vertex 143.1 -2.39999 11
      vertex 143.09 -2.39999 11.196
    endloop
  endfacet
  facet normal 0.242297 0 -0.970202
    outer loop
      vertex 140.519 -2.39999 12.9139
      vertex 140.71 0 12.9616
      vertex 140.71 -2.39999 12.9616
    endloop
  endfacet
  facet normal 0.242297 0 -0.970202
    outer loop
      vertex 140.71 0 12.9616
      vertex 140.519 -2.39999 12.9139
      vertex 140.519 0 12.9139
    endloop
  endfacet
  facet normal 0.9038 -0 0.427955
    outer loop
      vertex 139.252 -2.39999 10.2346
      vertex 139.336 0 10.0572
      vertex 139.252 0 10.2346
    endloop
  endfacet
  facet normal 0.9038 0 0.427955
    outer loop
      vertex 139.336 0 10.0572
      vertex 139.252 -2.39999 10.2346
      vertex 139.336 -2.39999 10.0572
    endloop
  endfacet
  facet normal -0.514871 0 -0.857268
    outer loop
      vertex 142.043 -2.39999 12.7638
      vertex 142.211 0 12.6629
      vertex 142.211 -2.39999 12.6629
    endloop
  endfacet
  facet normal -0.514871 0 -0.857268
    outer loop
      vertex 142.211 0 12.6629
      vertex 142.043 -2.39999 12.7638
      vertex 142.043 0 12.7638
    endloop
  endfacet
  facet normal -0.969661 0 -0.244452
    outer loop
      vertex 143.062 -2.39999 11.3902
      vertex 143.014 0 11.5806
      vertex 143.062 0 11.3902
    endloop
  endfacet
  facet normal -0.969661 -0 -0.244452
    outer loop
      vertex 143.014 0 11.5806
      vertex 143.062 -2.39999 11.3902
      vertex 143.014 -2.39999 11.5806
    endloop
  endfacet
  facet normal 0.672622 0 -0.739986
    outer loop
      vertex 139.686 -2.39999 12.4142
      vertex 139.831 0 12.546
      vertex 139.831 -2.39999 12.546
    endloop
  endfacet
  facet normal 0.672622 0 -0.739986
    outer loop
      vertex 139.831 0 12.546
      vertex 139.686 -2.39999 12.4142
      vertex 139.686 0 12.4142
    endloop
  endfacet
  facet normal 0.969661 0 -0.244452
    outer loop
      vertex 139.186 -2.39999 11.5806
      vertex 139.138 0 11.3902
      vertex 139.186 0 11.5806
    endloop
  endfacet
  facet normal 0.969661 0 -0.244452
    outer loop
      vertex 139.138 0 11.3902
      vertex 139.186 -2.39999 11.5806
      vertex 139.138 -2.39999 11.3902
    endloop
  endfacet
  facet normal 0.514871 0 -0.857268
    outer loop
      vertex 139.989 -2.39999 12.6629
      vertex 140.157 0 12.7638
      vertex 140.157 -2.39999 12.7638
    endloop
  endfacet
  facet normal 0.514871 0 -0.857268
    outer loop
      vertex 140.157 0 12.7638
      vertex 139.989 -2.39999 12.6629
      vertex 139.989 0 12.6629
    endloop
  endfacet
  facet normal -0.146844 0 0.98916
    outer loop
      vertex 141.296 0 9.00963
      vertex 141.49 -2.39999 9.03843
      vertex 141.49 0 9.03843
    endloop
  endfacet
  facet normal -0.146844 0 0.98916
    outer loop
      vertex 141.49 -2.39999 9.03843
      vertex 141.296 0 9.00963
      vertex 141.296 -2.39999 9.00963
    endloop
  endfacet
  facet normal 0.941742 -0 0.336336
    outer loop
      vertex 139.186 -2.39999 10.4194
      vertex 139.252 0 10.2346
      vertex 139.186 0 10.4194
    endloop
  endfacet
  facet normal 0.941742 0 0.336336
    outer loop
      vertex 139.252 0 10.2346
      vertex 139.186 -2.39999 10.4194
      vertex 139.252 -2.39999 10.2346
    endloop
  endfacet
  facet normal -0.514871 0 0.857268
    outer loop
      vertex 142.043 0 9.23616
      vertex 142.211 -2.39999 9.33706
      vertex 142.211 0 9.33706
    endloop
  endfacet
  facet normal -0.514871 0 0.857268
    outer loop
      vertex 142.211 -2.39999 9.33706
      vertex 142.043 0 9.23616
      vertex 142.043 -2.39999 9.23616
    endloop
  endfacet
  facet normal -0.0489209 0 -0.998803
    outer loop
      vertex 141.1 -2.39999 13
      vertex 141.296 0 12.9904
      vertex 141.296 -2.39999 12.9904
    endloop
  endfacet
  facet normal -0.0489209 0 -0.998803
    outer loop
      vertex 141.296 0 12.9904
      vertex 141.1 -2.39999 13
      vertex 141.1 0 13
    endloop
  endfacet
  facet normal -0.9038 0 -0.427955
    outer loop
      vertex 142.948 -2.39999 11.7654
      vertex 142.864 0 11.9428
      vertex 142.948 0 11.7654
    endloop
  endfacet
  facet normal -0.9038 -0 -0.427955
    outer loop
      vertex 142.864 0 11.9428
      vertex 142.948 -2.39999 11.7654
      vertex 142.864 -2.39999 11.9428
    endloop
  endfacet
  facet normal 0.9038 0 -0.427955
    outer loop
      vertex 139.336 -2.39999 11.9428
      vertex 139.252 0 11.7654
      vertex 139.336 0 11.9428
    endloop
  endfacet
  facet normal 0.9038 0 -0.427955
    outer loop
      vertex 139.252 0 11.7654
      vertex 139.336 -2.39999 11.9428
      vertex 139.252 -2.39999 11.7654
    endloop
  endfacet
  facet normal 0.803106 0 -0.595836
    outer loop
      vertex 139.554 -2.39999 12.2688
      vertex 139.437 0 12.1111
      vertex 139.554 0 12.2688
    endloop
  endfacet
  facet normal 0.803106 0 -0.595836
    outer loop
      vertex 139.437 0 12.1111
      vertex 139.554 -2.39999 12.2688
      vertex 139.437 -2.39999 12.1111
    endloop
  endfacet
  facet normal -0.803015 0 0.595958
    outer loop
      vertex 142.646 -2.39999 9.73121
      vertex 142.763 0 9.88886
      vertex 142.646 0 9.73121
    endloop
  endfacet
  facet normal -0.803015 0 0.595958
    outer loop
      vertex 142.763 0 9.88886
      vertex 142.646 -2.39999 9.73121
      vertex 142.763 -2.39999 9.88886
    endloop
  endfacet
  facet normal -0.146844 0 -0.98916
    outer loop
      vertex 141.296 -2.39999 12.9904
      vertex 141.49 0 12.9616
      vertex 141.49 -2.39999 12.9616
    endloop
  endfacet
  facet normal -0.146844 0 -0.98916
    outer loop
      vertex 141.49 0 12.9616
      vertex 141.296 -2.39999 12.9904
      vertex 141.296 0 12.9904
    endloop
  endfacet
  facet normal -0.338176 0 0.941083
    outer loop
      vertex 141.681 0 9.08612
      vertex 141.865 -2.39999 9.15224
      vertex 141.865 0 9.15224
    endloop
  endfacet
  facet normal -0.338176 0 0.941083
    outer loop
      vertex 141.865 -2.39999 9.15224
      vertex 141.681 0 9.08612
      vertex 141.681 -2.39999 9.08612
    endloop
  endfacet
  facet normal -0.803106 0 -0.595836
    outer loop
      vertex 142.763 -2.39999 12.1111
      vertex 142.646 0 12.2688
      vertex 142.763 0 12.1111
    endloop
  endfacet
  facet normal -0.803106 -0 -0.595836
    outer loop
      vertex 142.646 0 12.2688
      vertex 142.763 -2.39999 12.1111
      vertex 142.646 -2.39999 12.2688
    endloop
  endfacet
  facet normal 0.989765 0 -0.142706
    outer loop
      vertex 139.138 -2.39999 11.3902
      vertex 139.11 0 11.196
      vertex 139.138 0 11.3902
    endloop
  endfacet
  facet normal 0.989765 0 -0.142706
    outer loop
      vertex 139.11 0 11.196
      vertex 139.138 -2.39999 11.3902
      vertex 139.11 -2.39999 11.196
    endloop
  endfacet
  facet normal 0.857502 -0 0.514481
    outer loop
      vertex 139.336 -2.39999 10.0572
      vertex 139.437 0 9.88886
      vertex 139.336 0 10.0572
    endloop
  endfacet
  facet normal 0.857502 0 0.514481
    outer loop
      vertex 139.437 0 9.88886
      vertex 139.336 -2.39999 10.0572
      vertex 139.437 -2.39999 9.88886
    endloop
  endfacet
  facet normal -0.857502 0 0.514481
    outer loop
      vertex 142.763 -2.39999 9.88886
      vertex 142.864 0 10.0572
      vertex 142.763 0 9.88886
    endloop
  endfacet
  facet normal -0.857502 0 0.514481
    outer loop
      vertex 142.864 0 10.0572
      vertex 142.763 -2.39999 9.88886
      vertex 142.864 -2.39999 10.0572
    endloop
  endfacet
  facet normal 0.989765 -0 0.142706
    outer loop
      vertex 139.11 -2.39999 10.804
      vertex 139.138 0 10.6098
      vertex 139.11 0 10.804
    endloop
  endfacet
  facet normal 0.989765 0 0.142706
    outer loop
      vertex 139.138 0 10.6098
      vertex 139.11 -2.39999 10.804
      vertex 139.138 -2.39999 10.6098
    endloop
  endfacet
  facet normal 0.426775 0 -0.904358
    outer loop
      vertex 140.157 -2.39999 12.7638
      vertex 140.335 0 12.8478
      vertex 140.335 -2.39999 12.8478
    endloop
  endfacet
  facet normal 0.426775 0 -0.904358
    outer loop
      vertex 140.335 0 12.8478
      vertex 140.157 -2.39999 12.7638
      vertex 140.157 0 12.7638
    endloop
  endfacet
  facet normal 0.857448 0 -0.514571
    outer loop
      vertex 139.437 -2.39999 12.1111
      vertex 139.336 0 11.9428
      vertex 139.437 0 12.1111
    endloop
  endfacet
  facet normal 0.857448 0 -0.514571
    outer loop
      vertex 139.336 0 11.9428
      vertex 139.437 -2.39999 12.1111
      vertex 139.336 -2.39999 11.9428
    endloop
  endfacet
  facet normal -0.998701 0 0.0509541
    outer loop
      vertex 143.09 -2.39999 10.804
      vertex 143.1 0 11
      vertex 143.09 0 10.804
    endloop
  endfacet
  facet normal -0.998701 0 0.0509541
    outer loop
      vertex 143.1 0 11
      vertex 143.09 -2.39999 10.804
      vertex 143.1 -2.39999 11
    endloop
  endfacet
  facet normal -0.941742 0 0.336336
    outer loop
      vertex 142.948 -2.39999 10.2346
      vertex 143.014 0 10.4194
      vertex 142.948 0 10.2346
    endloop
  endfacet
  facet normal -0.941742 0 0.336336
    outer loop
      vertex 143.014 0 10.4194
      vertex 142.948 -2.39999 10.2346
      vertex 143.014 -2.39999 10.4194
    endloop
  endfacet
  facet normal -0.242249 0 0.970214
    outer loop
      vertex 141.49 0 9.03843
      vertex 141.681 -2.39999 9.08612
      vertex 141.681 0 9.08612
    endloop
  endfacet
  facet normal -0.242249 0 0.970214
    outer loop
      vertex 141.681 -2.39999 9.08612
      vertex 141.49 0 9.03843
      vertex 141.49 -2.39999 9.03843
    endloop
  endfacet
  facet normal -0.857448 0 -0.514571
    outer loop
      vertex 142.864 -2.39999 11.9428
      vertex 142.763 0 12.1111
      vertex 142.864 0 11.9428
    endloop
  endfacet
  facet normal -0.857448 -0 -0.514571
    outer loop
      vertex 142.763 0 12.1111
      vertex 142.864 -2.39999 11.9428
      vertex 142.763 -2.39999 12.1111
    endloop
  endfacet
  facet normal -0.941742 0 -0.336336
    outer loop
      vertex 143.014 -2.39999 11.5806
      vertex 142.948 0 11.7654
      vertex 143.014 0 11.5806
    endloop
  endfacet
  facet normal -0.941742 -0 -0.336336
    outer loop
      vertex 142.948 0 11.7654
      vertex 143.014 -2.39999 11.5806
      vertex 142.948 -2.39999 11.7654
    endloop
  endfacet
  facet normal -0.989765 0 0.142706
    outer loop
      vertex 143.062 -2.39999 10.6098
      vertex 143.09 0 10.804
      vertex 143.062 0 10.6098
    endloop
  endfacet
  facet normal -0.989765 0 0.142706
    outer loop
      vertex 143.09 0 10.804
      vertex 143.062 -2.39999 10.6098
      vertex 143.09 -2.39999 10.804
    endloop
  endfacet
  facet normal 0.594843 0 0.803842
    outer loop
      vertex 139.831 0 9.45398
      vertex 139.989 -2.39999 9.33706
      vertex 139.989 0 9.33706
    endloop
  endfacet
  facet normal 0.594843 0 0.803842
    outer loop
      vertex 139.989 -2.39999 9.33706
      vertex 139.831 0 9.45398
      vertex 139.831 -2.39999 9.45398
    endloop
  endfacet
  facet normal -0.969661 0 0.244452
    outer loop
      vertex 143.014 -2.39999 10.4194
      vertex 143.062 0 10.6098
      vertex 143.014 0 10.4194
    endloop
  endfacet
  facet normal -0.969661 0 0.244452
    outer loop
      vertex 143.062 0 10.6098
      vertex 143.014 -2.39999 10.4194
      vertex 143.062 -2.39999 10.6098
    endloop
  endfacet
  facet normal 0.338176 0 0.941083
    outer loop
      vertex 140.335 0 9.15224
      vertex 140.519 -2.39999 9.08612
      vertex 140.519 0 9.08612
    endloop
  endfacet
  facet normal 0.338176 0 0.941083
    outer loop
      vertex 140.519 -2.39999 9.08612
      vertex 140.335 0 9.15224
      vertex 140.335 -2.39999 9.15224
    endloop
  endfacet
  facet normal -0.338085 0 -0.941115
    outer loop
      vertex 141.681 -2.39999 12.9139
      vertex 141.865 0 12.8478
      vertex 141.865 -2.39999 12.8478
    endloop
  endfacet
  facet normal -0.338085 0 -0.941115
    outer loop
      vertex 141.865 0 12.8478
      vertex 141.681 -2.39999 12.9139
      vertex 141.681 0 12.9139
    endloop
  endfacet
  facet normal -0.594777 0 -0.803891
    outer loop
      vertex 142.211 -2.39999 12.6629
      vertex 142.369 0 12.546
      vertex 142.369 -2.39999 12.546
    endloop
  endfacet
  facet normal -0.594777 0 -0.803891
    outer loop
      vertex 142.369 0 12.546
      vertex 142.211 -2.39999 12.6629
      vertex 142.211 0 12.6629
    endloop
  endfacet
  facet normal 0.514871 0 0.857268
    outer loop
      vertex 139.989 0 9.33706
      vertex 140.157 -2.39999 9.23616
      vertex 140.157 0 9.23616
    endloop
  endfacet
  facet normal 0.514871 0 0.857268
    outer loop
      vertex 140.157 -2.39999 9.23616
      vertex 139.989 0 9.33706
      vertex 139.989 -2.39999 9.33706
    endloop
  endfacet
  facet normal -0.426775 0 -0.904358
    outer loop
      vertex 141.865 -2.39999 12.8478
      vertex 142.043 0 12.7638
      vertex 142.043 -2.39999 12.7638
    endloop
  endfacet
  facet normal -0.426775 0 -0.904358
    outer loop
      vertex 142.043 0 12.7638
      vertex 141.865 -2.39999 12.8478
      vertex 141.865 0 12.8478
    endloop
  endfacet
  facet normal 0.594777 0 -0.803891
    outer loop
      vertex 139.831 -2.39999 12.546
      vertex 139.989 0 12.6629
      vertex 139.989 -2.39999 12.6629
    endloop
  endfacet
  facet normal 0.594777 0 -0.803891
    outer loop
      vertex 139.989 0 12.6629
      vertex 139.831 -2.39999 12.546
      vertex 139.831 0 12.546
    endloop
  endfacet
  facet normal 0.998701 -0 0.0509541
    outer loop
      vertex 139.1 -2.39999 11
      vertex 139.11 0 10.804
      vertex 139.1 0 11
    endloop
  endfacet
  facet normal 0.998701 0 0.0509541
    outer loop
      vertex 139.11 0 10.804
      vertex 139.1 -2.39999 11
      vertex 139.11 -2.39999 10.804
    endloop
  endfacet
  facet normal 0.803015 -0 0.595958
    outer loop
      vertex 139.437 -2.39999 9.88886
      vertex 139.554 0 9.73121
      vertex 139.437 0 9.88886
    endloop
  endfacet
  facet normal 0.803015 0 0.595958
    outer loop
      vertex 139.554 0 9.73121
      vertex 139.437 -2.39999 9.88886
      vertex 139.554 -2.39999 9.73121
    endloop
  endfacet
  facet normal 0.0490735 0 0.998795
    outer loop
      vertex 140.904 0 9.00963
      vertex 141.1 -2.39999 9
      vertex 141.1 0 9
    endloop
  endfacet
  facet normal 0.0490735 0 0.998795
    outer loop
      vertex 141.1 -2.39999 9
      vertex 140.904 0 9.00963
      vertex 140.904 -2.39999 9.00963
    endloop
  endfacet
  facet normal 0.740401 0 -0.672166
    outer loop
      vertex 139.686 -2.39999 12.4142
      vertex 139.554 0 12.2688
      vertex 139.686 0 12.4142
    endloop
  endfacet
  facet normal 0.740401 0 -0.672166
    outer loop
      vertex 139.554 0 12.2688
      vertex 139.686 -2.39999 12.4142
      vertex 139.554 -2.39999 12.2688
    endloop
  endfacet
  facet normal 0.146844 0 -0.98916
    outer loop
      vertex 140.71 -2.39999 12.9616
      vertex 140.904 0 12.9904
      vertex 140.904 -2.39999 12.9904
    endloop
  endfacet
  facet normal 0.146844 0 -0.98916
    outer loop
      vertex 140.904 0 12.9904
      vertex 140.71 -2.39999 12.9616
      vertex 140.71 0 12.9616
    endloop
  endfacet
  facet normal 0.338085 0 -0.941115
    outer loop
      vertex 140.335 -2.39999 12.8478
      vertex 140.519 0 12.9139
      vertex 140.519 -2.39999 12.9139
    endloop
  endfacet
  facet normal 0.338085 0 -0.941115
    outer loop
      vertex 140.519 0 12.9139
      vertex 140.335 -2.39999 12.8478
      vertex 140.335 0 12.8478
    endloop
  endfacet
  facet normal 0.242249 0 0.970214
    outer loop
      vertex 140.519 0 9.08612
      vertex 140.71 -2.39999 9.03843
      vertex 140.71 0 9.03843
    endloop
  endfacet
  facet normal 0.242249 0 0.970214
    outer loop
      vertex 140.71 -2.39999 9.03843
      vertex 140.519 0 9.08612
      vertex 140.519 -2.39999 9.08612
    endloop
  endfacet
  facet normal -0.67265 0 0.739961
    outer loop
      vertex 142.369 0 9.45398
      vertex 142.514 -2.39999 9.58579
      vertex 142.514 0 9.58579
    endloop
  endfacet
  facet normal -0.67265 0 0.739961
    outer loop
      vertex 142.514 -2.39999 9.58579
      vertex 142.369 0 9.45398
      vertex 142.369 -2.39999 9.45398
    endloop
  endfacet
  facet normal 0.740447 -0 0.672115
    outer loop
      vertex 139.554 -2.39999 9.73121
      vertex 139.686 0 9.58579
      vertex 139.554 0 9.73121
    endloop
  endfacet
  facet normal 0.740447 0 0.672115
    outer loop
      vertex 139.686 0 9.58579
      vertex 139.554 -2.39999 9.73121
      vertex 139.686 -2.39999 9.58579
    endloop
  endfacet
  facet normal 0.67265 0 0.739961
    outer loop
      vertex 139.686 0 9.58579
      vertex 139.831 -2.39999 9.45398
      vertex 139.831 0 9.45398
    endloop
  endfacet
  facet normal 0.67265 0 0.739961
    outer loop
      vertex 139.831 -2.39999 9.45398
      vertex 139.686 0 9.58579
      vertex 139.686 -2.39999 9.58579
    endloop
  endfacet
  facet normal 0.969661 -0 0.244452
    outer loop
      vertex 139.138 -2.39999 10.6098
      vertex 139.186 0 10.4194
      vertex 139.138 0 10.6098
    endloop
  endfacet
  facet normal 0.969661 0 0.244452
    outer loop
      vertex 139.186 0 10.4194
      vertex 139.138 -2.39999 10.6098
      vertex 139.186 -2.39999 10.4194
    endloop
  endfacet
  facet normal 0.426443 0 0.904514
    outer loop
      vertex 140.157 0 9.23616
      vertex 140.335 -2.39999 9.15224
      vertex 140.335 0 9.15224
    endloop
  endfacet
  facet normal 0.426443 0 0.904514
    outer loop
      vertex 140.335 -2.39999 9.15224
      vertex 140.157 0 9.23616
      vertex 140.157 -2.39999 9.23616
    endloop
  endfacet
  facet normal -0.426443 0 0.904514
    outer loop
      vertex 141.865 0 9.15224
      vertex 142.043 -2.39999 9.23616
      vertex 142.043 0 9.23616
    endloop
  endfacet
  facet normal -0.426443 0 0.904514
    outer loop
      vertex 142.043 -2.39999 9.23616
      vertex 141.865 0 9.15224
      vertex 141.865 -2.39999 9.15224
    endloop
  endfacet
  facet normal 0.0489209 0 -0.998803
    outer loop
      vertex 140.904 -2.39999 12.9904
      vertex 141.1 0 13
      vertex 141.1 -2.39999 13
    endloop
  endfacet
  facet normal 0.0489209 0 -0.998803
    outer loop
      vertex 141.1 0 13
      vertex 140.904 -2.39999 12.9904
      vertex 140.904 0 12.9904
    endloop
  endfacet
  facet normal -0.9038 0 0.427955
    outer loop
      vertex 142.864 -2.39999 10.0572
      vertex 142.948 0 10.2346
      vertex 142.864 0 10.0572
    endloop
  endfacet
  facet normal -0.9038 0 0.427955
    outer loop
      vertex 142.948 0 10.2346
      vertex 142.864 -2.39999 10.0572
      vertex 142.948 -2.39999 10.2346
    endloop
  endfacet
  facet normal -0.740401 0 -0.672166
    outer loop
      vertex 142.646 -2.39999 12.2688
      vertex 142.514 0 12.4142
      vertex 142.646 0 12.2688
    endloop
  endfacet
  facet normal -0.740401 -0 -0.672166
    outer loop
      vertex 142.514 0 12.4142
      vertex 142.646 -2.39999 12.2688
      vertex 142.514 -2.39999 12.4142
    endloop
  endfacet
  facet normal -0.242297 0 -0.970202
    outer loop
      vertex 141.49 -2.39999 12.9616
      vertex 141.681 0 12.9139
      vertex 141.681 -2.39999 12.9139
    endloop
  endfacet
  facet normal -0.242297 0 -0.970202
    outer loop
      vertex 141.681 0 12.9139
      vertex 141.49 -2.39999 12.9616
      vertex 141.49 0 12.9616
    endloop
  endfacet
  facet normal -0.594843 0 0.803842
    outer loop
      vertex 142.211 0 9.33706
      vertex 142.369 -2.39999 9.45398
      vertex 142.369 0 9.45398
    endloop
  endfacet
  facet normal -0.594843 0 0.803842
    outer loop
      vertex 142.369 -2.39999 9.45398
      vertex 142.211 0 9.33706
      vertex 142.211 -2.39999 9.33706
    endloop
  endfacet
  facet normal 0.941742 0 -0.336336
    outer loop
      vertex 139.252 -2.39999 11.7654
      vertex 139.186 0 11.5806
      vertex 139.252 0 11.7654
    endloop
  endfacet
  facet normal 0.941742 0 -0.336336
    outer loop
      vertex 139.186 0 11.5806
      vertex 139.252 -2.39999 11.7654
      vertex 139.186 -2.39999 11.5806
    endloop
  endfacet
  facet normal -0.0490735 0 0.998795
    outer loop
      vertex 141.1 0 9
      vertex 141.296 -2.39999 9.00963
      vertex 141.296 0 9.00963
    endloop
  endfacet
  facet normal -0.0490735 0 0.998795
    outer loop
      vertex 141.296 -2.39999 9.00963
      vertex 141.1 0 9
      vertex 141.1 -2.39999 9
    endloop
  endfacet
  facet normal 0.146844 0 0.98916
    outer loop
      vertex 140.71 0 9.03843
      vertex 140.904 -2.39999 9.00963
      vertex 140.904 0 9.00963
    endloop
  endfacet
  facet normal 0.146844 0 0.98916
    outer loop
      vertex 140.904 -2.39999 9.00963
      vertex 140.71 0 9.03843
      vertex 140.71 -2.39999 9.03843
    endloop
  endfacet
  facet normal 0.998701 0 -0.0509541
    outer loop
      vertex 139.11 -2.39999 11.196
      vertex 139.1 0 11
      vertex 139.11 0 11.196
    endloop
  endfacet
  facet normal 0.998701 0 -0.0509541
    outer loop
      vertex 139.1 0 11
      vertex 139.11 -2.39999 11.196
      vertex 139.1 -2.39999 11
    endloop
  endfacet
  facet normal -0.740447 0 0.672115
    outer loop
      vertex 142.514 -2.39999 9.58579
      vertex 142.646 0 9.73121
      vertex 142.514 0 9.58579
    endloop
  endfacet
  facet normal -0.740447 0 0.672115
    outer loop
      vertex 142.646 0 9.73121
      vertex 142.514 -2.39999 9.58579
      vertex 142.646 -2.39999 9.73121
    endloop
  endfacet
  facet normal 0 0 -1
    outer loop
      vertex 1.55573 -2.39999 0
      vertex 1.59999 -3 0
      vertex 1.57784 -3.45087 0
    endloop
  endfacet
  facet normal 0 0 -1
    outer loop
      vertex 1.59999 -3 0
      vertex 1.55573 -2.39999 0
      vertex 1.57784 -2.54912 0
    endloop
  endfacet
  facet normal 0 0 -1
    outer loop
      vertex -2.39999 1.55573 0
      vertex 1.55573 -2.39999 0
      vertex 1.51161 -3.89742 0
    endloop
  endfacet
  facet normal 0 0 -1
    outer loop
      vertex 1.51161 -3.89742 0
      vertex 1.55573 -2.39999 0
      vertex 1.57784 -3.45087 0
    endloop
  endfacet
  facet normal 0 0 -1
    outer loop
      vertex 163.178 -3.45087 0
      vertex 163.178 -2.54912 0
      vertex 163.2 -3 0
    endloop
  endfacet
  facet normal 0 0 -1
    outer loop
      vertex 163.112 -3.89742 0
      vertex 163.178 -2.54912 0
      vertex 163.178 -3.45087 0
    endloop
  endfacet
  facet normal 0 0 -1
    outer loop
      vertex 163.112 -3.89742 0
      vertex 163.112 -2.10257 0
      vertex 163.178 -2.54912 0
    endloop
  endfacet
  facet normal 0 0 -1
    outer loop
      vertex 163.002 -4.3353 0
      vertex 163.112 -2.10257 0
      vertex 163.112 -3.89742 0
    endloop
  endfacet
  facet normal 0 0 -1
    outer loop
      vertex 163.002 -4.3353 0
      vertex 163.002 -1.66469 0
      vertex 163.112 -2.10257 0
    endloop
  endfacet
  facet normal 0 0 -1
    outer loop
      vertex 162.85 -4.76033 0
      vertex 163.002 -1.66469 0
      vertex 163.002 -4.3353 0
    endloop
  endfacet
  facet normal 0 0 -1
    outer loop
      vertex 162.85 -4.76033 0
      vertex 162.85 -1.23965 0
      vertex 163.002 -1.66469 0
    endloop
  endfacet
  facet normal 0 0 -1
    outer loop
      vertex 162.657 -5.16841 0
      vertex 162.85 -1.23965 0
      vertex 162.85 -4.76033 0
    endloop
  endfacet
  facet normal 0 0 -1
    outer loop
      vertex 162.657 -5.16841 0
      vertex 162.657 -0.831573 0
      vertex 162.85 -1.23965 0
    endloop
  endfacet
  facet normal 0 0 -1
    outer loop
      vertex 162.425 -5.55562 0
      vertex 162.657 -0.831573 0
      vertex 162.657 -5.16841 0
    endloop
  endfacet
  facet normal 0 0 -1
    outer loop
      vertex 162.425 -5.55562 0
      vertex 162.425 -0.444366 0
      vertex 162.657 -0.831573 0
    endloop
  endfacet
  facet normal 0 0 -1
    outer loop
      vertex 162.156 -5.9182 0
      vertex 162.425 -0.444366 0
      vertex 162.425 -5.55562 0
    endloop
  endfacet
  facet normal 0 0 -1
    outer loop
      vertex 162.156 -5.9182 0
      vertex 162.156 -0.0817871 0
      vertex 162.425 -0.444366 0
    endloop
  endfacet
  facet normal 0 0 -1
    outer loop
      vertex 161.853 -6.25269 0
      vertex 162.156 -0.0817871 0
      vertex 162.156 -5.9182 0
    endloop
  endfacet
  facet normal 0 0 -1
    outer loop
      vertex 161.853 -6.25269 0
      vertex 161.853 0.252686 0
      vertex 162.156 -0.0817871 0
    endloop
  endfacet
  facet normal 0 0 -1
    outer loop
      vertex 161.518 -6.55585 0
      vertex 161.853 0.252686 0
      vertex 161.853 -6.25269 0
    endloop
  endfacet
  facet normal 0 0 -1
    outer loop
      vertex 161.518 -6.55585 0
      vertex 161.518 0.555847 0
      vertex 161.853 0.252686 0
    endloop
  endfacet
  facet normal 0 0 -1
    outer loop
      vertex 161.156 -6.82475 0
      vertex 161.518 0.555847 0
      vertex 161.518 -6.55585 0
    endloop
  endfacet
  facet normal 0 0 -1
    outer loop
      vertex 161.156 -6.82475 0
      vertex 161.156 0.824753 0
      vertex 161.518 0.555847 0
    endloop
  endfacet
  facet normal 0 0 -1
    outer loop
      vertex 160.768 -7.05682 0
      vertex 161.156 0.824753 0
      vertex 161.156 -6.82475 0
    endloop
  endfacet
  facet normal 0 0 -1
    outer loop
      vertex 160.768 -7.05682 0
      vertex 160.768 1.05682 0
      vertex 161.156 0.824753 0
    endloop
  endfacet
  facet normal 0 0 -1
    outer loop
      vertex 160.36 -7.24983 0
      vertex 160.768 1.05682 0
      vertex 160.768 -7.05682 0
    endloop
  endfacet
  facet normal 0 0 -1
    outer loop
      vertex 160.36 -7.24983 0
      vertex 160.36 1.24983 0
      vertex 160.768 1.05682 0
    endloop
  endfacet
  facet normal 0 0 -1
    outer loop
      vertex 159.935 -7.40192 0
      vertex 160.36 1.24983 0
      vertex 160.36 -7.24983 0
    endloop
  endfacet
  facet normal 0 0 -1
    outer loop
      vertex 159.935 -7.40192 0
      vertex 159.935 1.40192 0
      vertex 160.36 1.24983 0
    endloop
  endfacet
  facet normal 0 0 -1
    outer loop
      vertex 159.497 -7.51161 0
      vertex 159.935 1.40192 0
      vertex 159.935 -7.40192 0
    endloop
  endfacet
  facet normal 0 0 -1
    outer loop
      vertex 159.497 -7.51161 0
      vertex 159.497 1.51161 0
      vertex 159.935 1.40192 0
    endloop
  endfacet
  facet normal 0 0 -1
    outer loop
      vertex 159.051 -7.57784 0
      vertex 159.497 1.51161 0
      vertex 159.497 -7.51161 0
    endloop
  endfacet
  facet normal 0 0 -1
    outer loop
      vertex 159.051 -7.57784 0
      vertex 159.051 1.57784 0
      vertex 159.497 1.51161 0
    endloop
  endfacet
  facet normal 0 0 -1
    outer loop
      vertex 158.6 -7.59999 0
      vertex 159.051 1.57784 0
      vertex 159.051 -7.57784 0
    endloop
  endfacet
  facet normal 0 0 -1
    outer loop
      vertex 158.6 -7.59999 0
      vertex 158.6 1.59999 0
      vertex 159.051 1.57784 0
    endloop
  endfacet
  facet normal 0 0 -1
    outer loop
      vertex 158.149 -7.57784 0
      vertex 158.6 1.59999 0
      vertex 158.6 -7.59999 0
    endloop
  endfacet
  facet normal 0 0 -1
    outer loop
      vertex 158 1.55573 0
      vertex 158.6 1.59999 0
      vertex 158.149 -7.57784 0
    endloop
  endfacet
  facet normal 0 0 -1
    outer loop
      vertex 158.6 1.59999 0
      vertex 158 1.55573 0
      vertex 158.149 1.57784 0
    endloop
  endfacet
  facet normal 0 0 -1
    outer loop
      vertex 154.044 -2.39999 0
      vertex 158 1.55573 0
      vertex 157.703 -7.51161 0
    endloop
  endfacet
  facet normal 0 0 -1
    outer loop
      vertex 157.703 -7.51161 0
      vertex 158 1.55573 0
      vertex 158.149 -7.57784 0
    endloop
  endfacet
  facet normal 0 0 -1
    outer loop
      vertex 163.178 78.1491 0
      vertex 163.178 79.0509 0
      vertex 163.2 78.6 0
    endloop
  endfacet
  facet normal 0 0 -1
    outer loop
      vertex 163.112 77.7026 0
      vertex 163.178 79.0509 0
      vertex 163.178 78.1491 0
    endloop
  endfacet
  facet normal 0 0 -1
    outer loop
      vertex 163.112 77.7026 0
      vertex 163.112 79.4974 0
      vertex 163.178 79.0509 0
    endloop
  endfacet
  facet normal 0 0 -1
    outer loop
      vertex 163.002 77.2647 0
      vertex 163.112 79.4974 0
      vertex 163.112 77.7026 0
    endloop
  endfacet
  facet normal 0 0 -1
    outer loop
      vertex 163.002 77.2647 0
      vertex 163.002 79.9353 0
      vertex 163.112 79.4974 0
    endloop
  endfacet
  facet normal 0 0 -1
    outer loop
      vertex 162.85 76.8396 0
      vertex 163.002 79.9353 0
      vertex 163.002 77.2647 0
    endloop
  endfacet
  facet normal 0 0 -1
    outer loop
      vertex 162.85 76.8396 0
      vertex 162.85 80.3603 0
      vertex 163.002 79.9353 0
    endloop
  endfacet
  facet normal 0 0 -1
    outer loop
      vertex 162.657 76.4316 0
      vertex 162.85 80.3603 0
      vertex 162.85 76.8396 0
    endloop
  endfacet
  facet normal 0 0 -1
    outer loop
      vertex 162.657 76.4316 0
      vertex 162.657 80.7684 0
      vertex 162.85 80.3603 0
    endloop
  endfacet
  facet normal 0 0 -1
    outer loop
      vertex 162.425 76.0444 0
      vertex 162.657 80.7684 0
      vertex 162.657 76.4316 0
    endloop
  endfacet
  facet normal 0 0 -1
    outer loop
      vertex 162.425 76.0444 0
      vertex 162.425 81.1556 0
      vertex 162.657 80.7684 0
    endloop
  endfacet
  facet normal 0 0 -1
    outer loop
      vertex 162.156 75.6818 0
      vertex 162.425 81.1556 0
      vertex 162.425 76.0444 0
    endloop
  endfacet
  facet normal 0 0 -1
    outer loop
      vertex 162.156 75.6818 0
      vertex 162.156 81.5182 0
      vertex 162.425 81.1556 0
    endloop
  endfacet
  facet normal 0 0 -1
    outer loop
      vertex 161.853 75.3473 0
      vertex 162.156 81.5182 0
      vertex 162.156 75.6818 0
    endloop
  endfacet
  facet normal 0 0 -1
    outer loop
      vertex 161.853 75.3473 0
      vertex 161.853 81.8527 0
      vertex 162.156 81.5182 0
    endloop
  endfacet
  facet normal 0 0 -1
    outer loop
      vertex 161.518 75.0441 0
      vertex 161.853 81.8527 0
      vertex 161.853 75.3473 0
    endloop
  endfacet
  facet normal 0 0 -1
    outer loop
      vertex 161.518 75.0441 0
      vertex 161.518 82.1558 0
      vertex 161.853 81.8527 0
    endloop
  endfacet
  facet normal 0 0 -1
    outer loop
      vertex 161.156 74.7752 0
      vertex 161.518 82.1558 0
      vertex 161.518 75.0441 0
    endloop
  endfacet
  facet normal 0 0 -1
    outer loop
      vertex 161.156 74.7752 0
      vertex 161.156 82.4248 0
      vertex 161.518 82.1558 0
    endloop
  endfacet
  facet normal 0 0 -1
    outer loop
      vertex 160.768 74.5432 0
      vertex 161.156 82.4248 0
      vertex 161.156 74.7752 0
    endloop
  endfacet
  facet normal 0 0 -1
    outer loop
      vertex 160.768 74.5432 0
      vertex 160.768 82.6568 0
      vertex 161.156 82.4248 0
    endloop
  endfacet
  facet normal 0 0 -1
    outer loop
      vertex 160.36 74.3501 0
      vertex 160.768 82.6568 0
      vertex 160.768 74.5432 0
    endloop
  endfacet
  facet normal 0 0 -1
    outer loop
      vertex 160.36 74.3501 0
      vertex 160.36 82.8498 0
      vertex 160.768 82.6568 0
    endloop
  endfacet
  facet normal 0 0 -1
    outer loop
      vertex 159.935 74.1981 0
      vertex 160.36 82.8498 0
      vertex 160.36 74.3501 0
    endloop
  endfacet
  facet normal 0 0 -1
    outer loop
      vertex 159.935 74.1981 0
      vertex 159.935 83.0019 0
      vertex 160.36 82.8498 0
    endloop
  endfacet
  facet normal 0 0 -1
    outer loop
      vertex 159.497 74.0884 0
      vertex 159.935 83.0019 0
      vertex 159.935 74.1981 0
    endloop
  endfacet
  facet normal 0 0 -1
    outer loop
      vertex 159.497 74.0884 0
      vertex 159.497 83.1116 0
      vertex 159.935 83.0019 0
    endloop
  endfacet
  facet normal 0 0 -1
    outer loop
      vertex 159.051 74.0221 0
      vertex 159.497 83.1116 0
      vertex 159.497 74.0884 0
    endloop
  endfacet
  facet normal 0 0 -1
    outer loop
      vertex 159.051 74.0221 0
      vertex 159.051 83.1778 0
      vertex 159.497 83.1116 0
    endloop
  endfacet
  facet normal 0 0 -1
    outer loop
      vertex 158.6 74 0
      vertex 159.051 83.1778 0
      vertex 159.051 74.0221 0
    endloop
  endfacet
  facet normal 0 0 -1
    outer loop
      vertex 158.6 74 0
      vertex 158.6 83.2 0
      vertex 159.051 83.1778 0
    endloop
  endfacet
  facet normal 0 0 -1
    outer loop
      vertex 158 74.0443 0
      vertex 158.6 74 0
      vertex 158.149 74.0221 0
    endloop
  endfacet
  facet normal 0 0 -1
    outer loop
      vertex 158.6 74 0
      vertex 158 74.0443 0
      vertex 158.6 83.2 0
    endloop
  endfacet
  facet normal 0 0 -1
    outer loop
      vertex 158.6 83.2 0
      vertex 158 74.0443 0
      vertex 158.149 83.1778 0
    endloop
  endfacet
  facet normal 0 0 -1
    outer loop
      vertex 158 74.0443 0
      vertex 157.703 83.1116 0
      vertex 158.149 83.1778 0
    endloop
  endfacet
  facet normal -0 0 -1
    outer loop
      vertex 158 1.55573 0
      vertex 154.044 -2.39999 0
      vertex 158 74.0443 0
    endloop
  endfacet
  facet normal 0 0 -1
    outer loop
      vertex 154.044 -2.39999 0
      vertex 157.703 -7.51161 0
      vertex 157.265 -7.40192 0
    endloop
  endfacet
  facet normal 0 0 -1
    outer loop
      vertex 154.044 78 0
      vertex 158 74.0443 0
      vertex 154.044 -2.39999 0
    endloop
  endfacet
  facet normal 0 0 -1
    outer loop
      vertex 154.044 -2.39999 0
      vertex 157.265 -7.40192 0
      vertex 156.84 -7.24983 0
    endloop
  endfacet
  facet normal 0 0 -1
    outer loop
      vertex 158 74.0443 0
      vertex 154.044 78 0
      vertex 157.703 83.1116 0
    endloop
  endfacet
  facet normal 0 0 -1
    outer loop
      vertex 154.044 -2.39999 0
      vertex 156.84 -7.24983 0
      vertex 156.432 -7.05682 0
    endloop
  endfacet
  facet normal 0 0 -1
    outer loop
      vertex 157.703 83.1116 0
      vertex 154.044 78 0
      vertex 157.265 83.0019 0
    endloop
  endfacet
  facet normal 0 0 -1
    outer loop
      vertex 154.044 -2.39999 0
      vertex 156.432 -7.05682 0
      vertex 156.044 -6.82475 0
    endloop
  endfacet
  facet normal 0 0 -1
    outer loop
      vertex 157.265 83.0019 0
      vertex 154.044 78 0
      vertex 156.84 82.8498 0
    endloop
  endfacet
  facet normal 0 0 -1
    outer loop
      vertex 154.044 -2.39999 0
      vertex 156.044 -6.82475 0
      vertex 155.682 -6.55585 0
    endloop
  endfacet
  facet normal 0 0 -1
    outer loop
      vertex 156.84 82.8498 0
      vertex 154.044 78 0
      vertex 156.432 82.6568 0
    endloop
  endfacet
  facet normal 0 0 -1
    outer loop
      vertex 154.044 -2.39999 0
      vertex 155.682 -6.55585 0
      vertex 155.347 -6.25269 0
    endloop
  endfacet
  facet normal 0 0 -1
    outer loop
      vertex 156.432 82.6568 0
      vertex 154.044 78 0
      vertex 156.044 82.4248 0
    endloop
  endfacet
  facet normal 0 0 -1
    outer loop
      vertex 154.044 -2.39999 0
      vertex 155.347 -6.25269 0
      vertex 155.044 -5.9182 0
    endloop
  endfacet
  facet normal 0 0 -1
    outer loop
      vertex 156.044 82.4248 0
      vertex 154.044 78 0
      vertex 155.682 82.1558 0
    endloop
  endfacet
  facet normal 0 0 -1
    outer loop
      vertex 154.044 -2.39999 0
      vertex 155.044 -5.9182 0
      vertex 154.775 -5.55562 0
    endloop
  endfacet
  facet normal 0 0 -1
    outer loop
      vertex 155.682 82.1558 0
      vertex 154.044 78 0
      vertex 155.347 81.8527 0
    endloop
  endfacet
  facet normal 0 0 -1
    outer loop
      vertex 154.044 -2.39999 0
      vertex 154.775 -5.55562 0
      vertex 154.543 -5.16841 0
    endloop
  endfacet
  facet normal 0 0 -1
    outer loop
      vertex 155.347 81.8527 0
      vertex 154.044 78 0
      vertex 155.044 81.5182 0
    endloop
  endfacet
  facet normal 0 0 -1
    outer loop
      vertex 154.044 -2.39999 0
      vertex 154.543 -5.16841 0
      vertex 154.35 -4.76033 0
    endloop
  endfacet
  facet normal 0 0 -1
    outer loop
      vertex 155.044 81.5182 0
      vertex 154.044 78 0
      vertex 154.775 81.1556 0
    endloop
  endfacet
  facet normal 0 0 -1
    outer loop
      vertex 154.044 -2.39999 0
      vertex 154.35 -4.76033 0
      vertex 154.198 -4.3353 0
    endloop
  endfacet
  facet normal 0 0 -1
    outer loop
      vertex 154.775 81.1556 0
      vertex 154.044 78 0
      vertex 154.543 80.7684 0
    endloop
  endfacet
  facet normal 0 0 -1
    outer loop
      vertex 154.044 -2.39999 0
      vertex 154.198 -4.3353 0
      vertex 154.088 -3.89742 0
    endloop
  endfacet
  facet normal 0 0 -1
    outer loop
      vertex 154.543 80.7684 0
      vertex 154.044 78 0
      vertex 154.35 80.3603 0
    endloop
  endfacet
  facet normal 0 0 -1
    outer loop
      vertex 154.35 80.3603 0
      vertex 154.044 78 0
      vertex 154.198 79.9353 0
    endloop
  endfacet
  facet normal 0 0 -1
    outer loop
      vertex 154.022 -3.45087 0
      vertex 154.044 -2.39999 0
      vertex 154.088 -3.89742 0
    endloop
  endfacet
  facet normal 0 0 -1
    outer loop
      vertex 154 -3 0
      vertex 154.044 -2.39999 0
      vertex 154.022 -3.45087 0
    endloop
  endfacet
  facet normal 0 0 -1
    outer loop
      vertex 154.044 -2.39999 0
      vertex 154 -3 0
      vertex 154.022 -2.54912 0
    endloop
  endfacet
  facet normal 0 0 -1
    outer loop
      vertex 1.55573 -2.39999 0
      vertex 154.044 78 0
      vertex 154.044 -2.39999 0
    endloop
  endfacet
  facet normal -0 0 -1
    outer loop
      vertex 154.044 78 0
      vertex 1.55573 -2.39999 0
      vertex 1.55573 78 0
    endloop
  endfacet
  facet normal 0 0 -1
    outer loop
      vertex 154.198 79.9353 0
      vertex 154.044 78 0
      vertex 154.088 79.4974 0
    endloop
  endfacet
  facet normal 0 0 -1
    outer loop
      vertex 154 78.6 0
      vertex 154.044 78 0
      vertex 154.022 78.1491 0
    endloop
  endfacet
  facet normal 0 0 -1
    outer loop
      vertex 154.044 78 0
      vertex 154.022 79.0509 0
      vertex 154.088 79.4974 0
    endloop
  endfacet
  facet normal 0 0 -1
    outer loop
      vertex 154.044 78 0
      vertex 154 78.6 0
      vertex 154.022 79.0509 0
    endloop
  endfacet
  facet normal 0 0 -1
    outer loop
      vertex 1.55573 78 0
      vertex 1.59999 78.6 0
      vertex 1.57784 78.1491 0
    endloop
  endfacet
  facet normal -0 0 -1
    outer loop
      vertex 1.59999 78.6 0
      vertex 1.55573 78 0
      vertex 1.57784 79.0509 0
    endloop
  endfacet
  facet normal 0 0 -1
    outer loop
      vertex 1.55573 78 0
      vertex 1.51161 79.4974 0
      vertex 1.57784 79.0509 0
    endloop
  endfacet
  facet normal 0 0 -1
    outer loop
      vertex 1.55573 -2.39999 0
      vertex -2.39999 1.55573 0
      vertex 1.55573 78 0
    endloop
  endfacet
  facet normal 0 0 -1
    outer loop
      vertex -2.39999 1.55573 0
      vertex 1.51161 -3.89742 0
      vertex 1.40192 -4.3353 0
    endloop
  endfacet
  facet normal 0 0 -1
    outer loop
      vertex -2.39999 74.0443 0
      vertex 1.55573 78 0
      vertex -2.39999 1.55573 0
    endloop
  endfacet
  facet normal 0 0 -1
    outer loop
      vertex -2.39999 1.55573 0
      vertex 1.40192 -4.3353 0
      vertex 1.24983 -4.76033 0
    endloop
  endfacet
  facet normal -0 0 -1
    outer loop
      vertex 1.55573 78 0
      vertex -2.39999 74.0443 0
      vertex 1.51161 79.4974 0
    endloop
  endfacet
  facet normal 0 0 -1
    outer loop
      vertex -2.39999 1.55573 0
      vertex 1.24983 -4.76033 0
      vertex 1.05682 -5.16841 0
    endloop
  endfacet
  facet normal -0 0 -1
    outer loop
      vertex 1.51161 79.4974 0
      vertex -2.39999 74.0443 0
      vertex 1.40192 79.9353 0
    endloop
  endfacet
  facet normal 0 0 -1
    outer loop
      vertex -2.39999 1.55573 0
      vertex 1.05682 -5.16841 0
      vertex 0.824753 -5.55562 0
    endloop
  endfacet
  facet normal -0 0 -1
    outer loop
      vertex 1.40192 79.9353 0
      vertex -2.39999 74.0443 0
      vertex 1.24983 80.3603 0
    endloop
  endfacet
  facet normal 0 0 -1
    outer loop
      vertex -2.39999 1.55573 0
      vertex 0.824753 -5.55562 0
      vertex 0.555847 -5.9182 0
    endloop
  endfacet
  facet normal -0 0 -1
    outer loop
      vertex 1.24983 80.3603 0
      vertex -2.39999 74.0443 0
      vertex 1.05682 80.7684 0
    endloop
  endfacet
  facet normal 0 0 -1
    outer loop
      vertex -2.39999 1.55573 0
      vertex 0.555847 -5.9182 0
      vertex 0.252686 -6.25269 0
    endloop
  endfacet
  facet normal -0 0 -1
    outer loop
      vertex 1.05682 80.7684 0
      vertex -2.39999 74.0443 0
      vertex 0.824753 81.1556 0
    endloop
  endfacet
  facet normal 0 0 -1
    outer loop
      vertex -2.39999 1.55573 0
      vertex 0.252686 -6.25269 0
      vertex -0.0817871 -6.55585 0
    endloop
  endfacet
  facet normal -0 0 -1
    outer loop
      vertex 0.824753 81.1556 0
      vertex -2.39999 74.0443 0
      vertex 0.555847 81.5182 0
    endloop
  endfacet
  facet normal 0 0 -1
    outer loop
      vertex -2.39999 1.55573 0
      vertex -0.0817871 -6.55585 0
      vertex -0.444366 -6.82475 0
    endloop
  endfacet
  facet normal -0 0 -1
    outer loop
      vertex 0.555847 81.5182 0
      vertex -2.39999 74.0443 0
      vertex 0.252686 81.8527 0
    endloop
  endfacet
  facet normal 0 0 -1
    outer loop
      vertex -2.39999 1.55573 0
      vertex -0.444366 -6.82475 0
      vertex -0.831573 -7.05682 0
    endloop
  endfacet
  facet normal -0 0 -1
    outer loop
      vertex 0.252686 81.8527 0
      vertex -2.39999 74.0443 0
      vertex -0.0817871 82.1558 0
    endloop
  endfacet
  facet normal 0 0 -1
    outer loop
      vertex -2.39999 1.55573 0
      vertex -0.831573 -7.05682 0
      vertex -1.23965 -7.24983 0
    endloop
  endfacet
  facet normal -0 0 -1
    outer loop
      vertex -0.0817871 82.1558 0
      vertex -2.39999 74.0443 0
      vertex -0.444366 82.4248 0
    endloop
  endfacet
  facet normal 0 0 -1
    outer loop
      vertex -2.39999 1.55573 0
      vertex -1.23965 -7.24983 0
      vertex -1.66469 -7.40192 0
    endloop
  endfacet
  facet normal -0 0 -1
    outer loop
      vertex -0.444366 82.4248 0
      vertex -2.39999 74.0443 0
      vertex -0.831573 82.6568 0
    endloop
  endfacet
  facet normal 0 0 -1
    outer loop
      vertex -2.39999 1.55573 0
      vertex -1.66469 -7.40192 0
      vertex -2.10257 -7.51161 0
    endloop
  endfacet
  facet normal -0 0 -1
    outer loop
      vertex -0.831573 82.6568 0
      vertex -2.39999 74.0443 0
      vertex -1.23965 82.8498 0
    endloop
  endfacet
  facet normal -0 0 -1
    outer loop
      vertex -1.23965 82.8498 0
      vertex -2.39999 74.0443 0
      vertex -1.66469 83.0019 0
    endloop
  endfacet
  facet normal 0 0 -1
    outer loop
      vertex -2.54912 -7.57784 0
      vertex -2.39999 1.55573 0
      vertex -2.10257 -7.51161 0
    endloop
  endfacet
  facet normal 0 0 -1
    outer loop
      vertex -3 -7.59999 0
      vertex -2.39999 1.55573 0
      vertex -2.54912 -7.57784 0
    endloop
  endfacet
  facet normal 0 0 -1
    outer loop
      vertex -3 1.59999 0
      vertex -2.39999 1.55573 0
      vertex -3 -7.59999 0
    endloop
  endfacet
  facet normal 0 0 -1
    outer loop
      vertex -2.39999 1.55573 0
      vertex -3 1.59999 0
      vertex -2.54912 1.57784 0
    endloop
  endfacet
  facet normal 0 0 -1
    outer loop
      vertex -3.45087 -7.57784 0
      vertex -3 1.59999 0
      vertex -3 -7.59999 0
    endloop
  endfacet
  facet normal 0 0 -1
    outer loop
      vertex -3.45087 -7.57784 0
      vertex -3.45087 1.57784 0
      vertex -3 1.59999 0
    endloop
  endfacet
  facet normal 0 0 -1
    outer loop
      vertex -3.89742 -7.51161 0
      vertex -3.45087 1.57784 0
      vertex -3.45087 -7.57784 0
    endloop
  endfacet
  facet normal 0 0 -1
    outer loop
      vertex -3.89742 -7.51161 0
      vertex -3.89742 1.51161 0
      vertex -3.45087 1.57784 0
    endloop
  endfacet
  facet normal 0 0 -1
    outer loop
      vertex -4.3353 -7.40192 0
      vertex -3.89742 1.51161 0
      vertex -3.89742 -7.51161 0
    endloop
  endfacet
  facet normal 0 0 -1
    outer loop
      vertex -4.3353 -7.40192 0
      vertex -4.3353 1.40192 0
      vertex -3.89742 1.51161 0
    endloop
  endfacet
  facet normal 0 0 -1
    outer loop
      vertex -4.76033 -7.24983 0
      vertex -4.3353 1.40192 0
      vertex -4.3353 -7.40192 0
    endloop
  endfacet
  facet normal 0 0 -1
    outer loop
      vertex -4.76033 -7.24983 0
      vertex -4.76033 1.24983 0
      vertex -4.3353 1.40192 0
    endloop
  endfacet
  facet normal 0 0 -1
    outer loop
      vertex -5.16841 -7.05682 0
      vertex -4.76033 1.24983 0
      vertex -4.76033 -7.24983 0
    endloop
  endfacet
  facet normal 0 0 -1
    outer loop
      vertex -5.16841 -7.05682 0
      vertex -5.16841 1.05682 0
      vertex -4.76033 1.24983 0
    endloop
  endfacet
  facet normal 0 0 -1
    outer loop
      vertex -5.55562 -6.82475 0
      vertex -5.16841 1.05682 0
      vertex -5.16841 -7.05682 0
    endloop
  endfacet
  facet normal 0 0 -1
    outer loop
      vertex -5.55562 -6.82475 0
      vertex -5.55562 0.824753 0
      vertex -5.16841 1.05682 0
    endloop
  endfacet
  facet normal 0 0 -1
    outer loop
      vertex -5.9182 -6.55585 0
      vertex -5.55562 0.824753 0
      vertex -5.55562 -6.82475 0
    endloop
  endfacet
  facet normal 0 0 -1
    outer loop
      vertex -5.9182 -6.55585 0
      vertex -5.9182 0.555847 0
      vertex -5.55562 0.824753 0
    endloop
  endfacet
  facet normal 0 0 -1
    outer loop
      vertex -6.25269 -6.25269 0
      vertex -5.9182 0.555847 0
      vertex -5.9182 -6.55585 0
    endloop
  endfacet
  facet normal 0 0 -1
    outer loop
      vertex -6.25269 -6.25269 0
      vertex -6.25269 0.252686 0
      vertex -5.9182 0.555847 0
    endloop
  endfacet
  facet normal 0 0 -1
    outer loop
      vertex -6.55585 -5.9182 0
      vertex -6.25269 0.252686 0
      vertex -6.25269 -6.25269 0
    endloop
  endfacet
  facet normal 0 0 -1
    outer loop
      vertex -6.55585 -5.9182 0
      vertex -6.55585 -0.0817871 0
      vertex -6.25269 0.252686 0
    endloop
  endfacet
  facet normal 0 0 -1
    outer loop
      vertex -6.82475 -5.55562 0
      vertex -6.55585 -0.0817871 0
      vertex -6.55585 -5.9182 0
    endloop
  endfacet
  facet normal 0 0 -1
    outer loop
      vertex -6.82475 -5.55562 0
      vertex -6.82475 -0.444366 0
      vertex -6.55585 -0.0817871 0
    endloop
  endfacet
  facet normal 0 0 -1
    outer loop
      vertex -7.05682 -5.16841 0
      vertex -6.82475 -0.444366 0
      vertex -6.82475 -5.55562 0
    endloop
  endfacet
  facet normal 0 0 -1
    outer loop
      vertex -7.05682 -5.16841 0
      vertex -7.05682 -0.831573 0
      vertex -6.82475 -0.444366 0
    endloop
  endfacet
  facet normal 0 0 -1
    outer loop
      vertex -7.24983 -4.76033 0
      vertex -7.05682 -0.831573 0
      vertex -7.05682 -5.16841 0
    endloop
  endfacet
  facet normal 0 0 -1
    outer loop
      vertex -7.24983 -4.76033 0
      vertex -7.24983 -1.23965 0
      vertex -7.05682 -0.831573 0
    endloop
  endfacet
  facet normal 0 0 -1
    outer loop
      vertex -7.40192 -4.3353 0
      vertex -7.24983 -1.23965 0
      vertex -7.24983 -4.76033 0
    endloop
  endfacet
  facet normal 0 0 -1
    outer loop
      vertex -7.40192 -4.3353 0
      vertex -7.40192 -1.66469 0
      vertex -7.24983 -1.23965 0
    endloop
  endfacet
  facet normal 0 0 -1
    outer loop
      vertex -7.51161 -3.89742 0
      vertex -7.40192 -1.66469 0
      vertex -7.40192 -4.3353 0
    endloop
  endfacet
  facet normal 0 0 -1
    outer loop
      vertex -7.51161 -3.89742 0
      vertex -7.51161 -2.10257 0
      vertex -7.40192 -1.66469 0
    endloop
  endfacet
  facet normal 0 0 -1
    outer loop
      vertex -7.57784 -3.45087 0
      vertex -7.51161 -2.10257 0
      vertex -7.51161 -3.89742 0
    endloop
  endfacet
  facet normal 0 0 -1
    outer loop
      vertex -7.57784 -3.45087 0
      vertex -7.57784 -2.54912 0
      vertex -7.51161 -2.10257 0
    endloop
  endfacet
  facet normal 0 -0 -1
    outer loop
      vertex -7.57784 -2.54912 0
      vertex -7.57784 -3.45087 0
      vertex -7.59999 -3 0
    endloop
  endfacet
  facet normal -0 0 -1
    outer loop
      vertex -1.66469 83.0019 0
      vertex -2.39999 74.0443 0
      vertex -2.10257 83.1116 0
    endloop
  endfacet
  facet normal 0 0 -1
    outer loop
      vertex -3 74 0
      vertex -2.39999 74.0443 0
      vertex -2.54912 74.0221 0
    endloop
  endfacet
  facet normal 0 0 -1
    outer loop
      vertex -2.39999 74.0443 0
      vertex -2.54912 83.1778 0
      vertex -2.10257 83.1116 0
    endloop
  endfacet
  facet normal -0 0 -1
    outer loop
      vertex -2.39999 74.0443 0
      vertex -3 74 0
      vertex -2.54912 83.1778 0
    endloop
  endfacet
  facet normal 0 0 -1
    outer loop
      vertex -3 74 0
      vertex -3 83.2 0
      vertex -2.54912 83.1778 0
    endloop
  endfacet
  facet normal 0 0 -1
    outer loop
      vertex -3.45087 74.0221 0
      vertex -3 83.2 0
      vertex -3 74 0
    endloop
  endfacet
  facet normal 0 0 -1
    outer loop
      vertex -3.45087 74.0221 0
      vertex -3.45087 83.1778 0
      vertex -3 83.2 0
    endloop
  endfacet
  facet normal 0 0 -1
    outer loop
      vertex -3.89742 74.0884 0
      vertex -3.45087 83.1778 0
      vertex -3.45087 74.0221 0
    endloop
  endfacet
  facet normal 0 0 -1
    outer loop
      vertex -3.89742 74.0884 0
      vertex -3.89742 83.1116 0
      vertex -3.45087 83.1778 0
    endloop
  endfacet
  facet normal 0 0 -1
    outer loop
      vertex -4.3353 74.1981 0
      vertex -3.89742 83.1116 0
      vertex -3.89742 74.0884 0
    endloop
  endfacet
  facet normal 0 0 -1
    outer loop
      vertex -4.3353 74.1981 0
      vertex -4.3353 83.0019 0
      vertex -3.89742 83.1116 0
    endloop
  endfacet
  facet normal 0 0 -1
    outer loop
      vertex -4.76033 74.3501 0
      vertex -4.3353 83.0019 0
      vertex -4.3353 74.1981 0
    endloop
  endfacet
  facet normal 0 0 -1
    outer loop
      vertex -4.76033 74.3501 0
      vertex -4.76033 82.8498 0
      vertex -4.3353 83.0019 0
    endloop
  endfacet
  facet normal 0 0 -1
    outer loop
      vertex -5.16841 74.5432 0
      vertex -4.76033 82.8498 0
      vertex -4.76033 74.3501 0
    endloop
  endfacet
  facet normal 0 0 -1
    outer loop
      vertex -5.16841 74.5432 0
      vertex -5.16841 82.6568 0
      vertex -4.76033 82.8498 0
    endloop
  endfacet
  facet normal 0 0 -1
    outer loop
      vertex -5.55562 74.7752 0
      vertex -5.16841 82.6568 0
      vertex -5.16841 74.5432 0
    endloop
  endfacet
  facet normal 0 0 -1
    outer loop
      vertex -5.55562 74.7752 0
      vertex -5.55562 82.4248 0
      vertex -5.16841 82.6568 0
    endloop
  endfacet
  facet normal 0 0 -1
    outer loop
      vertex -5.9182 75.0441 0
      vertex -5.55562 82.4248 0
      vertex -5.55562 74.7752 0
    endloop
  endfacet
  facet normal 0 0 -1
    outer loop
      vertex -5.9182 75.0441 0
      vertex -5.9182 82.1558 0
      vertex -5.55562 82.4248 0
    endloop
  endfacet
  facet normal 0 0 -1
    outer loop
      vertex -6.25269 75.3473 0
      vertex -5.9182 82.1558 0
      vertex -5.9182 75.0441 0
    endloop
  endfacet
  facet normal 0 0 -1
    outer loop
      vertex -6.25269 75.3473 0
      vertex -6.25269 81.8527 0
      vertex -5.9182 82.1558 0
    endloop
  endfacet
  facet normal 0 0 -1
    outer loop
      vertex -6.55585 75.6818 0
      vertex -6.25269 81.8527 0
      vertex -6.25269 75.3473 0
    endloop
  endfacet
  facet normal 0 0 -1
    outer loop
      vertex -6.55585 75.6818 0
      vertex -6.55585 81.5182 0
      vertex -6.25269 81.8527 0
    endloop
  endfacet
  facet normal 0 0 -1
    outer loop
      vertex -6.82475 76.0444 0
      vertex -6.55585 81.5182 0
      vertex -6.55585 75.6818 0
    endloop
  endfacet
  facet normal 0 0 -1
    outer loop
      vertex -6.82475 76.0444 0
      vertex -6.82475 81.1556 0
      vertex -6.55585 81.5182 0
    endloop
  endfacet
  facet normal 0 0 -1
    outer loop
      vertex -7.05682 76.4316 0
      vertex -6.82475 81.1556 0
      vertex -6.82475 76.0444 0
    endloop
  endfacet
  facet normal 0 0 -1
    outer loop
      vertex -7.05682 76.4316 0
      vertex -7.05682 80.7684 0
      vertex -6.82475 81.1556 0
    endloop
  endfacet
  facet normal 0 0 -1
    outer loop
      vertex -7.24983 76.8396 0
      vertex -7.05682 80.7684 0
      vertex -7.05682 76.4316 0
    endloop
  endfacet
  facet normal 0 0 -1
    outer loop
      vertex -7.24983 76.8396 0
      vertex -7.24983 80.3603 0
      vertex -7.05682 80.7684 0
    endloop
  endfacet
  facet normal 0 0 -1
    outer loop
      vertex -7.40192 77.2647 0
      vertex -7.24983 80.3603 0
      vertex -7.24983 76.8396 0
    endloop
  endfacet
  facet normal 0 0 -1
    outer loop
      vertex -7.40192 77.2647 0
      vertex -7.40192 79.9353 0
      vertex -7.24983 80.3603 0
    endloop
  endfacet
  facet normal 0 0 -1
    outer loop
      vertex -7.51161 77.7026 0
      vertex -7.40192 79.9353 0
      vertex -7.40192 77.2647 0
    endloop
  endfacet
  facet normal 0 0 -1
    outer loop
      vertex -7.51161 77.7026 0
      vertex -7.51161 79.4974 0
      vertex -7.40192 79.9353 0
    endloop
  endfacet
  facet normal 0 0 -1
    outer loop
      vertex -7.57784 78.1491 0
      vertex -7.51161 79.4974 0
      vertex -7.51161 77.7026 0
    endloop
  endfacet
  facet normal 0 0 -1
    outer loop
      vertex -7.57784 78.1491 0
      vertex -7.57784 79.0509 0
      vertex -7.51161 79.4974 0
    endloop
  endfacet
  facet normal 0 -0 -1
    outer loop
      vertex -7.57784 79.0509 0
      vertex -7.57784 78.1491 0
      vertex -7.59999 78.6 0
    endloop
  endfacet
  facet normal 0 0 1
    outer loop
      vertex -1.7 78.6 38
      vertex 1.59999 78.6 38
      vertex 1.57784 79.0509 38
    endloop
  endfacet
  facet normal 0 0 1
    outer loop
      vertex 1.59999 78.6 38
      vertex -1.7 78.6 38
      vertex 1.57784 78.1491 38
    endloop
  endfacet
  facet normal 0 0 1
    outer loop
      vertex -1.70626 78.7274 38
      vertex 1.57784 79.0509 38
      vertex 1.51161 79.4974 38
    endloop
  endfacet
  facet normal 0 0 1
    outer loop
      vertex 159.9 78.6 38
      vertex 163.2 78.6 38
      vertex 163.178 79.0509 38
    endloop
  endfacet
  facet normal 0 0 1
    outer loop
      vertex 159.894 78.7274 38
      vertex 163.178 79.0509 38
      vertex 163.112 79.4974 38
    endloop
  endfacet
  facet normal 0 0 1
    outer loop
      vertex 163.2 78.6 38
      vertex 159.9 78.6 38
      vertex 163.178 78.1491 38
    endloop
  endfacet
  facet normal 0 0 1
    outer loop
      vertex 159.875 78.8536 38
      vertex 163.112 79.4974 38
      vertex 163.002 79.9353 38
    endloop
  endfacet
  facet normal -0 0 1
    outer loop
      vertex 159.894 78.4726 38
      vertex 163.178 78.1491 38
      vertex 159.9 78.6 38
    endloop
  endfacet
  facet normal 0 0 1
    outer loop
      vertex 159.844 78.9774 38
      vertex 163.002 79.9353 38
      vertex 162.85 80.3603 38
    endloop
  endfacet
  facet normal 0 0 1
    outer loop
      vertex 163.178 78.1491 38
      vertex 159.894 78.4726 38
      vertex 163.112 77.7026 38
    endloop
  endfacet
  facet normal 0 0 1
    outer loop
      vertex 159.801 79.0975 38
      vertex 162.85 80.3603 38
      vertex 162.657 80.7684 38
    endloop
  endfacet
  facet normal -0 0 1
    outer loop
      vertex 159.875 78.3464 38
      vertex 163.112 77.7026 38
      vertex 159.894 78.4726 38
    endloop
  endfacet
  facet normal 0 0 1
    outer loop
      vertex 159.746 79.2128 38
      vertex 162.657 80.7684 38
      vertex 162.425 81.1556 38
    endloop
  endfacet
  facet normal 0 0 1
    outer loop
      vertex 163.112 77.7026 38
      vertex 159.875 78.3464 38
      vertex 163.002 77.2647 38
    endloop
  endfacet
  facet normal 0 0 1
    outer loop
      vertex 159.681 79.3222 38
      vertex 162.425 81.1556 38
      vertex 162.156 81.5182 38
    endloop
  endfacet
  facet normal -0 0 1
    outer loop
      vertex 159.844 78.2226 38
      vertex 163.002 77.2647 38
      vertex 159.875 78.3464 38
    endloop
  endfacet
  facet normal 0 0 1
    outer loop
      vertex 159.605 79.4247 38
      vertex 162.156 81.5182 38
      vertex 161.853 81.8527 38
    endloop
  endfacet
  facet normal 0 0 1
    outer loop
      vertex 163.002 77.2647 38
      vertex 159.844 78.2226 38
      vertex 162.85 76.8396 38
    endloop
  endfacet
  facet normal 0 0 1
    outer loop
      vertex 159.519 79.5192 38
      vertex 161.853 81.8527 38
      vertex 161.518 82.1558 38
    endloop
  endfacet
  facet normal -0 0 1
    outer loop
      vertex 159.801 78.1025 38
      vertex 162.85 76.8396 38
      vertex 159.844 78.2226 38
    endloop
  endfacet
  facet normal 0 0 1
    outer loop
      vertex 159.425 79.6049 38
      vertex 161.518 82.1558 38
      vertex 161.156 82.4248 38
    endloop
  endfacet
  facet normal 0 0 1
    outer loop
      vertex 162.85 76.8396 38
      vertex 159.801 78.1025 38
      vertex 162.657 76.4316 38
    endloop
  endfacet
  facet normal 0 0 1
    outer loop
      vertex 159.322 79.6809 38
      vertex 161.156 82.4248 38
      vertex 160.768 82.6568 38
    endloop
  endfacet
  facet normal -0 0 1
    outer loop
      vertex 159.746 77.9872 38
      vertex 162.657 76.4316 38
      vertex 159.801 78.1025 38
    endloop
  endfacet
  facet normal 0 0 1
    outer loop
      vertex 159.213 79.7465 38
      vertex 160.768 82.6568 38
      vertex 160.36 82.8498 38
    endloop
  endfacet
  facet normal 0 0 1
    outer loop
      vertex 162.657 76.4316 38
      vertex 159.746 77.9872 38
      vertex 162.425 76.0444 38
    endloop
  endfacet
  facet normal 0 0 1
    outer loop
      vertex 159.097 79.801 38
      vertex 160.36 82.8498 38
      vertex 159.935 83.0019 38
    endloop
  endfacet
  facet normal -0 0 1
    outer loop
      vertex 159.681 77.8778 38
      vertex 162.425 76.0444 38
      vertex 159.746 77.9872 38
    endloop
  endfacet
  facet normal 0 0 1
    outer loop
      vertex 162.425 76.0444 38
      vertex 159.681 77.8778 38
      vertex 162.156 75.6818 38
    endloop
  endfacet
  facet normal 0 0 1
    outer loop
      vertex 163.178 79.0509 38
      vertex 159.894 78.7274 38
      vertex 159.9 78.6 38
    endloop
  endfacet
  facet normal 0 0 1
    outer loop
      vertex 163.112 79.4974 38
      vertex 159.875 78.8536 38
      vertex 159.894 78.7274 38
    endloop
  endfacet
  facet normal 0 0 1
    outer loop
      vertex 163.002 79.9353 38
      vertex 159.844 78.9774 38
      vertex 159.875 78.8536 38
    endloop
  endfacet
  facet normal 0 0 1
    outer loop
      vertex 162.85 80.3603 38
      vertex 159.801 79.0975 38
      vertex 159.844 78.9774 38
    endloop
  endfacet
  facet normal 0 0 1
    outer loop
      vertex 162.657 80.7684 38
      vertex 159.746 79.2128 38
      vertex 159.801 79.0975 38
    endloop
  endfacet
  facet normal 0 0 1
    outer loop
      vertex 162.425 81.1556 38
      vertex 159.681 79.3222 38
      vertex 159.746 79.2128 38
    endloop
  endfacet
  facet normal 0 0 1
    outer loop
      vertex 162.156 81.5182 38
      vertex 159.605 79.4247 38
      vertex 159.681 79.3222 38
    endloop
  endfacet
  facet normal 0 0 1
    outer loop
      vertex 161.853 81.8527 38
      vertex 159.519 79.5192 38
      vertex 159.605 79.4247 38
    endloop
  endfacet
  facet normal 0 0 1
    outer loop
      vertex 158.977 79.844 38
      vertex 159.935 83.0019 38
      vertex 159.497 83.1116 38
    endloop
  endfacet
  facet normal 0 0 1
    outer loop
      vertex 161.518 82.1558 38
      vertex 159.425 79.6049 38
      vertex 159.519 79.5192 38
    endloop
  endfacet
  facet normal 0 0 1
    outer loop
      vertex 161.156 82.4248 38
      vertex 159.322 79.6809 38
      vertex 159.425 79.6049 38
    endloop
  endfacet
  facet normal 0 0 1
    outer loop
      vertex 160.768 82.6568 38
      vertex 159.213 79.7465 38
      vertex 159.322 79.6809 38
    endloop
  endfacet
  facet normal 0 0 1
    outer loop
      vertex 160.36 82.8498 38
      vertex 159.097 79.801 38
      vertex 159.213 79.7465 38
    endloop
  endfacet
  facet normal 0 0 1
    outer loop
      vertex 158.854 79.875 38
      vertex 159.497 83.1116 38
      vertex 159.051 83.1778 38
    endloop
  endfacet
  facet normal 0 0 1
    outer loop
      vertex 159.935 83.0019 38
      vertex 158.977 79.844 38
      vertex 159.097 79.801 38
    endloop
  endfacet
  facet normal 0 0 1
    outer loop
      vertex 159.497 83.1116 38
      vertex 158.854 79.875 38
      vertex 158.977 79.844 38
    endloop
  endfacet
  facet normal 0 0 1
    outer loop
      vertex 159.051 83.1778 38
      vertex 158.727 79.8937 38
      vertex 158.854 79.875 38
    endloop
  endfacet
  facet normal 0 0 1
    outer loop
      vertex 159.051 83.1778 38
      vertex 158.6 79.9 38
      vertex 158.727 79.8937 38
    endloop
  endfacet
  facet normal 0 0 1
    outer loop
      vertex 158.6 83.2 38
      vertex 158.6 79.9 38
      vertex 159.051 83.1778 38
    endloop
  endfacet
  facet normal 0 0 1
    outer loop
      vertex 158.6 83.2 38
      vertex 158.473 79.8937 38
      vertex 158.6 79.9 38
    endloop
  endfacet
  facet normal -0 0 1
    outer loop
      vertex 158.149 83.1778 38
      vertex 158.473 79.8937 38
      vertex 158.6 83.2 38
    endloop
  endfacet
  facet normal 0 0 1
    outer loop
      vertex 158.473 79.8937 38
      vertex 158.149 83.1778 38
      vertex 158.346 79.875 38
    endloop
  endfacet
  facet normal -0 0 1
    outer loop
      vertex 157.703 83.1116 38
      vertex 158.346 79.875 38
      vertex 158.149 83.1778 38
    endloop
  endfacet
  facet normal 0 0 1
    outer loop
      vertex 158.346 79.875 38
      vertex 157.703 83.1116 38
      vertex 158.223 79.844 38
    endloop
  endfacet
  facet normal -0 0 1
    outer loop
      vertex 157.265 83.0019 38
      vertex 158.223 79.844 38
      vertex 157.703 83.1116 38
    endloop
  endfacet
  facet normal 0 0 1
    outer loop
      vertex 158.223 79.844 38
      vertex 157.265 83.0019 38
      vertex 158.103 79.801 38
    endloop
  endfacet
  facet normal -0 0 1
    outer loop
      vertex 156.84 82.8498 38
      vertex 158.103 79.801 38
      vertex 157.265 83.0019 38
    endloop
  endfacet
  facet normal 0 0 1
    outer loop
      vertex 158.103 79.801 38
      vertex 156.84 82.8498 38
      vertex 157.987 79.7465 38
    endloop
  endfacet
  facet normal -0 0 1
    outer loop
      vertex 156.432 82.6568 38
      vertex 157.987 79.7465 38
      vertex 156.84 82.8498 38
    endloop
  endfacet
  facet normal 0 0 1
    outer loop
      vertex 157.987 79.7465 38
      vertex 156.432 82.6568 38
      vertex 157.878 79.6809 38
    endloop
  endfacet
  facet normal -0 0 1
    outer loop
      vertex 156.044 82.4248 38
      vertex 157.878 79.6809 38
      vertex 156.432 82.6568 38
    endloop
  endfacet
  facet normal 0 0 1
    outer loop
      vertex 157.878 79.6809 38
      vertex 156.044 82.4248 38
      vertex 157.775 79.6049 38
    endloop
  endfacet
  facet normal -0 0 1
    outer loop
      vertex 155.682 82.1558 38
      vertex 157.775 79.6049 38
      vertex 156.044 82.4248 38
    endloop
  endfacet
  facet normal 0 0 1
    outer loop
      vertex 157.775 79.6049 38
      vertex 155.682 82.1558 38
      vertex 157.681 79.5192 38
    endloop
  endfacet
  facet normal -0 0 1
    outer loop
      vertex 155.347 81.8527 38
      vertex 157.681 79.5192 38
      vertex 155.682 82.1558 38
    endloop
  endfacet
  facet normal 0 0 1
    outer loop
      vertex 157.681 79.5192 38
      vertex 155.347 81.8527 38
      vertex 157.595 79.4247 38
    endloop
  endfacet
  facet normal -0 0 1
    outer loop
      vertex 154.775 81.1556 38
      vertex 157.519 79.3222 38
      vertex 155.044 81.5182 38
    endloop
  endfacet
  facet normal 0 0 1
    outer loop
      vertex 157.595 79.4247 38
      vertex 155.044 81.5182 38
      vertex 157.519 79.3222 38
    endloop
  endfacet
  facet normal -0 0 1
    outer loop
      vertex 155.044 81.5182 38
      vertex 157.595 79.4247 38
      vertex 155.347 81.8527 38
    endloop
  endfacet
  facet normal -0 0 1
    outer loop
      vertex 159.605 77.7753 38
      vertex 162.156 75.6818 38
      vertex 159.681 77.8778 38
    endloop
  endfacet
  facet normal 0 0 1
    outer loop
      vertex 162.156 75.6818 38
      vertex 159.605 77.7753 38
      vertex 161.853 75.3473 38
    endloop
  endfacet
  facet normal -0 0 1
    outer loop
      vertex 159.519 77.6808 38
      vertex 161.853 75.3473 38
      vertex 159.605 77.7753 38
    endloop
  endfacet
  facet normal 0 0 1
    outer loop
      vertex 161.853 75.3473 38
      vertex 159.519 77.6808 38
      vertex 161.518 75.0441 38
    endloop
  endfacet
  facet normal -0 0 1
    outer loop
      vertex 159.425 77.5951 38
      vertex 161.518 75.0441 38
      vertex 159.519 77.6808 38
    endloop
  endfacet
  facet normal 0 0 1
    outer loop
      vertex 161.518 75.0441 38
      vertex 159.425 77.5951 38
      vertex 161.156 74.7752 38
    endloop
  endfacet
  facet normal -0 0 1
    outer loop
      vertex 159.322 77.5191 38
      vertex 161.156 74.7752 38
      vertex 159.425 77.5951 38
    endloop
  endfacet
  facet normal 0 0 1
    outer loop
      vertex 161.156 74.7752 38
      vertex 159.322 77.5191 38
      vertex 160.768 74.5432 38
    endloop
  endfacet
  facet normal -0 0 1
    outer loop
      vertex 159.213 77.4535 38
      vertex 160.768 74.5432 38
      vertex 159.322 77.5191 38
    endloop
  endfacet
  facet normal 0 0 1
    outer loop
      vertex 160.768 74.5432 38
      vertex 159.213 77.4535 38
      vertex 160.36 74.3501 38
    endloop
  endfacet
  facet normal -0 0 1
    outer loop
      vertex 159.097 77.399 38
      vertex 160.36 74.3501 38
      vertex 159.213 77.4535 38
    endloop
  endfacet
  facet normal 0 0 1
    outer loop
      vertex 160.36 74.3501 38
      vertex 159.097 77.399 38
      vertex 159.935 74.1981 38
    endloop
  endfacet
  facet normal -0 0 1
    outer loop
      vertex 158.977 77.356 38
      vertex 159.935 74.1981 38
      vertex 159.097 77.399 38
    endloop
  endfacet
  facet normal 0 0 1
    outer loop
      vertex 159.935 74.1981 38
      vertex 158.977 77.356 38
      vertex 159.497 74.0884 38
    endloop
  endfacet
  facet normal -0 0 1
    outer loop
      vertex 158.854 77.325 38
      vertex 159.497 74.0884 38
      vertex 158.977 77.356 38
    endloop
  endfacet
  facet normal 0 0 1
    outer loop
      vertex 159.497 74.0884 38
      vertex 158.854 77.325 38
      vertex 159.051 74.0221 38
    endloop
  endfacet
  facet normal -0 0 1
    outer loop
      vertex 158.727 77.3063 38
      vertex 159.051 74.0221 38
      vertex 158.854 77.325 38
    endloop
  endfacet
  facet normal -0 0 1
    outer loop
      vertex 158.6 77.3 38
      vertex 159.051 74.0221 38
      vertex 158.727 77.3063 38
    endloop
  endfacet
  facet normal 0 0 1
    outer loop
      vertex 158.6 77.3 38
      vertex 158.6 74 38
      vertex 159.051 74.0221 38
    endloop
  endfacet
  facet normal 0 0 1
    outer loop
      vertex 158.473 77.3063 38
      vertex 158.6 74 38
      vertex 158.6 77.3 38
    endloop
  endfacet
  facet normal 0 0 1
    outer loop
      vertex 158 74.0443 38
      vertex 158.473 77.3063 38
      vertex 158.346 77.325 38
    endloop
  endfacet
  facet normal 0 0 1
    outer loop
      vertex 158 74.0443 38
      vertex 158.346 77.325 38
      vertex 158.223 77.356 38
    endloop
  endfacet
  facet normal 0 0 1
    outer loop
      vertex 158.473 77.3063 38
      vertex 158.149 74.0221 38
      vertex 158.6 74 38
    endloop
  endfacet
  facet normal 0 0 1
    outer loop
      vertex 158 74.0443 38
      vertex 158.223 77.356 38
      vertex 158.103 77.399 38
    endloop
  endfacet
  facet normal 0 0 1
    outer loop
      vertex 158.473 77.3063 38
      vertex 158 74.0443 38
      vertex 158.149 74.0221 38
    endloop
  endfacet
  facet normal 0 0 1
    outer loop
      vertex 157.878 77.5191 38
      vertex 158 74.0443 38
      vertex 157.987 77.4535 38
    endloop
  endfacet
  facet normal 0 0 1
    outer loop
      vertex 157.987 77.4535 38
      vertex 158 74.0443 38
      vertex 158.103 77.399 38
    endloop
  endfacet
  facet normal 0 0 1
    outer loop
      vertex 159.9 -3 38
      vertex 163.2 -3 38
      vertex 163.178 -2.54912 38
    endloop
  endfacet
  facet normal 0 0 1
    outer loop
      vertex 159.894 -2.87258 38
      vertex 163.178 -2.54912 38
      vertex 163.112 -2.10257 38
    endloop
  endfacet
  facet normal 0 0 1
    outer loop
      vertex 163.2 -3 38
      vertex 159.9 -3 38
      vertex 163.178 -3.45087 38
    endloop
  endfacet
  facet normal 0 0 1
    outer loop
      vertex 159.875 -2.74638 38
      vertex 163.112 -2.10257 38
      vertex 163.002 -1.66469 38
    endloop
  endfacet
  facet normal -0 0 1
    outer loop
      vertex 159.894 -3.12742 38
      vertex 163.178 -3.45087 38
      vertex 159.9 -3 38
    endloop
  endfacet
  facet normal 0 0 1
    outer loop
      vertex 159.844 -2.62263 38
      vertex 163.002 -1.66469 38
      vertex 162.85 -1.23965 38
    endloop
  endfacet
  facet normal 0 0 1
    outer loop
      vertex 163.178 -3.45087 38
      vertex 159.894 -3.12742 38
      vertex 163.112 -3.89742 38
    endloop
  endfacet
  facet normal 0 0 1
    outer loop
      vertex 159.801 -2.50251 38
      vertex 162.85 -1.23965 38
      vertex 162.657 -0.831573 38
    endloop
  endfacet
  facet normal -0 0 1
    outer loop
      vertex 159.875 -3.25362 38
      vertex 163.112 -3.89742 38
      vertex 159.894 -3.12742 38
    endloop
  endfacet
  facet normal 0 0 1
    outer loop
      vertex 159.746 -2.38718 38
      vertex 162.657 -0.831573 38
      vertex 162.425 -0.444366 38
    endloop
  endfacet
  facet normal 0 0 1
    outer loop
      vertex 163.112 -3.89742 38
      vertex 159.875 -3.25362 38
      vertex 163.002 -4.3353 38
    endloop
  endfacet
  facet normal 0 0 1
    outer loop
      vertex 159.681 -2.27776 38
      vertex 162.425 -0.444366 38
      vertex 162.156 -0.0817871 38
    endloop
  endfacet
  facet normal -0 0 1
    outer loop
      vertex 159.844 -3.37737 38
      vertex 163.002 -4.3353 38
      vertex 159.875 -3.25362 38
    endloop
  endfacet
  facet normal 0 0 1
    outer loop
      vertex 159.605 -2.17529 38
      vertex 162.156 -0.0817871 38
      vertex 161.853 0.252686 38
    endloop
  endfacet
  facet normal 0 0 1
    outer loop
      vertex 163.002 -4.3353 38
      vertex 159.844 -3.37737 38
      vertex 162.85 -4.76033 38
    endloop
  endfacet
  facet normal 0 0 1
    outer loop
      vertex 159.519 -2.08076 38
      vertex 161.853 0.252686 38
      vertex 161.518 0.555847 38
    endloop
  endfacet
  facet normal -0 0 1
    outer loop
      vertex 159.801 -3.49749 38
      vertex 162.85 -4.76033 38
      vertex 159.844 -3.37737 38
    endloop
  endfacet
  facet normal 0 0 1
    outer loop
      vertex 159.425 -1.99509 38
      vertex 161.518 0.555847 38
      vertex 161.156 0.824753 38
    endloop
  endfacet
  facet normal 0 0 1
    outer loop
      vertex 162.85 -4.76033 38
      vertex 159.801 -3.49749 38
      vertex 162.657 -5.16841 38
    endloop
  endfacet
  facet normal 0 0 1
    outer loop
      vertex 159.322 -1.91909 38
      vertex 161.156 0.824753 38
      vertex 160.768 1.05682 38
    endloop
  endfacet
  facet normal -0 0 1
    outer loop
      vertex 159.746 -3.61281 38
      vertex 162.657 -5.16841 38
      vertex 159.801 -3.49749 38
    endloop
  endfacet
  facet normal 0 0 1
    outer loop
      vertex 159.213 -1.8535 38
      vertex 160.768 1.05682 38
      vertex 160.36 1.24983 38
    endloop
  endfacet
  facet normal 0 0 1
    outer loop
      vertex 162.657 -5.16841 38
      vertex 159.746 -3.61281 38
      vertex 162.425 -5.55562 38
    endloop
  endfacet
  facet normal 0 0 1
    outer loop
      vertex 159.097 -1.79896 38
      vertex 160.36 1.24983 38
      vertex 159.935 1.40192 38
    endloop
  endfacet
  facet normal -0 0 1
    outer loop
      vertex 159.681 -3.72224 38
      vertex 162.425 -5.55562 38
      vertex 159.746 -3.61281 38
    endloop
  endfacet
  facet normal 0 0 1
    outer loop
      vertex 162.425 -5.55562 38
      vertex 159.681 -3.72224 38
      vertex 162.156 -5.9182 38
    endloop
  endfacet
  facet normal 0 0 1
    outer loop
      vertex 163.178 -2.54912 38
      vertex 159.894 -2.87258 38
      vertex 159.9 -3 38
    endloop
  endfacet
  facet normal 0 0 1
    outer loop
      vertex 163.112 -2.10257 38
      vertex 159.875 -2.74638 38
      vertex 159.894 -2.87258 38
    endloop
  endfacet
  facet normal 0 0 1
    outer loop
      vertex 163.002 -1.66469 38
      vertex 159.844 -2.62263 38
      vertex 159.875 -2.74638 38
    endloop
  endfacet
  facet normal 0 0 1
    outer loop
      vertex 162.85 -1.23965 38
      vertex 159.801 -2.50251 38
      vertex 159.844 -2.62263 38
    endloop
  endfacet
  facet normal 0 0 1
    outer loop
      vertex 162.657 -0.831573 38
      vertex 159.746 -2.38718 38
      vertex 159.801 -2.50251 38
    endloop
  endfacet
  facet normal 0 0 1
    outer loop
      vertex 162.425 -0.444366 38
      vertex 159.681 -2.27776 38
      vertex 159.746 -2.38718 38
    endloop
  endfacet
  facet normal 0 0 1
    outer loop
      vertex 162.156 -0.0817871 38
      vertex 159.605 -2.17529 38
      vertex 159.681 -2.27776 38
    endloop
  endfacet
  facet normal 0 0 1
    outer loop
      vertex 161.853 0.252686 38
      vertex 159.519 -2.08076 38
      vertex 159.605 -2.17529 38
    endloop
  endfacet
  facet normal 0 0 1
    outer loop
      vertex 158.977 -1.75598 38
      vertex 159.935 1.40192 38
      vertex 159.497 1.51161 38
    endloop
  endfacet
  facet normal 0 0 1
    outer loop
      vertex 161.518 0.555847 38
      vertex 159.425 -1.99509 38
      vertex 159.519 -2.08076 38
    endloop
  endfacet
  facet normal 0 0 1
    outer loop
      vertex 161.156 0.824753 38
      vertex 159.322 -1.91909 38
      vertex 159.425 -1.99509 38
    endloop
  endfacet
  facet normal 0 0 1
    outer loop
      vertex 160.768 1.05682 38
      vertex 159.213 -1.8535 38
      vertex 159.322 -1.91909 38
    endloop
  endfacet
  facet normal 0 0 1
    outer loop
      vertex 160.36 1.24983 38
      vertex 159.097 -1.79896 38
      vertex 159.213 -1.8535 38
    endloop
  endfacet
  facet normal 0 0 1
    outer loop
      vertex 158.854 -1.72498 38
      vertex 159.497 1.51161 38
      vertex 159.051 1.57784 38
    endloop
  endfacet
  facet normal 0 0 1
    outer loop
      vertex 159.935 1.40192 38
      vertex 158.977 -1.75598 38
      vertex 159.097 -1.79896 38
    endloop
  endfacet
  facet normal 0 0 1
    outer loop
      vertex 159.497 1.51161 38
      vertex 158.854 -1.72498 38
      vertex 158.977 -1.75598 38
    endloop
  endfacet
  facet normal 0 0 1
    outer loop
      vertex 159.051 1.57784 38
      vertex 158.727 -1.70626 38
      vertex 158.854 -1.72498 38
    endloop
  endfacet
  facet normal 0 0 1
    outer loop
      vertex 159.051 1.57784 38
      vertex 158.6 -1.7 38
      vertex 158.727 -1.70626 38
    endloop
  endfacet
  facet normal 0 0 1
    outer loop
      vertex 158.6 1.59999 38
      vertex 158.6 -1.7 38
      vertex 159.051 1.57784 38
    endloop
  endfacet
  facet normal 0 0 1
    outer loop
      vertex 158.6 1.59999 38
      vertex 158.473 -1.70626 38
      vertex 158.6 -1.7 38
    endloop
  endfacet
  facet normal -0 0 1
    outer loop
      vertex 158.149 1.57784 38
      vertex 158.473 -1.70626 38
      vertex 158.6 1.59999 38
    endloop
  endfacet
  facet normal -0 0 1
    outer loop
      vertex 158 1.55573 38
      vertex 158.473 -1.70626 38
      vertex 158.149 1.57784 38
    endloop
  endfacet
  facet normal 0 0 1
    outer loop
      vertex 158.473 -1.70626 38
      vertex 158 1.55573 38
      vertex 158.346 -1.72498 38
    endloop
  endfacet
  facet normal 0 0 1
    outer loop
      vertex 158.346 -1.72498 38
      vertex 158 1.55573 38
      vertex 158.223 -1.75598 38
    endloop
  endfacet
  facet normal 0 0 1
    outer loop
      vertex 158.223 -1.75598 38
      vertex 158 1.55573 38
      vertex 158.103 -1.79896 38
    endloop
  endfacet
  facet normal 0 0 1
    outer loop
      vertex 158 1.55573 38
      vertex 157.987 -1.8535 38
      vertex 158.103 -1.79896 38
    endloop
  endfacet
  facet normal 0 0 1
    outer loop
      vertex 157.775 77.5951 38
      vertex 158 74.0443 38
      vertex 157.878 77.5191 38
    endloop
  endfacet
  facet normal 0 0 1
    outer loop
      vertex 157.681 77.6808 38
      vertex 158 74.0443 38
      vertex 157.775 77.5951 38
    endloop
  endfacet
  facet normal 0 0 1
    outer loop
      vertex 158 1.55573 38
      vertex 157.878 -1.91909 38
      vertex 157.987 -1.8535 38
    endloop
  endfacet
  facet normal 0 0 1
    outer loop
      vertex 157.595 77.7753 38
      vertex 158 74.0443 38
      vertex 157.681 77.6808 38
    endloop
  endfacet
  facet normal 0 0 1
    outer loop
      vertex 158 1.55573 38
      vertex 157.775 -1.99509 38
      vertex 157.878 -1.91909 38
    endloop
  endfacet
  facet normal 0 0 1
    outer loop
      vertex 157.519 77.8778 38
      vertex 158 74.0443 38
      vertex 157.595 77.7753 38
    endloop
  endfacet
  facet normal 0 0 1
    outer loop
      vertex 158 1.55573 38
      vertex 157.681 -2.08076 38
      vertex 157.775 -1.99509 38
    endloop
  endfacet
  facet normal 0 0 1
    outer loop
      vertex 157.454 77.9872 38
      vertex 158 74.0443 38
      vertex 157.519 77.8778 38
    endloop
  endfacet
  facet normal 0 0 1
    outer loop
      vertex 158 1.55573 38
      vertex 157.595 -2.17529 38
      vertex 157.681 -2.08076 38
    endloop
  endfacet
  facet normal 0 0 1
    outer loop
      vertex 157.399 78.1025 38
      vertex 158 74.0443 38
      vertex 157.454 77.9872 38
    endloop
  endfacet
  facet normal 0 0 1
    outer loop
      vertex 158 1.55573 38
      vertex 157.519 -2.27776 38
      vertex 157.595 -2.17529 38
    endloop
  endfacet
  facet normal 0 0 1
    outer loop
      vertex 157.356 78.2226 38
      vertex 158 74.0443 38
      vertex 157.399 78.1025 38
    endloop
  endfacet
  facet normal 0 0 1
    outer loop
      vertex 158 1.55573 38
      vertex 157.454 -2.38718 38
      vertex 157.519 -2.27776 38
    endloop
  endfacet
  facet normal 0 0 1
    outer loop
      vertex 157.325 78.3464 38
      vertex 158 74.0443 38
      vertex 157.356 78.2226 38
    endloop
  endfacet
  facet normal 0 0 1
    outer loop
      vertex 158 1.55573 38
      vertex 157.399 -2.50251 38
      vertex 157.454 -2.38718 38
    endloop
  endfacet
  facet normal 0 0 1
    outer loop
      vertex 158 74.0443 38
      vertex 157.325 78.3464 38
      vertex 158 1.55573 38
    endloop
  endfacet
  facet normal 0 0 1
    outer loop
      vertex 158 1.55573 38
      vertex 157.356 -2.62263 38
      vertex 157.399 -2.50251 38
    endloop
  endfacet
  facet normal 0 0 1
    outer loop
      vertex 157.325 -2.74638 38
      vertex 158 1.55573 38
      vertex 157.325 78.3464 38
    endloop
  endfacet
  facet normal 0 0 1
    outer loop
      vertex 158 1.55573 38
      vertex 157.325 -2.74638 38
      vertex 157.356 -2.62263 38
    endloop
  endfacet
  facet normal 0 0 1
    outer loop
      vertex 157.306 78.4726 38
      vertex 157.325 -2.74638 38
      vertex 157.325 78.3464 38
    endloop
  endfacet
  facet normal 0 0 1
    outer loop
      vertex 157.306 78.4726 38
      vertex 157.306 -2.87258 38
      vertex 157.325 -2.74638 38
    endloop
  endfacet
  facet normal 0 0 1
    outer loop
      vertex 157.3 78.6 38
      vertex 157.306 -2.87258 38
      vertex 157.306 78.4726 38
    endloop
  endfacet
  facet normal 0 0 1
    outer loop
      vertex 157.306 -2.87258 38
      vertex 157.3 78.6 38
      vertex 157.3 -3 38
    endloop
  endfacet
  facet normal -0 0 1
    outer loop
      vertex 159.605 -3.82471 38
      vertex 162.156 -5.9182 38
      vertex 159.681 -3.72224 38
    endloop
  endfacet
  facet normal 0 0 1
    outer loop
      vertex 162.156 -5.9182 38
      vertex 159.605 -3.82471 38
      vertex 161.853 -6.25269 38
    endloop
  endfacet
  facet normal -0 0 1
    outer loop
      vertex 159.519 -3.91924 38
      vertex 161.853 -6.25269 38
      vertex 159.605 -3.82471 38
    endloop
  endfacet
  facet normal 0 0 1
    outer loop
      vertex 161.853 -6.25269 38
      vertex 159.519 -3.91924 38
      vertex 161.518 -6.55585 38
    endloop
  endfacet
  facet normal -0 0 1
    outer loop
      vertex 159.425 -4.00491 38
      vertex 161.518 -6.55585 38
      vertex 159.519 -3.91924 38
    endloop
  endfacet
  facet normal 0 0 1
    outer loop
      vertex 161.518 -6.55585 38
      vertex 159.425 -4.00491 38
      vertex 161.156 -6.82475 38
    endloop
  endfacet
  facet normal -0 0 1
    outer loop
      vertex 159.322 -4.08091 38
      vertex 161.156 -6.82475 38
      vertex 159.425 -4.00491 38
    endloop
  endfacet
  facet normal 0 0 1
    outer loop
      vertex 161.156 -6.82475 38
      vertex 159.322 -4.08091 38
      vertex 160.768 -7.05682 38
    endloop
  endfacet
  facet normal -0 0 1
    outer loop
      vertex 159.213 -4.1465 38
      vertex 160.768 -7.05682 38
      vertex 159.322 -4.08091 38
    endloop
  endfacet
  facet normal 0 0 1
    outer loop
      vertex 160.768 -7.05682 38
      vertex 159.213 -4.1465 38
      vertex 160.36 -7.24983 38
    endloop
  endfacet
  facet normal -0 0 1
    outer loop
      vertex 159.097 -4.20104 38
      vertex 160.36 -7.24983 38
      vertex 159.213 -4.1465 38
    endloop
  endfacet
  facet normal 0 0 1
    outer loop
      vertex 160.36 -7.24983 38
      vertex 159.097 -4.20104 38
      vertex 159.935 -7.40192 38
    endloop
  endfacet
  facet normal -0 0 1
    outer loop
      vertex 158.977 -4.24402 38
      vertex 159.935 -7.40192 38
      vertex 159.097 -4.20104 38
    endloop
  endfacet
  facet normal 0 0 1
    outer loop
      vertex 159.935 -7.40192 38
      vertex 158.977 -4.24402 38
      vertex 159.497 -7.51161 38
    endloop
  endfacet
  facet normal -0 0 1
    outer loop
      vertex 158.854 -4.27502 38
      vertex 159.497 -7.51161 38
      vertex 158.977 -4.24402 38
    endloop
  endfacet
  facet normal 0 0 1
    outer loop
      vertex 159.497 -7.51161 38
      vertex 158.854 -4.27502 38
      vertex 159.051 -7.57784 38
    endloop
  endfacet
  facet normal -0 0 1
    outer loop
      vertex 158.727 -4.29374 38
      vertex 159.051 -7.57784 38
      vertex 158.854 -4.27502 38
    endloop
  endfacet
  facet normal -0 0 1
    outer loop
      vertex 158.6 -4.3 38
      vertex 159.051 -7.57784 38
      vertex 158.727 -4.29374 38
    endloop
  endfacet
  facet normal 0 0 1
    outer loop
      vertex 158.6 -4.3 38
      vertex 158.6 -7.59999 38
      vertex 159.051 -7.57784 38
    endloop
  endfacet
  facet normal 0 0 1
    outer loop
      vertex 158.473 -4.29374 38
      vertex 158.6 -7.59999 38
      vertex 158.6 -4.3 38
    endloop
  endfacet
  facet normal 0 0 1
    outer loop
      vertex 158.149 -7.57784 38
      vertex 158.473 -4.29374 38
      vertex 158.346 -4.27502 38
    endloop
  endfacet
  facet normal 0 0 1
    outer loop
      vertex 157.703 -7.51161 38
      vertex 158.346 -4.27502 38
      vertex 158.223 -4.24402 38
    endloop
  endfacet
  facet normal 0 0 1
    outer loop
      vertex 158.473 -4.29374 38
      vertex 158.149 -7.57784 38
      vertex 158.6 -7.59999 38
    endloop
  endfacet
  facet normal 0 0 1
    outer loop
      vertex 157.265 -7.40192 38
      vertex 158.223 -4.24402 38
      vertex 158.103 -4.20104 38
    endloop
  endfacet
  facet normal 0 0 1
    outer loop
      vertex 156.84 -7.24983 38
      vertex 158.103 -4.20104 38
      vertex 157.987 -4.1465 38
    endloop
  endfacet
  facet normal 0 0 1
    outer loop
      vertex 156.432 -7.05682 38
      vertex 157.987 -4.1465 38
      vertex 157.878 -4.08091 38
    endloop
  endfacet
  facet normal 0 0 1
    outer loop
      vertex 156.044 -6.82475 38
      vertex 157.878 -4.08091 38
      vertex 157.775 -4.00491 38
    endloop
  endfacet
  facet normal 0 0 1
    outer loop
      vertex 158.346 -4.27502 38
      vertex 157.703 -7.51161 38
      vertex 158.149 -7.57784 38
    endloop
  endfacet
  facet normal 0 0 1
    outer loop
      vertex 155.682 -6.55585 38
      vertex 157.775 -4.00491 38
      vertex 157.681 -3.91924 38
    endloop
  endfacet
  facet normal 0 0 1
    outer loop
      vertex 155.347 -6.25269 38
      vertex 157.681 -3.91924 38
      vertex 157.595 -3.82471 38
    endloop
  endfacet
  facet normal 0 0 1
    outer loop
      vertex 155.044 -5.9182 38
      vertex 157.595 -3.82471 38
      vertex 157.519 -3.72224 38
    endloop
  endfacet
  facet normal 0 0 1
    outer loop
      vertex 154.775 -5.55562 38
      vertex 157.519 -3.72224 38
      vertex 157.454 -3.61281 38
    endloop
  endfacet
  facet normal 0 0 1
    outer loop
      vertex 154.543 -5.16841 38
      vertex 157.454 -3.61281 38
      vertex 157.399 -3.49749 38
    endloop
  endfacet
  facet normal 0 0 1
    outer loop
      vertex 154.35 -4.76033 38
      vertex 157.399 -3.49749 38
      vertex 157.356 -3.37737 38
    endloop
  endfacet
  facet normal 0 0 1
    outer loop
      vertex 154.198 -4.3353 38
      vertex 157.356 -3.37737 38
      vertex 157.325 -3.25362 38
    endloop
  endfacet
  facet normal 0 0 1
    outer loop
      vertex 154.088 -3.89742 38
      vertex 157.325 -3.25362 38
      vertex 157.306 -3.12742 38
    endloop
  endfacet
  facet normal 0 0 1
    outer loop
      vertex 158.223 -4.24402 38
      vertex 157.265 -7.40192 38
      vertex 157.703 -7.51161 38
    endloop
  endfacet
  facet normal 0 0 1
    outer loop
      vertex 154.022 -3.45087 38
      vertex 157.306 -3.12742 38
      vertex 157.3 -3 38
    endloop
  endfacet
  facet normal 0 0 1
    outer loop
      vertex 157.3 78.6 38
      vertex 155.6 75.6 38
      vertex 157.3 -3 38
    endloop
  endfacet
  facet normal 0 0 1
    outer loop
      vertex 157.519 79.3222 38
      vertex 154.775 81.1556 38
      vertex 157.454 79.2128 38
    endloop
  endfacet
  facet normal -0 0 1
    outer loop
      vertex 155.6 0 38
      vertex 157.3 -3 38
      vertex 155.6 75.6 38
    endloop
  endfacet
  facet normal -0 0 1
    outer loop
      vertex 154.543 80.7684 38
      vertex 157.454 79.2128 38
      vertex 154.775 81.1556 38
    endloop
  endfacet
  facet normal -0 0 1
    outer loop
      vertex 154.044 -2.39999 38
      vertex 157.3 -3 38
      vertex 155.6 0 38
    endloop
  endfacet
  facet normal 0 0 1
    outer loop
      vertex 157.454 79.2128 38
      vertex 154.543 80.7684 38
      vertex 157.399 79.0975 38
    endloop
  endfacet
  facet normal 0 0 1
    outer loop
      vertex 158.103 -4.20104 38
      vertex 156.84 -7.24983 38
      vertex 157.265 -7.40192 38
    endloop
  endfacet
  facet normal -0 0 1
    outer loop
      vertex 154.35 80.3603 38
      vertex 157.399 79.0975 38
      vertex 154.543 80.7684 38
    endloop
  endfacet
  facet normal 0 0 1
    outer loop
      vertex 157.987 -4.1465 38
      vertex 156.432 -7.05682 38
      vertex 156.84 -7.24983 38
    endloop
  endfacet
  facet normal 0 0 1
    outer loop
      vertex 157.878 -4.08091 38
      vertex 156.044 -6.82475 38
      vertex 156.432 -7.05682 38
    endloop
  endfacet
  facet normal 0 0 1
    outer loop
      vertex 157.399 79.0975 38
      vertex 154.35 80.3603 38
      vertex 157.356 78.9774 38
    endloop
  endfacet
  facet normal -0 0 1
    outer loop
      vertex 154.198 79.9353 38
      vertex 157.356 78.9774 38
      vertex 154.35 80.3603 38
    endloop
  endfacet
  facet normal 0 0 1
    outer loop
      vertex 157.356 78.9774 38
      vertex 154.198 79.9353 38
      vertex 157.325 78.8536 38
    endloop
  endfacet
  facet normal -0 0 1
    outer loop
      vertex 154.088 79.4974 38
      vertex 157.325 78.8536 38
      vertex 154.198 79.9353 38
    endloop
  endfacet
  facet normal 0 0 1
    outer loop
      vertex 157.325 78.8536 38
      vertex 154.088 79.4974 38
      vertex 157.306 78.7274 38
    endloop
  endfacet
  facet normal -0 0 1
    outer loop
      vertex 154.022 79.0509 38
      vertex 157.306 78.7274 38
      vertex 154.088 79.4974 38
    endloop
  endfacet
  facet normal 0 0 1
    outer loop
      vertex 157.306 78.7274 38
      vertex 154.022 79.0509 38
      vertex 157.3 78.6 38
    endloop
  endfacet
  facet normal 0 0 1
    outer loop
      vertex 154 78.6 38
      vertex 157.3 78.6 38
      vertex 154.022 79.0509 38
    endloop
  endfacet
  facet normal -0 0 1
    outer loop
      vertex 1.55573 78 38
      vertex 155.6 75.6 38
      vertex 154.044 78 38
    endloop
  endfacet
  facet normal 0 0 1
    outer loop
      vertex -1.70626 78.7274 38
      vertex 1.51161 79.4974 38
      vertex 1.40192 79.9353 38
    endloop
  endfacet
  facet normal 0 0 1
    outer loop
      vertex -1.70626 78.7274 38
      vertex 1.40192 79.9353 38
      vertex 1.24983 80.3603 38
    endloop
  endfacet
  facet normal 0 0 1
    outer loop
      vertex -1.70626 78.7274 38
      vertex 1.24983 80.3603 38
      vertex 1.05682 80.7684 38
    endloop
  endfacet
  facet normal 0 0 1
    outer loop
      vertex -1.70626 78.7274 38
      vertex 1.05682 80.7684 38
      vertex 0.824753 81.1556 38
    endloop
  endfacet
  facet normal 0 0 1
    outer loop
      vertex -1.70626 78.7274 38
      vertex 0.824753 81.1556 38
      vertex 0.555847 81.5182 38
    endloop
  endfacet
  facet normal 0 0 1
    outer loop
      vertex -1.70626 78.7274 38
      vertex 0.555847 81.5182 38
      vertex 0.252686 81.8527 38
    endloop
  endfacet
  facet normal 0 0 1
    outer loop
      vertex 1.55573 78 38
      vertex 0 75.6 38
      vertex 155.6 75.6 38
    endloop
  endfacet
  facet normal 0 0 1
    outer loop
      vertex 1.57784 79.0509 38
      vertex -1.70626 78.7274 38
      vertex -1.7 78.6 38
    endloop
  endfacet
  facet normal -0 0 1
    outer loop
      vertex -1.70626 78.4726 38
      vertex 1.57784 78.1491 38
      vertex -1.7 78.6 38
    endloop
  endfacet
  facet normal 0 0 1
    outer loop
      vertex -1.70626 78.7274 38
      vertex 0.252686 81.8527 38
      vertex -0.0817871 82.1558 38
    endloop
  endfacet
  facet normal 0 -0 1
    outer loop
      vertex 154.022 78.1491 38
      vertex 157.3 78.6 38
      vertex 154 78.6 38
    endloop
  endfacet
  facet normal 0 0 1
    outer loop
      vertex 157.3 78.6 38
      vertex 154.044 78 38
      vertex 155.6 75.6 38
    endloop
  endfacet
  facet normal 0 0 1
    outer loop
      vertex 157.3 78.6 38
      vertex 154.022 78.1491 38
      vertex 154.044 78 38
    endloop
  endfacet
  facet normal 0 0 1
    outer loop
      vertex 157.775 -4.00491 38
      vertex 155.682 -6.55585 38
      vertex 156.044 -6.82475 38
    endloop
  endfacet
  facet normal 0 0 1
    outer loop
      vertex 157.681 -3.91924 38
      vertex 155.347 -6.25269 38
      vertex 155.682 -6.55585 38
    endloop
  endfacet
  facet normal 0 0 1
    outer loop
      vertex 157.595 -3.82471 38
      vertex 155.044 -5.9182 38
      vertex 155.347 -6.25269 38
    endloop
  endfacet
  facet normal 0 0 1
    outer loop
      vertex 157.519 -3.72224 38
      vertex 154.775 -5.55562 38
      vertex 155.044 -5.9182 38
    endloop
  endfacet
  facet normal 0 0 1
    outer loop
      vertex 157.454 -3.61281 38
      vertex 154.543 -5.16841 38
      vertex 154.775 -5.55562 38
    endloop
  endfacet
  facet normal 0 0 1
    outer loop
      vertex 157.399 -3.49749 38
      vertex 154.35 -4.76033 38
      vertex 154.543 -5.16841 38
    endloop
  endfacet
  facet normal 0 0 1
    outer loop
      vertex 157.356 -3.37737 38
      vertex 154.198 -4.3353 38
      vertex 154.35 -4.76033 38
    endloop
  endfacet
  facet normal 0 0 1
    outer loop
      vertex 157.325 -3.25362 38
      vertex 154.088 -3.89742 38
      vertex 154.198 -4.3353 38
    endloop
  endfacet
  facet normal -0 0 1
    outer loop
      vertex 154.022 -2.54912 38
      vertex 157.3 -3 38
      vertex 154.044 -2.39999 38
    endloop
  endfacet
  facet normal 0 0 1
    outer loop
      vertex 155.6 0 38
      vertex 1.55573 -2.39999 38
      vertex 154.044 -2.39999 38
    endloop
  endfacet
  facet normal -0 0 1
    outer loop
      vertex -1.70626 -3.12742 38
      vertex 1.57784 -3.45087 38
      vertex -1.7 -3 38
    endloop
  endfacet
  facet normal -0 0 1
    outer loop
      vertex -1.72498 -3.25362 38
      vertex 1.51161 -3.89742 38
      vertex -1.70626 -3.12742 38
    endloop
  endfacet
  facet normal 0 0 1
    outer loop
      vertex 1.51161 -3.89742 38
      vertex -1.72498 -3.25362 38
      vertex 1.40192 -4.3353 38
    endloop
  endfacet
  facet normal 0 0 1
    outer loop
      vertex 1.40192 -4.3353 38
      vertex -1.75598 -3.37737 38
      vertex 1.24983 -4.76033 38
    endloop
  endfacet
  facet normal -0 0 1
    outer loop
      vertex -1.79896 -3.49749 38
      vertex 1.24983 -4.76033 38
      vertex -1.75598 -3.37737 38
    endloop
  endfacet
  facet normal -0 0 1
    outer loop
      vertex -1.8535 -3.61281 38
      vertex 1.05682 -5.16841 38
      vertex -1.79896 -3.49749 38
    endloop
  endfacet
  facet normal -0 0 1
    outer loop
      vertex 0 0 38
      vertex 1.55573 -2.39999 38
      vertex 155.6 0 38
    endloop
  endfacet
  facet normal 0 0 1
    outer loop
      vertex -1.79896 -2.50251 38
      vertex 1.55573 -2.39999 38
      vertex 0 0 38
    endloop
  endfacet
  facet normal 0 0 1
    outer loop
      vertex 1.57784 -3.45087 38
      vertex -1.70626 -3.12742 38
      vertex 1.51161 -3.89742 38
    endloop
  endfacet
  facet normal 0 0 1
    outer loop
      vertex 0 75.6 38
      vertex -2.39999 74.0443 38
      vertex 0 0 38
    endloop
  endfacet
  facet normal 0 0 1
    outer loop
      vertex -2.17529 79.6049 38
      vertex -0.0817871 82.1558 38
      vertex -0.444366 82.4248 38
    endloop
  endfacet
  facet normal -0 0 1
    outer loop
      vertex -2.39999 1.55573 38
      vertex 0 0 38
      vertex -2.39999 74.0443 38
    endloop
  endfacet
  facet normal 0 0 1
    outer loop
      vertex -2.27776 79.6809 38
      vertex -0.444366 82.4248 38
      vertex -0.831573 82.6568 38
    endloop
  endfacet
  facet normal 0 0 1
    outer loop
      vertex -2.50251 -1.79896 38
      vertex 0 0 38
      vertex -2.39999 1.55573 38
    endloop
  endfacet
  facet normal 0 0 1
    outer loop
      vertex -2.38718 79.7465 38
      vertex -0.831573 82.6568 38
      vertex -1.23965 82.8498 38
    endloop
  endfacet
  facet normal -0 0 1
    outer loop
      vertex -1.75598 78.2226 38
      vertex 1.55573 78 38
      vertex -1.72498 78.3464 38
    endloop
  endfacet
  facet normal 0 0 1
    outer loop
      vertex -2.50251 79.801 38
      vertex -1.23965 82.8498 38
      vertex -1.66469 83.0019 38
    endloop
  endfacet
  facet normal -0 0 1
    outer loop
      vertex -1.72498 78.3464 38
      vertex 1.55573 78 38
      vertex -1.70626 78.4726 38
    endloop
  endfacet
  facet normal -0 0 1
    outer loop
      vertex -1.79896 78.1025 38
      vertex 1.55573 78 38
      vertex -1.75598 78.2226 38
    endloop
  endfacet
  facet normal 0 0 1
    outer loop
      vertex 1.57784 78.1491 38
      vertex -1.70626 78.4726 38
      vertex 1.55573 78 38
    endloop
  endfacet
  facet normal 0 0 1
    outer loop
      vertex -0.0817871 82.1558 38
      vertex -1.72498 78.8536 38
      vertex -1.70626 78.7274 38
    endloop
  endfacet
  facet normal 0 0 1
    outer loop
      vertex -0.0817871 82.1558 38
      vertex -1.75598 78.9774 38
      vertex -1.72498 78.8536 38
    endloop
  endfacet
  facet normal 0 0 1
    outer loop
      vertex -0.0817871 82.1558 38
      vertex -1.79896 79.0975 38
      vertex -1.75598 78.9774 38
    endloop
  endfacet
  facet normal 0 0 1
    outer loop
      vertex -0.0817871 82.1558 38
      vertex -1.8535 79.2128 38
      vertex -1.79896 79.0975 38
    endloop
  endfacet
  facet normal 0 0 1
    outer loop
      vertex -0.0817871 82.1558 38
      vertex -1.91909 79.3222 38
      vertex -1.8535 79.2128 38
    endloop
  endfacet
  facet normal 0 0 1
    outer loop
      vertex -0.0817871 82.1558 38
      vertex -1.99509 79.4247 38
      vertex -1.91909 79.3222 38
    endloop
  endfacet
  facet normal 0 0 1
    outer loop
      vertex -0.0817871 82.1558 38
      vertex -2.08076 79.5192 38
      vertex -1.99509 79.4247 38
    endloop
  endfacet
  facet normal 0 0 1
    outer loop
      vertex -2.62263 79.844 38
      vertex -1.66469 83.0019 38
      vertex -2.10257 83.1116 38
    endloop
  endfacet
  facet normal 0 0 1
    outer loop
      vertex -0.0817871 82.1558 38
      vertex -2.17529 79.6049 38
      vertex -2.08076 79.5192 38
    endloop
  endfacet
  facet normal 0 0 1
    outer loop
      vertex -0.444366 82.4248 38
      vertex -2.27776 79.6809 38
      vertex -2.17529 79.6049 38
    endloop
  endfacet
  facet normal 0 0 1
    outer loop
      vertex -0.831573 82.6568 38
      vertex -2.38718 79.7465 38
      vertex -2.27776 79.6809 38
    endloop
  endfacet
  facet normal 0 0 1
    outer loop
      vertex -1.23965 82.8498 38
      vertex -2.50251 79.801 38
      vertex -2.38718 79.7465 38
    endloop
  endfacet
  facet normal 0 0 1
    outer loop
      vertex -2.74638 79.875 38
      vertex -2.10257 83.1116 38
      vertex -2.54912 83.1778 38
    endloop
  endfacet
  facet normal 0 0 1
    outer loop
      vertex -1.66469 83.0019 38
      vertex -2.62263 79.844 38
      vertex -2.50251 79.801 38
    endloop
  endfacet
  facet normal 0 0 1
    outer loop
      vertex -2.10257 83.1116 38
      vertex -2.74638 79.875 38
      vertex -2.62263 79.844 38
    endloop
  endfacet
  facet normal 0 0 1
    outer loop
      vertex -2.54912 83.1778 38
      vertex -2.87258 79.8937 38
      vertex -2.74638 79.875 38
    endloop
  endfacet
  facet normal 0 0 1
    outer loop
      vertex -3 83.2 38
      vertex -2.87258 79.8937 38
      vertex -2.54912 83.1778 38
    endloop
  endfacet
  facet normal 0 0 1
    outer loop
      vertex -3 83.2 38
      vertex -3 79.9 38
      vertex -2.87258 79.8937 38
    endloop
  endfacet
  facet normal 0 0 1
    outer loop
      vertex -3 83.2 38
      vertex -3.12742 79.8937 38
      vertex -3 79.9 38
    endloop
  endfacet
  facet normal -0 0 1
    outer loop
      vertex -3.45087 83.1778 38
      vertex -3.12742 79.8937 38
      vertex -3 83.2 38
    endloop
  endfacet
  facet normal 0 0 1
    outer loop
      vertex -3.12742 79.8937 38
      vertex -3.45087 83.1778 38
      vertex -3.25362 79.875 38
    endloop
  endfacet
  facet normal -0 0 1
    outer loop
      vertex -3.89742 83.1116 38
      vertex -3.25362 79.875 38
      vertex -3.45087 83.1778 38
    endloop
  endfacet
  facet normal 0 0 1
    outer loop
      vertex -3.25362 79.875 38
      vertex -3.89742 83.1116 38
      vertex -3.37737 79.844 38
    endloop
  endfacet
  facet normal -0 0 1
    outer loop
      vertex -4.3353 83.0019 38
      vertex -3.37737 79.844 38
      vertex -3.89742 83.1116 38
    endloop
  endfacet
  facet normal 0 0 1
    outer loop
      vertex -3.37737 79.844 38
      vertex -4.3353 83.0019 38
      vertex -3.49749 79.801 38
    endloop
  endfacet
  facet normal -0 0 1
    outer loop
      vertex -4.76033 82.8498 38
      vertex -3.49749 79.801 38
      vertex -4.3353 83.0019 38
    endloop
  endfacet
  facet normal 0 0 1
    outer loop
      vertex -3.49749 79.801 38
      vertex -4.76033 82.8498 38
      vertex -3.61281 79.7465 38
    endloop
  endfacet
  facet normal -0 0 1
    outer loop
      vertex -5.16841 82.6568 38
      vertex -3.61281 79.7465 38
      vertex -4.76033 82.8498 38
    endloop
  endfacet
  facet normal 0 0 1
    outer loop
      vertex -3.61281 79.7465 38
      vertex -5.16841 82.6568 38
      vertex -3.72224 79.6809 38
    endloop
  endfacet
  facet normal -0 0 1
    outer loop
      vertex -5.55562 82.4248 38
      vertex -3.72224 79.6809 38
      vertex -5.16841 82.6568 38
    endloop
  endfacet
  facet normal 0 0 1
    outer loop
      vertex -3.72224 79.6809 38
      vertex -5.55562 82.4248 38
      vertex -3.82471 79.6049 38
    endloop
  endfacet
  facet normal -0 0 1
    outer loop
      vertex -5.9182 82.1558 38
      vertex -3.82471 79.6049 38
      vertex -5.55562 82.4248 38
    endloop
  endfacet
  facet normal 0 0 1
    outer loop
      vertex -3.82471 79.6049 38
      vertex -5.9182 82.1558 38
      vertex -3.91924 79.5192 38
    endloop
  endfacet
  facet normal -0 0 1
    outer loop
      vertex -6.25269 81.8527 38
      vertex -3.91924 79.5192 38
      vertex -5.9182 82.1558 38
    endloop
  endfacet
  facet normal 0 0 1
    outer loop
      vertex -3.91924 79.5192 38
      vertex -6.25269 81.8527 38
      vertex -4.00491 79.4247 38
    endloop
  endfacet
  facet normal 0 0 1
    outer loop
      vertex -4.00491 79.4247 38
      vertex -6.55585 81.5182 38
      vertex -4.08091 79.3222 38
    endloop
  endfacet
  facet normal -0 0 1
    outer loop
      vertex -6.55585 81.5182 38
      vertex -4.00491 79.4247 38
      vertex -6.25269 81.8527 38
    endloop
  endfacet
  facet normal 0 0 1
    outer loop
      vertex 157.3 -3 38
      vertex 154.022 -2.54912 38
      vertex 154 -3 38
    endloop
  endfacet
  facet normal 0 0 1
    outer loop
      vertex 157.306 -3.12742 38
      vertex 154.022 -3.45087 38
      vertex 154.088 -3.89742 38
    endloop
  endfacet
  facet normal 0 0 1
    outer loop
      vertex 157.3 -3 38
      vertex 154 -3 38
      vertex 154.022 -3.45087 38
    endloop
  endfacet
  facet normal 0 0 1
    outer loop
      vertex 1.05682 -5.16841 38
      vertex -1.8535 -3.61281 38
      vertex 0.824753 -5.55562 38
    endloop
  endfacet
  facet normal -0 0 1
    outer loop
      vertex -1.91909 -3.72224 38
      vertex 0.824753 -5.55562 38
      vertex -1.8535 -3.61281 38
    endloop
  endfacet
  facet normal 0 0 1
    outer loop
      vertex 1.55573 -2.39999 38
      vertex -1.75598 -2.62263 38
      vertex -1.72498 -2.74638 38
    endloop
  endfacet
  facet normal 0 0 1
    outer loop
      vertex 1.24983 -4.76033 38
      vertex -1.79896 -3.49749 38
      vertex 1.05682 -5.16841 38
    endloop
  endfacet
  facet normal 0 0 1
    outer loop
      vertex 1.55573 78 38
      vertex -1.79896 78.1025 38
      vertex 0 75.6 38
    endloop
  endfacet
  facet normal 0 0 1
    outer loop
      vertex 1.55573 -2.39999 38
      vertex -1.70626 -2.87258 38
      vertex -1.7 -3 38
    endloop
  endfacet
  facet normal -0 0 1
    outer loop
      vertex -1.8535 77.9872 38
      vertex 0 75.6 38
      vertex -1.79896 78.1025 38
    endloop
  endfacet
  facet normal -0 0 1
    outer loop
      vertex -1.75598 -3.37737 38
      vertex 1.40192 -4.3353 38
      vertex -1.72498 -3.25362 38
    endloop
  endfacet
  facet normal -0 0 1
    outer loop
      vertex -1.91909 77.8778 38
      vertex 0 75.6 38
      vertex -1.8535 77.9872 38
    endloop
  endfacet
  facet normal 0 0 1
    outer loop
      vertex 1.55573 -2.39999 38
      vertex -1.72498 -2.74638 38
      vertex -1.70626 -2.87258 38
    endloop
  endfacet
  facet normal -0 0 1
    outer loop
      vertex -1.99509 77.7753 38
      vertex 0 75.6 38
      vertex -1.91909 77.8778 38
    endloop
  endfacet
  facet normal 0 0 1
    outer loop
      vertex 1.55573 -2.39999 38
      vertex -1.79896 -2.50251 38
      vertex -1.75598 -2.62263 38
    endloop
  endfacet
  facet normal -0 0 1
    outer loop
      vertex -2.08076 77.6808 38
      vertex 0 75.6 38
      vertex -1.99509 77.7753 38
    endloop
  endfacet
  facet normal 0 0 1
    outer loop
      vertex 0 0 38
      vertex -1.8535 -2.38718 38
      vertex -1.79896 -2.50251 38
    endloop
  endfacet
  facet normal -0 0 1
    outer loop
      vertex -2.17529 77.5951 38
      vertex 0 75.6 38
      vertex -2.08076 77.6808 38
    endloop
  endfacet
  facet normal 0 0 1
    outer loop
      vertex 0 0 38
      vertex -1.91909 -2.27776 38
      vertex -1.8535 -2.38718 38
    endloop
  endfacet
  facet normal -0 0 1
    outer loop
      vertex -2.27776 77.5191 38
      vertex 0 75.6 38
      vertex -2.17529 77.5951 38
    endloop
  endfacet
  facet normal 0 0 1
    outer loop
      vertex 0 0 38
      vertex -1.99509 -2.17529 38
      vertex -1.91909 -2.27776 38
    endloop
  endfacet
  facet normal -0 0 1
    outer loop
      vertex -2.38718 77.4535 38
      vertex 0 75.6 38
      vertex -2.27776 77.5191 38
    endloop
  endfacet
  facet normal 0 0 1
    outer loop
      vertex 0 0 38
      vertex -2.08076 -2.08076 38
      vertex -1.99509 -2.17529 38
    endloop
  endfacet
  facet normal -0 0 1
    outer loop
      vertex -2.50251 77.399 38
      vertex 0 75.6 38
      vertex -2.38718 77.4535 38
    endloop
  endfacet
  facet normal 0 0 1
    outer loop
      vertex 0 0 38
      vertex -2.17529 -1.99509 38
      vertex -2.08076 -2.08076 38
    endloop
  endfacet
  facet normal 0 0 1
    outer loop
      vertex 0 0 38
      vertex -2.27776 -1.91909 38
      vertex -2.17529 -1.99509 38
    endloop
  endfacet
  facet normal 0 0 1
    outer loop
      vertex 0 75.6 38
      vertex -2.50251 77.399 38
      vertex -2.39999 74.0443 38
    endloop
  endfacet
  facet normal -0 0 1
    outer loop
      vertex -2.62263 77.356 38
      vertex -2.39999 74.0443 38
      vertex -2.50251 77.399 38
    endloop
  endfacet
  facet normal -0 0 1
    outer loop
      vertex -2.74638 77.325 38
      vertex -2.39999 74.0443 38
      vertex -2.62263 77.356 38
    endloop
  endfacet
  facet normal -0 0 1
    outer loop
      vertex -2.87258 77.3063 38
      vertex -2.39999 74.0443 38
      vertex -2.74638 77.325 38
    endloop
  endfacet
  facet normal 0 0 1
    outer loop
      vertex -2.39999 74.0443 38
      vertex -2.87258 77.3063 38
      vertex -2.54912 74.0221 38
    endloop
  endfacet
  facet normal -0 0 1
    outer loop
      vertex -3 77.3 38
      vertex -2.54912 74.0221 38
      vertex -2.87258 77.3063 38
    endloop
  endfacet
  facet normal 0 0 1
    outer loop
      vertex -3 77.3 38
      vertex -3 74 38
      vertex -2.54912 74.0221 38
    endloop
  endfacet
  facet normal 0 0 1
    outer loop
      vertex -3.12742 77.3063 38
      vertex -3 74 38
      vertex -3 77.3 38
    endloop
  endfacet
  facet normal 0 0 1
    outer loop
      vertex -3.45087 74.0221 38
      vertex -3.12742 77.3063 38
      vertex -3.25362 77.325 38
    endloop
  endfacet
  facet normal 0 0 1
    outer loop
      vertex -3.89742 74.0884 38
      vertex -3.25362 77.325 38
      vertex -3.37737 77.356 38
    endloop
  endfacet
  facet normal 0 0 1
    outer loop
      vertex -3.12742 77.3063 38
      vertex -3.45087 74.0221 38
      vertex -3 74 38
    endloop
  endfacet
  facet normal 0 0 1
    outer loop
      vertex -4.3353 74.1981 38
      vertex -3.37737 77.356 38
      vertex -3.49749 77.399 38
    endloop
  endfacet
  facet normal 0 0 1
    outer loop
      vertex -4.76033 74.3501 38
      vertex -3.49749 77.399 38
      vertex -3.61281 77.4535 38
    endloop
  endfacet
  facet normal 0 0 1
    outer loop
      vertex -5.16841 74.5432 38
      vertex -3.61281 77.4535 38
      vertex -3.72224 77.5191 38
    endloop
  endfacet
  facet normal 0 0 1
    outer loop
      vertex -5.55562 74.7752 38
      vertex -3.72224 77.5191 38
      vertex -3.82471 77.5951 38
    endloop
  endfacet
  facet normal 0 0 1
    outer loop
      vertex -3.25362 77.325 38
      vertex -3.89742 74.0884 38
      vertex -3.45087 74.0221 38
    endloop
  endfacet
  facet normal 0 0 1
    outer loop
      vertex -5.9182 75.0441 38
      vertex -3.82471 77.5951 38
      vertex -3.91924 77.6808 38
    endloop
  endfacet
  facet normal 0 0 1
    outer loop
      vertex -6.25269 75.3473 38
      vertex -3.91924 77.6808 38
      vertex -4.00491 77.7753 38
    endloop
  endfacet
  facet normal 0 0 1
    outer loop
      vertex -6.55585 75.6818 38
      vertex -4.00491 77.7753 38
      vertex -4.08091 77.8778 38
    endloop
  endfacet
  facet normal 0 0 1
    outer loop
      vertex -6.82475 76.0444 38
      vertex -4.08091 77.8778 38
      vertex -4.1465 77.9872 38
    endloop
  endfacet
  facet normal 0 0 1
    outer loop
      vertex -7.05682 76.4316 38
      vertex -4.1465 77.9872 38
      vertex -4.20104 78.1025 38
    endloop
  endfacet
  facet normal 0 0 1
    outer loop
      vertex -7.24983 76.8396 38
      vertex -4.20104 78.1025 38
      vertex -4.24402 78.2226 38
    endloop
  endfacet
  facet normal 0 0 1
    outer loop
      vertex -7.40192 77.2647 38
      vertex -4.24402 78.2226 38
      vertex -4.27502 78.3464 38
    endloop
  endfacet
  facet normal 0 0 1
    outer loop
      vertex -7.51161 77.7026 38
      vertex -4.27502 78.3464 38
      vertex -4.29374 78.4726 38
    endloop
  endfacet
  facet normal 0 0 1
    outer loop
      vertex -3.37737 77.356 38
      vertex -4.3353 74.1981 38
      vertex -3.89742 74.0884 38
    endloop
  endfacet
  facet normal 0 0 1
    outer loop
      vertex -7.57784 78.1491 38
      vertex -4.29374 78.4726 38
      vertex -4.3 78.6 38
    endloop
  endfacet
  facet normal -0 0 1
    outer loop
      vertex -6.82475 81.1556 38
      vertex -4.08091 79.3222 38
      vertex -6.55585 81.5182 38
    endloop
  endfacet
  facet normal 0 0 1
    outer loop
      vertex -4.08091 79.3222 38
      vertex -6.82475 81.1556 38
      vertex -4.1465 79.2128 38
    endloop
  endfacet
  facet normal 0 0 1
    outer loop
      vertex -3.49749 77.399 38
      vertex -4.76033 74.3501 38
      vertex -4.3353 74.1981 38
    endloop
  endfacet
  facet normal -0 0 1
    outer loop
      vertex -7.05682 80.7684 38
      vertex -4.1465 79.2128 38
      vertex -6.82475 81.1556 38
    endloop
  endfacet
  facet normal 0 0 1
    outer loop
      vertex -3.61281 77.4535 38
      vertex -5.16841 74.5432 38
      vertex -4.76033 74.3501 38
    endloop
  endfacet
  facet normal 0 0 1
    outer loop
      vertex -4.1465 79.2128 38
      vertex -7.05682 80.7684 38
      vertex -4.20104 79.0975 38
    endloop
  endfacet
  facet normal 0 0 1
    outer loop
      vertex -3.72224 77.5191 38
      vertex -5.55562 74.7752 38
      vertex -5.16841 74.5432 38
    endloop
  endfacet
  facet normal -0 0 1
    outer loop
      vertex -7.24983 80.3603 38
      vertex -4.20104 79.0975 38
      vertex -7.05682 80.7684 38
    endloop
  endfacet
  facet normal 0 0 1
    outer loop
      vertex -3.82471 77.5951 38
      vertex -5.9182 75.0441 38
      vertex -5.55562 74.7752 38
    endloop
  endfacet
  facet normal 0 0 1
    outer loop
      vertex -4.20104 79.0975 38
      vertex -7.24983 80.3603 38
      vertex -4.24402 78.9774 38
    endloop
  endfacet
  facet normal 0 0 1
    outer loop
      vertex -3.91924 77.6808 38
      vertex -6.25269 75.3473 38
      vertex -5.9182 75.0441 38
    endloop
  endfacet
  facet normal -0 0 1
    outer loop
      vertex -7.40192 79.9353 38
      vertex -4.24402 78.9774 38
      vertex -7.24983 80.3603 38
    endloop
  endfacet
  facet normal 0 0 1
    outer loop
      vertex -4.00491 77.7753 38
      vertex -6.55585 75.6818 38
      vertex -6.25269 75.3473 38
    endloop
  endfacet
  facet normal 0 0 1
    outer loop
      vertex -4.24402 78.9774 38
      vertex -7.40192 79.9353 38
      vertex -4.27502 78.8536 38
    endloop
  endfacet
  facet normal 0 0 1
    outer loop
      vertex -4.08091 77.8778 38
      vertex -6.82475 76.0444 38
      vertex -6.55585 75.6818 38
    endloop
  endfacet
  facet normal -0 0 1
    outer loop
      vertex -7.51161 79.4974 38
      vertex -4.27502 78.8536 38
      vertex -7.40192 79.9353 38
    endloop
  endfacet
  facet normal 0 0 1
    outer loop
      vertex -4.1465 77.9872 38
      vertex -7.05682 76.4316 38
      vertex -6.82475 76.0444 38
    endloop
  endfacet
  facet normal 0 0 1
    outer loop
      vertex -4.27502 78.8536 38
      vertex -7.51161 79.4974 38
      vertex -4.29374 78.7274 38
    endloop
  endfacet
  facet normal 0 0 1
    outer loop
      vertex -4.20104 78.1025 38
      vertex -7.24983 76.8396 38
      vertex -7.05682 76.4316 38
    endloop
  endfacet
  facet normal -0 0 1
    outer loop
      vertex -7.57784 79.0509 38
      vertex -4.29374 78.7274 38
      vertex -7.51161 79.4974 38
    endloop
  endfacet
  facet normal 0 0 1
    outer loop
      vertex -4.24402 78.2226 38
      vertex -7.40192 77.2647 38
      vertex -7.24983 76.8396 38
    endloop
  endfacet
  facet normal 0 0 1
    outer loop
      vertex -4.29374 78.7274 38
      vertex -7.57784 79.0509 38
      vertex -4.3 78.6 38
    endloop
  endfacet
  facet normal 0 0 1
    outer loop
      vertex -4.27502 78.3464 38
      vertex -7.51161 77.7026 38
      vertex -7.40192 77.2647 38
    endloop
  endfacet
  facet normal 0 0 1
    outer loop
      vertex -7.59999 78.6 38
      vertex -4.3 78.6 38
      vertex -7.57784 79.0509 38
    endloop
  endfacet
  facet normal 0 0 1
    outer loop
      vertex -4.29374 78.4726 38
      vertex -7.57784 78.1491 38
      vertex -7.51161 77.7026 38
    endloop
  endfacet
  facet normal 0 0 1
    outer loop
      vertex -4.3 78.6 38
      vertex -7.59999 78.6 38
      vertex -7.57784 78.1491 38
    endloop
  endfacet
  facet normal 0 0 1
    outer loop
      vertex 0.824753 -5.55562 38
      vertex -1.91909 -3.72224 38
      vertex 0.555847 -5.9182 38
    endloop
  endfacet
  facet normal -0 0 1
    outer loop
      vertex -1.99509 -3.82471 38
      vertex 0.555847 -5.9182 38
      vertex -1.91909 -3.72224 38
    endloop
  endfacet
  facet normal 0 0 1
    outer loop
      vertex 0.555847 -5.9182 38
      vertex -1.99509 -3.82471 38
      vertex 0.252686 -6.25269 38
    endloop
  endfacet
  facet normal -0 0 1
    outer loop
      vertex -2.08076 -3.91924 38
      vertex 0.252686 -6.25269 38
      vertex -1.99509 -3.82471 38
    endloop
  endfacet
  facet normal 0 0 1
    outer loop
      vertex 0.252686 -6.25269 38
      vertex -2.08076 -3.91924 38
      vertex -0.0817871 -6.55585 38
    endloop
  endfacet
  facet normal -0 0 1
    outer loop
      vertex -2.17529 -4.00491 38
      vertex -0.0817871 -6.55585 38
      vertex -2.08076 -3.91924 38
    endloop
  endfacet
  facet normal 0 0 1
    outer loop
      vertex -0.0817871 -6.55585 38
      vertex -2.17529 -4.00491 38
      vertex -0.444366 -6.82475 38
    endloop
  endfacet
  facet normal -0 0 1
    outer loop
      vertex -2.27776 -4.08091 38
      vertex -0.444366 -6.82475 38
      vertex -2.17529 -4.00491 38
    endloop
  endfacet
  facet normal 0 0 1
    outer loop
      vertex -0.444366 -6.82475 38
      vertex -2.27776 -4.08091 38
      vertex -0.831573 -7.05682 38
    endloop
  endfacet
  facet normal -0 0 1
    outer loop
      vertex -2.38718 -4.1465 38
      vertex -0.831573 -7.05682 38
      vertex -2.27776 -4.08091 38
    endloop
  endfacet
  facet normal 0 0 1
    outer loop
      vertex -0.831573 -7.05682 38
      vertex -2.38718 -4.1465 38
      vertex -1.23965 -7.24983 38
    endloop
  endfacet
  facet normal -0 0 1
    outer loop
      vertex -2.50251 -4.20104 38
      vertex -1.23965 -7.24983 38
      vertex -2.38718 -4.1465 38
    endloop
  endfacet
  facet normal 0 0 1
    outer loop
      vertex -1.23965 -7.24983 38
      vertex -2.50251 -4.20104 38
      vertex -1.66469 -7.40192 38
    endloop
  endfacet
  facet normal -0 0 1
    outer loop
      vertex -2.62263 -4.24402 38
      vertex -1.66469 -7.40192 38
      vertex -2.50251 -4.20104 38
    endloop
  endfacet
  facet normal 0 0 1
    outer loop
      vertex -1.66469 -7.40192 38
      vertex -2.62263 -4.24402 38
      vertex -2.10257 -7.51161 38
    endloop
  endfacet
  facet normal -0 0 1
    outer loop
      vertex -2.74638 -4.27502 38
      vertex -2.10257 -7.51161 38
      vertex -2.62263 -4.24402 38
    endloop
  endfacet
  facet normal 0 0 1
    outer loop
      vertex -2.10257 -7.51161 38
      vertex -2.74638 -4.27502 38
      vertex -2.54912 -7.57784 38
    endloop
  endfacet
  facet normal -0 0 1
    outer loop
      vertex -2.87258 -4.29374 38
      vertex -2.54912 -7.57784 38
      vertex -2.74638 -4.27502 38
    endloop
  endfacet
  facet normal -0 0 1
    outer loop
      vertex -3 -4.3 38
      vertex -2.54912 -7.57784 38
      vertex -2.87258 -4.29374 38
    endloop
  endfacet
  facet normal 0 0 1
    outer loop
      vertex -3 -4.3 38
      vertex -3 -7.59999 38
      vertex -2.54912 -7.57784 38
    endloop
  endfacet
  facet normal 0 0 1
    outer loop
      vertex -3.12742 -4.29374 38
      vertex -3 -7.59999 38
      vertex -3 -4.3 38
    endloop
  endfacet
  facet normal 0 0 1
    outer loop
      vertex -3.45087 -7.57784 38
      vertex -3.12742 -4.29374 38
      vertex -3.25362 -4.27502 38
    endloop
  endfacet
  facet normal 0 0 1
    outer loop
      vertex -3.89742 -7.51161 38
      vertex -3.25362 -4.27502 38
      vertex -3.37737 -4.24402 38
    endloop
  endfacet
  facet normal 0 0 1
    outer loop
      vertex -3.12742 -4.29374 38
      vertex -3.45087 -7.57784 38
      vertex -3 -7.59999 38
    endloop
  endfacet
  facet normal 0 0 1
    outer loop
      vertex -4.3353 -7.40192 38
      vertex -3.37737 -4.24402 38
      vertex -3.49749 -4.20104 38
    endloop
  endfacet
  facet normal 0 0 1
    outer loop
      vertex -4.76033 -7.24983 38
      vertex -3.49749 -4.20104 38
      vertex -3.61281 -4.1465 38
    endloop
  endfacet
  facet normal 0 0 1
    outer loop
      vertex -5.16841 -7.05682 38
      vertex -3.61281 -4.1465 38
      vertex -3.72224 -4.08091 38
    endloop
  endfacet
  facet normal 0 0 1
    outer loop
      vertex -5.55562 -6.82475 38
      vertex -3.72224 -4.08091 38
      vertex -3.82471 -4.00491 38
    endloop
  endfacet
  facet normal 0 0 1
    outer loop
      vertex -3.25362 -4.27502 38
      vertex -3.89742 -7.51161 38
      vertex -3.45087 -7.57784 38
    endloop
  endfacet
  facet normal 0 0 1
    outer loop
      vertex -5.9182 -6.55585 38
      vertex -3.82471 -4.00491 38
      vertex -3.91924 -3.91924 38
    endloop
  endfacet
  facet normal 0 0 1
    outer loop
      vertex -6.25269 -6.25269 38
      vertex -3.91924 -3.91924 38
      vertex -4.00491 -3.82471 38
    endloop
  endfacet
  facet normal 0 0 1
    outer loop
      vertex -6.55585 -5.9182 38
      vertex -4.00491 -3.82471 38
      vertex -4.08091 -3.72224 38
    endloop
  endfacet
  facet normal 0 0 1
    outer loop
      vertex -6.82475 -5.55562 38
      vertex -4.08091 -3.72224 38
      vertex -4.1465 -3.61281 38
    endloop
  endfacet
  facet normal 0 0 1
    outer loop
      vertex -7.05682 -5.16841 38
      vertex -4.1465 -3.61281 38
      vertex -4.20104 -3.49749 38
    endloop
  endfacet
  facet normal 0 0 1
    outer loop
      vertex -7.24983 -4.76033 38
      vertex -4.20104 -3.49749 38
      vertex -4.24402 -3.37737 38
    endloop
  endfacet
  facet normal 0 0 1
    outer loop
      vertex -7.40192 -4.3353 38
      vertex -4.24402 -3.37737 38
      vertex -4.27502 -3.25362 38
    endloop
  endfacet
  facet normal 0 0 1
    outer loop
      vertex -7.51161 -3.89742 38
      vertex -4.27502 -3.25362 38
      vertex -4.29374 -3.12742 38
    endloop
  endfacet
  facet normal 0 0 1
    outer loop
      vertex -3.37737 -4.24402 38
      vertex -4.3353 -7.40192 38
      vertex -3.89742 -7.51161 38
    endloop
  endfacet
  facet normal 0 0 1
    outer loop
      vertex -7.57784 -3.45087 38
      vertex -4.29374 -3.12742 38
      vertex -4.3 -3 38
    endloop
  endfacet
  facet normal -0 0 1
    outer loop
      vertex -6.82475 -0.444366 38
      vertex -4.08091 -2.27776 38
      vertex -6.55585 -0.0817871 38
    endloop
  endfacet
  facet normal 0 0 1
    outer loop
      vertex -4.08091 -2.27776 38
      vertex -6.82475 -0.444366 38
      vertex -4.1465 -2.38718 38
    endloop
  endfacet
  facet normal 0 0 1
    outer loop
      vertex -3.49749 -4.20104 38
      vertex -4.76033 -7.24983 38
      vertex -4.3353 -7.40192 38
    endloop
  endfacet
  facet normal -0 0 1
    outer loop
      vertex -7.05682 -0.831573 38
      vertex -4.1465 -2.38718 38
      vertex -6.82475 -0.444366 38
    endloop
  endfacet
  facet normal 0 0 1
    outer loop
      vertex -3.61281 -4.1465 38
      vertex -5.16841 -7.05682 38
      vertex -4.76033 -7.24983 38
    endloop
  endfacet
  facet normal 0 0 1
    outer loop
      vertex -4.1465 -2.38718 38
      vertex -7.05682 -0.831573 38
      vertex -4.20104 -2.50251 38
    endloop
  endfacet
  facet normal 0 0 1
    outer loop
      vertex -3.72224 -4.08091 38
      vertex -5.55562 -6.82475 38
      vertex -5.16841 -7.05682 38
    endloop
  endfacet
  facet normal -0 0 1
    outer loop
      vertex -7.24983 -1.23965 38
      vertex -4.20104 -2.50251 38
      vertex -7.05682 -0.831573 38
    endloop
  endfacet
  facet normal 0 0 1
    outer loop
      vertex -3.82471 -4.00491 38
      vertex -5.9182 -6.55585 38
      vertex -5.55562 -6.82475 38
    endloop
  endfacet
  facet normal 0 0 1
    outer loop
      vertex -4.20104 -2.50251 38
      vertex -7.24983 -1.23965 38
      vertex -4.24402 -2.62263 38
    endloop
  endfacet
  facet normal 0 0 1
    outer loop
      vertex -3.91924 -3.91924 38
      vertex -6.25269 -6.25269 38
      vertex -5.9182 -6.55585 38
    endloop
  endfacet
  facet normal -0 0 1
    outer loop
      vertex -7.40192 -1.66469 38
      vertex -4.24402 -2.62263 38
      vertex -7.24983 -1.23965 38
    endloop
  endfacet
  facet normal 0 0 1
    outer loop
      vertex -4.00491 -3.82471 38
      vertex -6.55585 -5.9182 38
      vertex -6.25269 -6.25269 38
    endloop
  endfacet
  facet normal 0 0 1
    outer loop
      vertex -4.24402 -2.62263 38
      vertex -7.40192 -1.66469 38
      vertex -4.27502 -2.74638 38
    endloop
  endfacet
  facet normal 0 0 1
    outer loop
      vertex -4.08091 -3.72224 38
      vertex -6.82475 -5.55562 38
      vertex -6.55585 -5.9182 38
    endloop
  endfacet
  facet normal -0 0 1
    outer loop
      vertex -7.51161 -2.10257 38
      vertex -4.27502 -2.74638 38
      vertex -7.40192 -1.66469 38
    endloop
  endfacet
  facet normal 0 0 1
    outer loop
      vertex -4.1465 -3.61281 38
      vertex -7.05682 -5.16841 38
      vertex -6.82475 -5.55562 38
    endloop
  endfacet
  facet normal 0 0 1
    outer loop
      vertex -4.27502 -2.74638 38
      vertex -7.51161 -2.10257 38
      vertex -4.29374 -2.87258 38
    endloop
  endfacet
  facet normal 0 0 1
    outer loop
      vertex -4.20104 -3.49749 38
      vertex -7.24983 -4.76033 38
      vertex -7.05682 -5.16841 38
    endloop
  endfacet
  facet normal -0 0 1
    outer loop
      vertex -7.57784 -2.54912 38
      vertex -4.29374 -2.87258 38
      vertex -7.51161 -2.10257 38
    endloop
  endfacet
  facet normal 0 0 1
    outer loop
      vertex -4.24402 -3.37737 38
      vertex -7.40192 -4.3353 38
      vertex -7.24983 -4.76033 38
    endloop
  endfacet
  facet normal 0 0 1
    outer loop
      vertex -4.29374 -2.87258 38
      vertex -7.57784 -2.54912 38
      vertex -4.3 -3 38
    endloop
  endfacet
  facet normal 0 0 1
    outer loop
      vertex -4.27502 -3.25362 38
      vertex -7.51161 -3.89742 38
      vertex -7.40192 -4.3353 38
    endloop
  endfacet
  facet normal 0 0 1
    outer loop
      vertex -7.59999 -3 38
      vertex -4.3 -3 38
      vertex -7.57784 -2.54912 38
    endloop
  endfacet
  facet normal 0 0 1
    outer loop
      vertex -4.29374 -3.12742 38
      vertex -7.57784 -3.45087 38
      vertex -7.51161 -3.89742 38
    endloop
  endfacet
  facet normal 0 0 1
    outer loop
      vertex -4.3 -3 38
      vertex -7.59999 -3 38
      vertex -7.57784 -3.45087 38
    endloop
  endfacet
  facet normal 0 0 1
    outer loop
      vertex 0 0 38
      vertex -2.38718 -1.8535 38
      vertex -2.27776 -1.91909 38
    endloop
  endfacet
  facet normal 0 0 1
    outer loop
      vertex 0 0 38
      vertex -2.50251 -1.79896 38
      vertex -2.38718 -1.8535 38
    endloop
  endfacet
  facet normal 0 0 1
    outer loop
      vertex -2.87258 -1.70626 38
      vertex -2.39999 1.55573 38
      vertex -2.54912 1.57784 38
    endloop
  endfacet
  facet normal 0 0 1
    outer loop
      vertex -2.39999 1.55573 38
      vertex -2.62263 -1.75598 38
      vertex -2.50251 -1.79896 38
    endloop
  endfacet
  facet normal 0 0 1
    outer loop
      vertex -2.39999 1.55573 38
      vertex -2.74638 -1.72498 38
      vertex -2.62263 -1.75598 38
    endloop
  endfacet
  facet normal 0 0 1
    outer loop
      vertex -2.39999 1.55573 38
      vertex -2.87258 -1.70626 38
      vertex -2.74638 -1.72498 38
    endloop
  endfacet
  facet normal 0 0 1
    outer loop
      vertex -3 1.59999 38
      vertex -2.87258 -1.70626 38
      vertex -2.54912 1.57784 38
    endloop
  endfacet
  facet normal 0 0 1
    outer loop
      vertex -3 1.59999 38
      vertex -3 -1.7 38
      vertex -2.87258 -1.70626 38
    endloop
  endfacet
  facet normal 0 0 1
    outer loop
      vertex -3 1.59999 38
      vertex -3.12742 -1.70626 38
      vertex -3 -1.7 38
    endloop
  endfacet
  facet normal -0 0 1
    outer loop
      vertex -3.45087 1.57784 38
      vertex -3.12742 -1.70626 38
      vertex -3 1.59999 38
    endloop
  endfacet
  facet normal 0 0 1
    outer loop
      vertex -3.12742 -1.70626 38
      vertex -3.45087 1.57784 38
      vertex -3.25362 -1.72498 38
    endloop
  endfacet
  facet normal -0 0 1
    outer loop
      vertex -3.89742 1.51161 38
      vertex -3.25362 -1.72498 38
      vertex -3.45087 1.57784 38
    endloop
  endfacet
  facet normal 0 0 1
    outer loop
      vertex -3.25362 -1.72498 38
      vertex -3.89742 1.51161 38
      vertex -3.37737 -1.75598 38
    endloop
  endfacet
  facet normal -0 0 1
    outer loop
      vertex -4.3353 1.40192 38
      vertex -3.37737 -1.75598 38
      vertex -3.89742 1.51161 38
    endloop
  endfacet
  facet normal 0 0 1
    outer loop
      vertex -3.37737 -1.75598 38
      vertex -4.3353 1.40192 38
      vertex -3.49749 -1.79896 38
    endloop
  endfacet
  facet normal -0 0 1
    outer loop
      vertex -4.76033 1.24983 38
      vertex -3.49749 -1.79896 38
      vertex -4.3353 1.40192 38
    endloop
  endfacet
  facet normal 0 0 1
    outer loop
      vertex -3.49749 -1.79896 38
      vertex -4.76033 1.24983 38
      vertex -3.61281 -1.8535 38
    endloop
  endfacet
  facet normal -0 0 1
    outer loop
      vertex -5.16841 1.05682 38
      vertex -3.61281 -1.8535 38
      vertex -4.76033 1.24983 38
    endloop
  endfacet
  facet normal 0 0 1
    outer loop
      vertex -3.61281 -1.8535 38
      vertex -5.16841 1.05682 38
      vertex -3.72224 -1.91909 38
    endloop
  endfacet
  facet normal -0 0 1
    outer loop
      vertex -5.55562 0.824753 38
      vertex -3.72224 -1.91909 38
      vertex -5.16841 1.05682 38
    endloop
  endfacet
  facet normal 0 0 1
    outer loop
      vertex -3.72224 -1.91909 38
      vertex -5.55562 0.824753 38
      vertex -3.82471 -1.99509 38
    endloop
  endfacet
  facet normal -0 0 1
    outer loop
      vertex -5.9182 0.555847 38
      vertex -3.82471 -1.99509 38
      vertex -5.55562 0.824753 38
    endloop
  endfacet
  facet normal 0 0 1
    outer loop
      vertex -3.82471 -1.99509 38
      vertex -5.9182 0.555847 38
      vertex -3.91924 -2.08076 38
    endloop
  endfacet
  facet normal -0 0 1
    outer loop
      vertex -6.25269 0.252686 38
      vertex -3.91924 -2.08076 38
      vertex -5.9182 0.555847 38
    endloop
  endfacet
  facet normal 0 0 1
    outer loop
      vertex -3.91924 -2.08076 38
      vertex -6.25269 0.252686 38
      vertex -4.00491 -2.17529 38
    endloop
  endfacet
  facet normal 0 0 1
    outer loop
      vertex -4.00491 -2.17529 38
      vertex -6.55585 -0.0817871 38
      vertex -4.08091 -2.27776 38
    endloop
  endfacet
  facet normal -0 0 1
    outer loop
      vertex -6.55585 -0.0817871 38
      vertex -4.00491 -2.17529 38
      vertex -6.25269 0.252686 38
    endloop
  endfacet
  facet normal 0 0 1
    outer loop
      vertex -1.7 -3 38
      vertex 1.57784 -2.54912 38
      vertex 1.55573 -2.39999 38
    endloop
  endfacet
  facet normal 0 0 1
    outer loop
      vertex 1.57784 -2.54912 38
      vertex -1.7 -3 38
      vertex 1.59999 -3 38
    endloop
  endfacet
  facet normal 0 0 1
    outer loop
      vertex 1.59999 -3 38
      vertex -1.7 -3 38
      vertex 1.57784 -3.45087 38
    endloop
  endfacet
  facet normal 0.146887 -0.989153 0
    outer loop
      vertex 159.051 -7.57784 0
      vertex 159.497 -7.51161 38
      vertex 159.051 -7.57784 38
    endloop
  endfacet
  facet normal 0.146887 -0.989153 0
    outer loop
      vertex 159.497 -7.51161 38
      vertex 159.051 -7.57784 0
      vertex 159.497 -7.51161 0
    endloop
  endfacet
  facet normal 0.242932 -0.970043 0
    outer loop
      vertex 159.497 -7.51161 0
      vertex 159.935 -7.40192 38
      vertex 159.497 -7.51161 38
    endloop
  endfacet
  facet normal 0.242932 -0.970043 0
    outer loop
      vertex 159.935 -7.40192 38
      vertex 159.497 -7.51161 0
      vertex 159.935 -7.40192 0
    endloop
  endfacet
  facet normal 0.336934 -0.941528 0
    outer loop
      vertex 159.935 -7.40192 0
      vertex 160.36 -7.24983 38
      vertex 159.935 -7.40192 38
    endloop
  endfacet
  facet normal 0.336934 -0.941528 0
    outer loop
      vertex 160.36 -7.24983 38
      vertex 159.935 -7.40192 0
      vertex 160.36 -7.24983 0
    endloop
  endfacet
  facet normal 0.427628 -0.903955 0
    outer loop
      vertex 160.36 -7.24983 0
      vertex 160.768 -7.05682 38
      vertex 160.36 -7.24983 38
    endloop
  endfacet
  facet normal 0.427628 -0.903955 0
    outer loop
      vertex 160.768 -7.05682 38
      vertex 160.36 -7.24983 0
      vertex 160.768 -7.05682 0
    endloop
  endfacet
  facet normal 0.513308 -0.858204 0
    outer loop
      vertex 160.768 -7.05682 0
      vertex 161.156 -6.82475 38
      vertex 160.768 -7.05682 38
    endloop
  endfacet
  facet normal 0.513308 -0.858204 0
    outer loop
      vertex 161.156 -6.82475 38
      vertex 160.768 -7.05682 0
      vertex 161.156 -6.82475 0
    endloop
  endfacet
  facet normal 0.596304 -0.802759 0
    outer loop
      vertex 161.156 -6.82475 0
      vertex 161.518 -6.55585 38
      vertex 161.156 -6.82475 38
    endloop
  endfacet
  facet normal 0.596304 -0.802759 0
    outer loop
      vertex 161.518 -6.55585 38
      vertex 161.156 -6.82475 0
      vertex 161.518 -6.55585 0
    endloop
  endfacet
  facet normal 0.670992 -0.741464 0
    outer loop
      vertex 161.518 -6.55585 0
      vertex 161.853 -6.25269 38
      vertex 161.518 -6.55585 38
    endloop
  endfacet
  facet normal 0.670992 -0.741464 0
    outer loop
      vertex 161.853 -6.25269 38
      vertex 161.518 -6.55585 0
      vertex 161.853 -6.25269 0
    endloop
  endfacet
  facet normal 0.741132 -0.671359 0
    outer loop
      vertex 161.853 -6.25269 38
      vertex 162.156 -5.9182 0
      vertex 162.156 -5.9182 38
    endloop
  endfacet
  facet normal 0.741132 -0.671359 0
    outer loop
      vertex 162.156 -5.9182 0
      vertex 161.853 -6.25269 38
      vertex 161.853 -6.25269 0
    endloop
  endfacet
  facet normal 0.80311 -0.595831 0
    outer loop
      vertex 162.156 -5.9182 38
      vertex 162.425 -5.55562 0
      vertex 162.425 -5.55562 38
    endloop
  endfacet
  facet normal 0.80311 -0.595831 0
    outer loop
      vertex 162.425 -5.55562 0
      vertex 162.156 -5.9182 38
      vertex 162.156 -5.9182 0
    endloop
  endfacet
  facet normal 0.857811 -0.513965 0
    outer loop
      vertex 162.425 -5.55562 38
      vertex 162.657 -5.16841 0
      vertex 162.657 -5.16841 38
    endloop
  endfacet
  facet normal 0.857811 -0.513965 0
    outer loop
      vertex 162.657 -5.16841 0
      vertex 162.425 -5.55562 38
      vertex 162.425 -5.55562 0
    endloop
  endfacet
  facet normal 0.903996 -0.427542 0
    outer loop
      vertex 162.657 -5.16841 38
      vertex 162.85 -4.76033 0
      vertex 162.85 -4.76033 38
    endloop
  endfacet
  facet normal 0.903996 -0.427542 0
    outer loop
      vertex 162.85 -4.76033 0
      vertex 162.657 -5.16841 38
      vertex 162.657 -5.16841 0
    endloop
  endfacet
  facet normal 0.941599 -0.336736 0
    outer loop
      vertex 162.85 -4.76033 38
      vertex 163.002 -4.3353 0
      vertex 163.002 -4.3353 38
    endloop
  endfacet
  facet normal 0.941599 -0.336736 0
    outer loop
      vertex 163.002 -4.3353 0
      vertex 162.85 -4.76033 38
      vertex 162.85 -4.76033 0
    endloop
  endfacet
  facet normal 0.969866 -0.24364 0
    outer loop
      vertex 163.002 -4.3353 38
      vertex 163.112 -3.89742 0
      vertex 163.112 -3.89742 38
    endloop
  endfacet
  facet normal 0.969866 -0.24364 0
    outer loop
      vertex 163.112 -3.89742 0
      vertex 163.002 -4.3353 38
      vertex 163.002 -4.3353 0
    endloop
  endfacet
  facet normal 0.989253 -0.146211 0
    outer loop
      vertex 163.112 -3.89742 38
      vertex 163.178 -3.45087 0
      vertex 163.178 -3.45087 38
    endloop
  endfacet
  facet normal 0.989253 -0.146211 0
    outer loop
      vertex 163.178 -3.45087 0
      vertex 163.112 -3.89742 38
      vertex 163.112 -3.89742 0
    endloop
  endfacet
  facet normal 0.998812 -0.0487366 0
    outer loop
      vertex 163.178 -3.45087 38
      vertex 163.2 -3 0
      vertex 163.2 -3 38
    endloop
  endfacet
  facet normal 0.998812 -0.0487366 0
    outer loop
      vertex 163.2 -3 0
      vertex 163.178 -3.45087 38
      vertex 163.178 -3.45087 0
    endloop
  endfacet
  facet normal 0.998812 0.0487355 0
    outer loop
      vertex 163.2 -3 38
      vertex 163.178 -2.54912 0
      vertex 163.178 -2.54912 38
    endloop
  endfacet
  facet normal 0.998812 0.0487355 0
    outer loop
      vertex 163.178 -2.54912 0
      vertex 163.2 -3 38
      vertex 163.2 -3 0
    endloop
  endfacet
  facet normal 0.989253 0.146211 0
    outer loop
      vertex 163.178 -2.54912 38
      vertex 163.112 -2.10257 0
      vertex 163.112 -2.10257 38
    endloop
  endfacet
  facet normal 0.989253 0.146211 0
    outer loop
      vertex 163.112 -2.10257 0
      vertex 163.178 -2.54912 38
      vertex 163.178 -2.54912 0
    endloop
  endfacet
  facet normal 0.969866 0.24364 0
    outer loop
      vertex 163.112 -2.10257 38
      vertex 163.002 -1.66469 0
      vertex 163.002 -1.66469 38
    endloop
  endfacet
  facet normal 0.969866 0.24364 0
    outer loop
      vertex 163.002 -1.66469 0
      vertex 163.112 -2.10257 38
      vertex 163.112 -2.10257 0
    endloop
  endfacet
  facet normal 0.941601 0.336729 0
    outer loop
      vertex 163.002 -1.66469 38
      vertex 162.85 -1.23965 0
      vertex 162.85 -1.23965 38
    endloop
  endfacet
  facet normal 0.941601 0.336729 0
    outer loop
      vertex 162.85 -1.23965 0
      vertex 163.002 -1.66469 38
      vertex 163.002 -1.66469 0
    endloop
  endfacet
  facet normal 0.903994 0.427544 0
    outer loop
      vertex 162.85 -1.23965 38
      vertex 162.657 -0.831573 0
      vertex 162.657 -0.831573 38
    endloop
  endfacet
  facet normal 0.903994 0.427544 0
    outer loop
      vertex 162.657 -0.831573 0
      vertex 162.85 -1.23965 38
      vertex 162.85 -1.23965 0
    endloop
  endfacet
  facet normal 0.85781 0.513968 0
    outer loop
      vertex 162.657 -0.831573 38
      vertex 162.425 -0.444366 0
      vertex 162.425 -0.444366 38
    endloop
  endfacet
  facet normal 0.85781 0.513968 0
    outer loop
      vertex 162.425 -0.444366 0
      vertex 162.657 -0.831573 38
      vertex 162.657 -0.831573 0
    endloop
  endfacet
  facet normal 0.803109 0.595832 0
    outer loop
      vertex 162.425 -0.444366 38
      vertex 162.156 -0.0817871 0
      vertex 162.156 -0.0817871 38
    endloop
  endfacet
  facet normal 0.803109 0.595832 0
    outer loop
      vertex 162.156 -0.0817871 0
      vertex 162.425 -0.444366 38
      vertex 162.425 -0.444366 0
    endloop
  endfacet
  facet normal 0.741115 0.671378 0
    outer loop
      vertex 162.156 -0.0817871 38
      vertex 161.853 0.252686 0
      vertex 161.853 0.252686 38
    endloop
  endfacet
  facet normal 0.741115 0.671378 0
    outer loop
      vertex 161.853 0.252686 0
      vertex 162.156 -0.0817871 38
      vertex 162.156 -0.0817871 0
    endloop
  endfacet
  facet normal 0.670993 0.741463 -0
    outer loop
      vertex 161.853 0.252686 0
      vertex 161.518 0.555847 38
      vertex 161.853 0.252686 38
    endloop
  endfacet
  facet normal 0.670993 0.741463 0
    outer loop
      vertex 161.518 0.555847 38
      vertex 161.853 0.252686 0
      vertex 161.518 0.555847 0
    endloop
  endfacet
  facet normal 0.596312 0.802753 -0
    outer loop
      vertex 161.518 0.555847 0
      vertex 161.156 0.824753 38
      vertex 161.518 0.555847 38
    endloop
  endfacet
  facet normal 0.596312 0.802753 0
    outer loop
      vertex 161.156 0.824753 38
      vertex 161.518 0.555847 0
      vertex 161.156 0.824753 0
    endloop
  endfacet
  facet normal 0.513303 0.858207 -0
    outer loop
      vertex 161.156 0.824753 0
      vertex 160.768 1.05682 38
      vertex 161.156 0.824753 38
    endloop
  endfacet
  facet normal 0.513303 0.858207 0
    outer loop
      vertex 160.768 1.05682 38
      vertex 161.156 0.824753 0
      vertex 160.768 1.05682 0
    endloop
  endfacet
  facet normal 0.427628 0.903955 -0
    outer loop
      vertex 160.768 1.05682 0
      vertex 160.36 1.24983 38
      vertex 160.768 1.05682 38
    endloop
  endfacet
  facet normal 0.427628 0.903955 0
    outer loop
      vertex 160.36 1.24983 38
      vertex 160.768 1.05682 0
      vertex 160.36 1.24983 0
    endloop
  endfacet
  facet normal 0.336934 0.941528 -0
    outer loop
      vertex 160.36 1.24983 0
      vertex 159.935 1.40192 38
      vertex 160.36 1.24983 38
    endloop
  endfacet
  facet normal 0.336934 0.941528 0
    outer loop
      vertex 159.935 1.40192 38
      vertex 160.36 1.24983 0
      vertex 159.935 1.40192 0
    endloop
  endfacet
  facet normal 0.242932 0.970043 -0
    outer loop
      vertex 159.935 1.40192 0
      vertex 159.497 1.51161 38
      vertex 159.935 1.40192 38
    endloop
  endfacet
  facet normal 0.242932 0.970043 0
    outer loop
      vertex 159.497 1.51161 38
      vertex 159.935 1.40192 0
      vertex 159.497 1.51161 0
    endloop
  endfacet
  facet normal 0.146887 0.989153 -0
    outer loop
      vertex 159.497 1.51161 0
      vertex 159.051 1.57784 38
      vertex 159.497 1.51161 38
    endloop
  endfacet
  facet normal 0.146887 0.989153 0
    outer loop
      vertex 159.051 1.57784 38
      vertex 159.497 1.51161 0
      vertex 159.051 1.57784 0
    endloop
  endfacet
  facet normal 0.049054 0.998796 -0
    outer loop
      vertex 159.051 1.57784 0
      vertex 158.6 1.59999 38
      vertex 159.051 1.57784 38
    endloop
  endfacet
  facet normal 0.049054 0.998796 0
    outer loop
      vertex 158.6 1.59999 38
      vertex 159.051 1.57784 0
      vertex 158.6 1.59999 0
    endloop
  endfacet
  facet normal -0.049054 0.998796 0
    outer loop
      vertex 158.6 1.59999 0
      vertex 158.149 1.57784 38
      vertex 158.6 1.59999 38
    endloop
  endfacet
  facet normal -0.049054 0.998796 0
    outer loop
      vertex 158.149 1.57784 38
      vertex 158.6 1.59999 0
      vertex 158.149 1.57784 0
    endloop
  endfacet
  facet normal -0.146782 0.989169 0
    outer loop
      vertex 158.149 1.57784 0
      vertex 158 1.55573 38
      vertex 158.149 1.57784 38
    endloop
  endfacet
  facet normal -0.146782 0.989169 0
    outer loop
      vertex 158 1.55573 38
      vertex 158.149 1.57784 0
      vertex 158 1.55573 0
    endloop
  endfacet
  facet normal 1 -0 0
    outer loop
      vertex 158 1.55573 38
      vertex 158 74.0443 0
      vertex 158 74.0443 38
    endloop
  endfacet
  facet normal 1 0 0
    outer loop
      vertex 158 74.0443 0
      vertex 158 1.55573 38
      vertex 158 1.55573 0
    endloop
  endfacet
  facet normal -0.147367 -0.989082 0
    outer loop
      vertex 158 74.0443 0
      vertex 158.149 74.0221 38
      vertex 158 74.0443 38
    endloop
  endfacet
  facet normal -0.147367 -0.989082 -0
    outer loop
      vertex 158.149 74.0221 38
      vertex 158 74.0443 0
      vertex 158.149 74.0221 0
    endloop
  endfacet
  facet normal -0.0489435 -0.998802 0
    outer loop
      vertex 158.149 74.0221 0
      vertex 158.6 74 38
      vertex 158.149 74.0221 38
    endloop
  endfacet
  facet normal -0.0489435 -0.998802 -0
    outer loop
      vertex 158.6 74 38
      vertex 158.149 74.0221 0
      vertex 158.6 74 0
    endloop
  endfacet
  facet normal 0.0489435 -0.998802 0
    outer loop
      vertex 158.6 74 0
      vertex 159.051 74.0221 38
      vertex 158.6 74 38
    endloop
  endfacet
  facet normal 0.0489435 -0.998802 0
    outer loop
      vertex 159.051 74.0221 38
      vertex 158.6 74 0
      vertex 159.051 74.0221 0
    endloop
  endfacet
  facet normal 0.147039 -0.989131 0
    outer loop
      vertex 159.051 74.0221 0
      vertex 159.497 74.0884 38
      vertex 159.051 74.0221 38
    endloop
  endfacet
  facet normal 0.147039 -0.989131 0
    outer loop
      vertex 159.497 74.0884 38
      vertex 159.051 74.0221 0
      vertex 159.497 74.0884 0
    endloop
  endfacet
  facet normal 0.242952 -0.970038 0
    outer loop
      vertex 159.497 74.0884 0
      vertex 159.935 74.1981 38
      vertex 159.497 74.0884 38
    endloop
  endfacet
  facet normal 0.242952 -0.970038 0
    outer loop
      vertex 159.935 74.1981 38
      vertex 159.497 74.0884 0
      vertex 159.935 74.1981 0
    endloop
  endfacet
  facet normal 0.336757 -0.941591 0
    outer loop
      vertex 159.935 74.1981 0
      vertex 160.36 74.3501 38
      vertex 159.935 74.1981 38
    endloop
  endfacet
  facet normal 0.336757 -0.941591 0
    outer loop
      vertex 160.36 74.3501 38
      vertex 159.935 74.1981 0
      vertex 160.36 74.3501 0
    endloop
  endfacet
  facet normal 0.427791 -0.903878 0
    outer loop
      vertex 160.36 74.3501 0
      vertex 160.768 74.5432 38
      vertex 160.36 74.3501 38
    endloop
  endfacet
  facet normal 0.427791 -0.903878 0
    outer loop
      vertex 160.768 74.5432 38
      vertex 160.36 74.3501 0
      vertex 160.768 74.5432 0
    endloop
  endfacet
  facet normal 0.513194 -0.858273 0
    outer loop
      vertex 160.768 74.5432 0
      vertex 161.156 74.7752 38
      vertex 160.768 74.5432 38
    endloop
  endfacet
  facet normal 0.513194 -0.858273 0
    outer loop
      vertex 161.156 74.7752 38
      vertex 160.768 74.5432 0
      vertex 161.156 74.7752 0
    endloop
  endfacet
  facet normal 0.596304 -0.802759 0
    outer loop
      vertex 161.156 74.7752 0
      vertex 161.518 75.0441 38
      vertex 161.156 74.7752 38
    endloop
  endfacet
  facet normal 0.596304 -0.802759 0
    outer loop
      vertex 161.518 75.0441 38
      vertex 161.156 74.7752 0
      vertex 161.518 75.0441 0
    endloop
  endfacet
  facet normal 0.671041 -0.74142 0
    outer loop
      vertex 161.518 75.0441 0
      vertex 161.853 75.3473 38
      vertex 161.518 75.0441 38
    endloop
  endfacet
  facet normal 0.671041 -0.74142 0
    outer loop
      vertex 161.853 75.3473 38
      vertex 161.518 75.0441 0
      vertex 161.853 75.3473 0
    endloop
  endfacet
  facet normal 0.741142 -0.671348 0
    outer loop
      vertex 161.853 75.3473 38
      vertex 162.156 75.6818 0
      vertex 162.156 75.6818 38
    endloop
  endfacet
  facet normal 0.741142 -0.671348 0
    outer loop
      vertex 162.156 75.6818 0
      vertex 161.853 75.3473 38
      vertex 161.853 75.3473 0
    endloop
  endfacet
  facet normal 0.803125 -0.59581 0
    outer loop
      vertex 162.156 75.6818 38
      vertex 162.425 76.0444 0
      vertex 162.425 76.0444 38
    endloop
  endfacet
  facet normal 0.803125 -0.59581 0
    outer loop
      vertex 162.425 76.0444 0
      vertex 162.156 75.6818 38
      vertex 162.156 75.6818 0
    endloop
  endfacet
  facet normal 0.857806 -0.513974 0
    outer loop
      vertex 162.425 76.0444 38
      vertex 162.657 76.4316 0
      vertex 162.657 76.4316 38
    endloop
  endfacet
  facet normal 0.857806 -0.513974 0
    outer loop
      vertex 162.657 76.4316 0
      vertex 162.425 76.0444 38
      vertex 162.425 76.0444 0
    endloop
  endfacet
  facet normal 0.903963 -0.42761 0
    outer loop
      vertex 162.657 76.4316 38
      vertex 162.85 76.8396 0
      vertex 162.85 76.8396 38
    endloop
  endfacet
  facet normal 0.903963 -0.42761 0
    outer loop
      vertex 162.85 76.8396 0
      vertex 162.657 76.4316 38
      vertex 162.657 76.4316 0
    endloop
  endfacet
  facet normal 0.941617 -0.336687 0
    outer loop
      vertex 162.85 76.8396 38
      vertex 163.002 77.2647 0
      vertex 163.002 77.2647 38
    endloop
  endfacet
  facet normal 0.941617 -0.336687 0
    outer loop
      vertex 163.002 77.2647 0
      vertex 162.85 76.8396 38
      vertex 162.85 76.8396 0
    endloop
  endfacet
  facet normal 0.969868 -0.24363 0
    outer loop
      vertex 163.002 77.2647 38
      vertex 163.112 77.7026 0
      vertex 163.112 77.7026 38
    endloop
  endfacet
  facet normal 0.969868 -0.24363 0
    outer loop
      vertex 163.112 77.7026 0
      vertex 163.002 77.2647 38
      vertex 163.002 77.2647 0
    endloop
  endfacet
  facet normal 0.989251 -0.146227 0
    outer loop
      vertex 163.112 77.7026 38
      vertex 163.178 78.1491 0
      vertex 163.178 78.1491 38
    endloop
  endfacet
  facet normal 0.989251 -0.146227 0
    outer loop
      vertex 163.178 78.1491 0
      vertex 163.112 77.7026 38
      vertex 163.112 77.7026 0
    endloop
  endfacet
  facet normal 0.998812 -0.0487333 0
    outer loop
      vertex 163.178 78.1491 38
      vertex 163.2 78.6 0
      vertex 163.2 78.6 38
    endloop
  endfacet
  facet normal 0.998812 -0.0487333 0
    outer loop
      vertex 163.2 78.6 0
      vertex 163.178 78.1491 38
      vertex 163.178 78.1491 0
    endloop
  endfacet
  facet normal 0.998812 0.0487333 0
    outer loop
      vertex 163.2 78.6 38
      vertex 163.178 79.0509 0
      vertex 163.178 79.0509 38
    endloop
  endfacet
  facet normal 0.998812 0.0487333 0
    outer loop
      vertex 163.178 79.0509 0
      vertex 163.2 78.6 38
      vertex 163.2 78.6 0
    endloop
  endfacet
  facet normal 0.989251 0.146227 0
    outer loop
      vertex 163.178 79.0509 38
      vertex 163.112 79.4974 0
      vertex 163.112 79.4974 38
    endloop
  endfacet
  facet normal 0.989251 0.146227 0
    outer loop
      vertex 163.112 79.4974 0
      vertex 163.178 79.0509 38
      vertex 163.178 79.0509 0
    endloop
  endfacet
  facet normal 0.969868 0.24363 0
    outer loop
      vertex 163.112 79.4974 38
      vertex 163.002 79.9353 0
      vertex 163.002 79.9353 38
    endloop
  endfacet
  facet normal 0.969868 0.24363 0
    outer loop
      vertex 163.002 79.9353 0
      vertex 163.112 79.4974 38
      vertex 163.112 79.4974 0
    endloop
  endfacet
  facet normal 0.941591 0.336757 0
    outer loop
      vertex 163.002 79.9353 38
      vertex 162.85 80.3603 0
      vertex 162.85 80.3603 38
    endloop
  endfacet
  facet normal 0.941591 0.336757 0
    outer loop
      vertex 162.85 80.3603 0
      vertex 163.002 79.9353 38
      vertex 163.002 79.9353 0
    endloop
  endfacet
  facet normal 0.904004 0.427524 0
    outer loop
      vertex 162.85 80.3603 38
      vertex 162.657 80.7684 0
      vertex 162.657 80.7684 38
    endloop
  endfacet
  facet normal 0.904004 0.427524 0
    outer loop
      vertex 162.657 80.7684 0
      vertex 162.85 80.3603 38
      vertex 162.85 80.3603 0
    endloop
  endfacet
  facet normal 0.857806 0.513974 0
    outer loop
      vertex 162.657 80.7684 38
      vertex 162.425 81.1556 0
      vertex 162.425 81.1556 38
    endloop
  endfacet
  facet normal 0.857806 0.513974 0
    outer loop
      vertex 162.425 81.1556 0
      vertex 162.657 80.7684 38
      vertex 162.657 80.7684 0
    endloop
  endfacet
  facet normal 0.803125 0.59581 0
    outer loop
      vertex 162.425 81.1556 38
      vertex 162.156 81.5182 0
      vertex 162.156 81.5182 38
    endloop
  endfacet
  facet normal 0.803125 0.59581 0
    outer loop
      vertex 162.156 81.5182 0
      vertex 162.425 81.1556 38
      vertex 162.425 81.1556 0
    endloop
  endfacet
  facet normal 0.741142 0.671348 0
    outer loop
      vertex 162.156 81.5182 38
      vertex 161.853 81.8527 0
      vertex 161.853 81.8527 38
    endloop
  endfacet
  facet normal 0.741142 0.671348 0
    outer loop
      vertex 161.853 81.8527 0
      vertex 162.156 81.5182 38
      vertex 162.156 81.5182 0
    endloop
  endfacet
  facet normal 0.670919 0.741531 -0
    outer loop
      vertex 161.853 81.8527 0
      vertex 161.518 82.1558 38
      vertex 161.853 81.8527 38
    endloop
  endfacet
  facet normal 0.670919 0.741531 0
    outer loop
      vertex 161.518 82.1558 38
      vertex 161.853 81.8527 0
      vertex 161.518 82.1558 0
    endloop
  endfacet
  facet normal 0.596446 0.802653 -0
    outer loop
      vertex 161.518 82.1558 0
      vertex 161.156 82.4248 38
      vertex 161.518 82.1558 38
    endloop
  endfacet
  facet normal 0.596446 0.802653 0
    outer loop
      vertex 161.156 82.4248 38
      vertex 161.518 82.1558 0
      vertex 161.156 82.4248 0
    endloop
  endfacet
  facet normal 0.513194 0.858273 -0
    outer loop
      vertex 161.156 82.4248 0
      vertex 160.768 82.6568 38
      vertex 161.156 82.4248 38
    endloop
  endfacet
  facet normal 0.513194 0.858273 0
    outer loop
      vertex 160.768 82.6568 38
      vertex 161.156 82.4248 0
      vertex 160.768 82.6568 0
    endloop
  endfacet
  facet normal 0.42761 0.903963 -0
    outer loop
      vertex 160.768 82.6568 0
      vertex 160.36 82.8498 38
      vertex 160.768 82.6568 38
    endloop
  endfacet
  facet normal 0.42761 0.903963 0
    outer loop
      vertex 160.36 82.8498 38
      vertex 160.768 82.6568 0
      vertex 160.36 82.8498 0
    endloop
  endfacet
  facet normal 0.336954 0.941521 -0
    outer loop
      vertex 160.36 82.8498 0
      vertex 159.935 83.0019 38
      vertex 160.36 82.8498 38
    endloop
  endfacet
  facet normal 0.336954 0.941521 0
    outer loop
      vertex 159.935 83.0019 38
      vertex 160.36 82.8498 0
      vertex 159.935 83.0019 0
    endloop
  endfacet
  facet normal 0.242952 0.970038 -0
    outer loop
      vertex 159.935 83.0019 0
      vertex 159.497 83.1116 38
      vertex 159.935 83.0019 38
    endloop
  endfacet
  facet normal 0.242952 0.970038 0
    outer loop
      vertex 159.497 83.1116 38
      vertex 159.935 83.0019 0
      vertex 159.497 83.1116 0
    endloop
  endfacet
  facet normal 0.146822 0.989163 -0
    outer loop
      vertex 159.497 83.1116 0
      vertex 159.051 83.1778 38
      vertex 159.497 83.1116 38
    endloop
  endfacet
  facet normal 0.146822 0.989163 0
    outer loop
      vertex 159.051 83.1778 38
      vertex 159.497 83.1116 0
      vertex 159.051 83.1778 0
    endloop
  endfacet
  facet normal 0.0491644 0.998791 -0
    outer loop
      vertex 159.051 83.1778 0
      vertex 158.6 83.2 38
      vertex 159.051 83.1778 38
    endloop
  endfacet
  facet normal 0.0491644 0.998791 0
    outer loop
      vertex 158.6 83.2 38
      vertex 159.051 83.1778 0
      vertex 158.6 83.2 0
    endloop
  endfacet
  facet normal -0.0491644 0.998791 0
    outer loop
      vertex 158.6 83.2 0
      vertex 158.149 83.1778 38
      vertex 158.6 83.2 38
    endloop
  endfacet
  facet normal -0.0491644 0.998791 0
    outer loop
      vertex 158.149 83.1778 38
      vertex 158.6 83.2 0
      vertex 158.149 83.1778 0
    endloop
  endfacet
  facet normal -0.146822 0.989163 0
    outer loop
      vertex 158.149 83.1778 0
      vertex 157.703 83.1116 38
      vertex 158.149 83.1778 38
    endloop
  endfacet
  facet normal -0.146822 0.989163 0
    outer loop
      vertex 157.703 83.1116 38
      vertex 158.149 83.1778 0
      vertex 157.703 83.1116 0
    endloop
  endfacet
  facet normal -0.242952 0.970038 0
    outer loop
      vertex 157.703 83.1116 0
      vertex 157.265 83.0019 38
      vertex 157.703 83.1116 38
    endloop
  endfacet
  facet normal -0.242952 0.970038 0
    outer loop
      vertex 157.265 83.0019 38
      vertex 157.703 83.1116 0
      vertex 157.265 83.0019 0
    endloop
  endfacet
  facet normal -0.336954 0.941521 0
    outer loop
      vertex 157.265 83.0019 0
      vertex 156.84 82.8498 38
      vertex 157.265 83.0019 38
    endloop
  endfacet
  facet normal -0.336954 0.941521 0
    outer loop
      vertex 156.84 82.8498 38
      vertex 157.265 83.0019 0
      vertex 156.84 82.8498 0
    endloop
  endfacet
  facet normal -0.42761 0.903963 0
    outer loop
      vertex 156.84 82.8498 0
      vertex 156.432 82.6568 38
      vertex 156.84 82.8498 38
    endloop
  endfacet
  facet normal -0.42761 0.903963 0
    outer loop
      vertex 156.432 82.6568 38
      vertex 156.84 82.8498 0
      vertex 156.432 82.6568 0
    endloop
  endfacet
  facet normal -0.513194 0.858273 0
    outer loop
      vertex 156.432 82.6568 0
      vertex 156.044 82.4248 38
      vertex 156.432 82.6568 38
    endloop
  endfacet
  facet normal -0.513194 0.858273 0
    outer loop
      vertex 156.044 82.4248 38
      vertex 156.432 82.6568 0
      vertex 156.044 82.4248 0
    endloop
  endfacet
  facet normal -0.596446 0.802653 0
    outer loop
      vertex 156.044 82.4248 0
      vertex 155.682 82.1558 38
      vertex 156.044 82.4248 38
    endloop
  endfacet
  facet normal -0.596446 0.802653 0
    outer loop
      vertex 155.682 82.1558 38
      vertex 156.044 82.4248 0
      vertex 155.682 82.1558 0
    endloop
  endfacet
  facet normal -0.670919 0.741531 0
    outer loop
      vertex 155.682 82.1558 0
      vertex 155.347 81.8527 38
      vertex 155.682 82.1558 38
    endloop
  endfacet
  facet normal -0.670919 0.741531 0
    outer loop
      vertex 155.347 81.8527 38
      vertex 155.682 82.1558 0
      vertex 155.347 81.8527 0
    endloop
  endfacet
  facet normal -0.741142 0.671348 0
    outer loop
      vertex 155.044 81.5182 0
      vertex 155.347 81.8527 38
      vertex 155.347 81.8527 0
    endloop
  endfacet
  facet normal -0.741142 0.671348 0
    outer loop
      vertex 155.347 81.8527 38
      vertex 155.044 81.5182 0
      vertex 155.044 81.5182 38
    endloop
  endfacet
  facet normal -0.803125 0.59581 0
    outer loop
      vertex 154.775 81.1556 0
      vertex 155.044 81.5182 38
      vertex 155.044 81.5182 0
    endloop
  endfacet
  facet normal -0.803125 0.59581 0
    outer loop
      vertex 155.044 81.5182 38
      vertex 154.775 81.1556 0
      vertex 154.775 81.1556 38
    endloop
  endfacet
  facet normal -0.857806 0.513974 0
    outer loop
      vertex 154.543 80.7684 0
      vertex 154.775 81.1556 38
      vertex 154.775 81.1556 0
    endloop
  endfacet
  facet normal -0.857806 0.513974 0
    outer loop
      vertex 154.775 81.1556 38
      vertex 154.543 80.7684 0
      vertex 154.543 80.7684 38
    endloop
  endfacet
  facet normal -0.904004 0.427524 0
    outer loop
      vertex 154.35 80.3603 0
      vertex 154.543 80.7684 38
      vertex 154.543 80.7684 0
    endloop
  endfacet
  facet normal -0.904004 0.427524 0
    outer loop
      vertex 154.543 80.7684 38
      vertex 154.35 80.3603 0
      vertex 154.35 80.3603 38
    endloop
  endfacet
  facet normal -0.941591 0.336757 0
    outer loop
      vertex 154.198 79.9353 0
      vertex 154.35 80.3603 38
      vertex 154.35 80.3603 0
    endloop
  endfacet
  facet normal -0.941591 0.336757 0
    outer loop
      vertex 154.35 80.3603 38
      vertex 154.198 79.9353 0
      vertex 154.198 79.9353 38
    endloop
  endfacet
  facet normal -0.969868 0.24363 0
    outer loop
      vertex 154.088 79.4974 0
      vertex 154.198 79.9353 38
      vertex 154.198 79.9353 0
    endloop
  endfacet
  facet normal -0.969868 0.24363 0
    outer loop
      vertex 154.198 79.9353 38
      vertex 154.088 79.4974 0
      vertex 154.088 79.4974 38
    endloop
  endfacet
  facet normal -0.989251 0.146227 0
    outer loop
      vertex 154.022 79.0509 0
      vertex 154.088 79.4974 38
      vertex 154.088 79.4974 0
    endloop
  endfacet
  facet normal -0.989251 0.146227 0
    outer loop
      vertex 154.088 79.4974 38
      vertex 154.022 79.0509 0
      vertex 154.022 79.0509 38
    endloop
  endfacet
  facet normal -0.998812 0.0487333 0
    outer loop
      vertex 154 78.6 0
      vertex 154.022 79.0509 38
      vertex 154.022 79.0509 0
    endloop
  endfacet
  facet normal -0.998812 0.0487333 0
    outer loop
      vertex 154.022 79.0509 38
      vertex 154 78.6 0
      vertex 154 78.6 38
    endloop
  endfacet
  facet normal -0.998812 -0.0487333 0
    outer loop
      vertex 154.022 78.1491 0
      vertex 154 78.6 38
      vertex 154 78.6 0
    endloop
  endfacet
  facet normal -0.998812 -0.0487333 0
    outer loop
      vertex 154 78.6 38
      vertex 154.022 78.1491 0
      vertex 154.022 78.1491 38
    endloop
  endfacet
  facet normal -0.989289 -0.145972 0
    outer loop
      vertex 154.044 78 0
      vertex 154.022 78.1491 38
      vertex 154.022 78.1491 0
    endloop
  endfacet
  facet normal -0.989289 -0.145972 0
    outer loop
      vertex 154.022 78.1491 38
      vertex 154.044 78 0
      vertex 154.044 78 38
    endloop
  endfacet
  facet normal 0 1 -0
    outer loop
      vertex 154.044 78 0
      vertex 1.55573 78 38
      vertex 154.044 78 38
    endloop
  endfacet
  facet normal 0 1 0
    outer loop
      vertex 1.55573 78 38
      vertex 154.044 78 0
      vertex 1.55573 78 0
    endloop
  endfacet
  facet normal 0.989183 -0.146686 0
    outer loop
      vertex 1.55573 78 38
      vertex 1.57784 78.1491 0
      vertex 1.57784 78.1491 38
    endloop
  endfacet
  facet normal 0.989183 -0.146686 0
    outer loop
      vertex 1.57784 78.1491 0
      vertex 1.55573 78 38
      vertex 1.55573 78 0
    endloop
  endfacet
  facet normal 0.998796 -0.0490648 0
    outer loop
      vertex 1.57784 78.1491 38
      vertex 1.59999 78.6 0
      vertex 1.59999 78.6 38
    endloop
  endfacet
  facet normal 0.998796 -0.0490648 0
    outer loop
      vertex 1.59999 78.6 0
      vertex 1.57784 78.1491 38
      vertex 1.57784 78.1491 0
    endloop
  endfacet
  facet normal 0.998796 0.0490648 0
    outer loop
      vertex 1.59999 78.6 38
      vertex 1.57784 79.0509 0
      vertex 1.57784 79.0509 38
    endloop
  endfacet
  facet normal 0.998796 0.0490648 0
    outer loop
      vertex 1.57784 79.0509 0
      vertex 1.59999 78.6 38
      vertex 1.59999 78.6 0
    endloop
  endfacet
  facet normal 0.989177 0.146726 0
    outer loop
      vertex 1.57784 79.0509 38
      vertex 1.51161 79.4974 0
      vertex 1.51161 79.4974 38
    endloop
  endfacet
  facet normal 0.989177 0.146726 0
    outer loop
      vertex 1.51161 79.4974 0
      vertex 1.57784 79.0509 38
      vertex 1.57784 79.0509 0
    endloop
  endfacet
  facet normal 0.97003 0.242984 0
    outer loop
      vertex 1.51161 79.4974 38
      vertex 1.40192 79.9353 0
      vertex 1.40192 79.9353 38
    endloop
  endfacet
  facet normal 0.97003 0.242984 0
    outer loop
      vertex 1.40192 79.9353 0
      vertex 1.51161 79.4974 38
      vertex 1.51161 79.4974 0
    endloop
  endfacet
  facet normal 0.941528 0.336934 0
    outer loop
      vertex 1.40192 79.9353 38
      vertex 1.24983 80.3603 0
      vertex 1.24983 80.3603 38
    endloop
  endfacet
  facet normal 0.941528 0.336934 0
    outer loop
      vertex 1.24983 80.3603 0
      vertex 1.40192 79.9353 38
      vertex 1.40192 79.9353 0
    endloop
  endfacet
  facet normal 0.903995 0.427543 0
    outer loop
      vertex 1.24983 80.3603 38
      vertex 1.05682 80.7684 0
      vertex 1.05682 80.7684 38
    endloop
  endfacet
  facet normal 0.903995 0.427543 0
    outer loop
      vertex 1.05682 80.7684 0
      vertex 1.24983 80.3603 38
      vertex 1.24983 80.3603 0
    endloop
  endfacet
  facet normal 0.85774 0.514084 0
    outer loop
      vertex 1.05682 80.7684 38
      vertex 0.824753 81.1556 0
      vertex 0.824753 81.1556 38
    endloop
  endfacet
  facet normal 0.85774 0.514084 0
    outer loop
      vertex 0.824753 81.1556 0
      vertex 1.05682 80.7684 38
      vertex 1.05682 80.7684 0
    endloop
  endfacet
  facet normal 0.803225 0.595676 0
    outer loop
      vertex 0.824753 81.1556 38
      vertex 0.555847 81.5182 0
      vertex 0.555847 81.5182 38
    endloop
  endfacet
  facet normal 0.803225 0.595676 0
    outer loop
      vertex 0.555847 81.5182 0
      vertex 0.824753 81.1556 38
      vertex 0.824753 81.1556 0
    endloop
  endfacet
  facet normal 0.740964 0.671544 0
    outer loop
      vertex 0.555847 81.5182 38
      vertex 0.252686 81.8527 0
      vertex 0.252686 81.8527 38
    endloop
  endfacet
  facet normal 0.740964 0.671544 0
    outer loop
      vertex 0.252686 81.8527 0
      vertex 0.555847 81.5182 38
      vertex 0.555847 81.5182 0
    endloop
  endfacet
  facet normal 0.6715 0.741005 -0
    outer loop
      vertex 0.252686 81.8527 0
      vertex -0.0817871 82.1558 38
      vertex 0.252686 81.8527 38
    endloop
  endfacet
  facet normal 0.6715 0.741005 0
    outer loop
      vertex -0.0817871 82.1558 38
      vertex 0.252686 81.8527 0
      vertex -0.0817871 82.1558 0
    endloop
  endfacet
  facet normal 0.595832 0.803109 -0
    outer loop
      vertex -0.0817871 82.1558 0
      vertex -0.444366 82.4248 38
      vertex -0.0817871 82.1558 38
    endloop
  endfacet
  facet normal 0.595832 0.803109 0
    outer loop
      vertex -0.444366 82.4248 38
      vertex -0.0817871 82.1558 0
      vertex -0.444366 82.4248 0
    endloop
  endfacet
  facet normal 0.513968 0.85781 -0
    outer loop
      vertex -0.444366 82.4248 0
      vertex -0.831573 82.6568 38
      vertex -0.444366 82.4248 38
    endloop
  endfacet
  facet normal 0.513968 0.85781 0
    outer loop
      vertex -0.831573 82.6568 38
      vertex -0.444366 82.4248 0
      vertex -0.831573 82.6568 0
    endloop
  endfacet
  facet normal 0.427544 0.903994 -0
    outer loop
      vertex -0.831573 82.6568 0
      vertex -1.23965 82.8498 38
      vertex -0.831573 82.6568 38
    endloop
  endfacet
  facet normal 0.427544 0.903994 0
    outer loop
      vertex -1.23965 82.8498 38
      vertex -0.831573 82.6568 0
      vertex -1.23965 82.8498 0
    endloop
  endfacet
  facet normal 0.336926 0.941531 -0
    outer loop
      vertex -1.23965 82.8498 0
      vertex -1.66469 83.0019 38
      vertex -1.23965 82.8498 38
    endloop
  endfacet
  facet normal 0.336926 0.941531 0
    outer loop
      vertex -1.66469 83.0019 38
      vertex -1.23965 82.8498 0
      vertex -1.66469 83.0019 0
    endloop
  endfacet
  facet normal 0.243015 0.970022 -0
    outer loop
      vertex -1.66469 83.0019 0
      vertex -2.10257 83.1116 38
      vertex -1.66469 83.0019 38
    endloop
  endfacet
  facet normal 0.243015 0.970022 0
    outer loop
      vertex -2.10257 83.1116 38
      vertex -1.66469 83.0019 0
      vertex -2.10257 83.1116 0
    endloop
  endfacet
  facet normal 0.146645 0.989189 -0
    outer loop
      vertex -2.10257 83.1116 0
      vertex -2.54912 83.1778 38
      vertex -2.10257 83.1116 38
    endloop
  endfacet
  facet normal 0.146645 0.989189 0
    outer loop
      vertex -2.54912 83.1778 38
      vertex -2.10257 83.1116 0
      vertex -2.54912 83.1778 0
    endloop
  endfacet
  facet normal 0.0491775 0.99879 -0
    outer loop
      vertex -2.54912 83.1778 0
      vertex -3 83.2 38
      vertex -2.54912 83.1778 38
    endloop
  endfacet
  facet normal 0.0491775 0.99879 0
    outer loop
      vertex -3 83.2 38
      vertex -2.54912 83.1778 0
      vertex -3 83.2 0
    endloop
  endfacet
  facet normal -0.0491786 0.99879 0
    outer loop
      vertex -3 83.2 0
      vertex -3.45087 83.1778 38
      vertex -3 83.2 38
    endloop
  endfacet
  facet normal -0.0491786 0.99879 0
    outer loop
      vertex -3.45087 83.1778 38
      vertex -3 83.2 0
      vertex -3.45087 83.1778 0
    endloop
  endfacet
  facet normal -0.146645 0.989189 0
    outer loop
      vertex -3.45087 83.1778 0
      vertex -3.89742 83.1116 38
      vertex -3.45087 83.1778 38
    endloop
  endfacet
  facet normal -0.146645 0.989189 0
    outer loop
      vertex -3.89742 83.1116 38
      vertex -3.45087 83.1778 0
      vertex -3.89742 83.1116 0
    endloop
  endfacet
  facet normal -0.243015 0.970022 0
    outer loop
      vertex -3.89742 83.1116 0
      vertex -4.3353 83.0019 38
      vertex -3.89742 83.1116 38
    endloop
  endfacet
  facet normal -0.243015 0.970022 0
    outer loop
      vertex -4.3353 83.0019 38
      vertex -3.89742 83.1116 0
      vertex -4.3353 83.0019 0
    endloop
  endfacet
  facet normal -0.336933 0.941529 0
    outer loop
      vertex -4.3353 83.0019 0
      vertex -4.76033 82.8498 38
      vertex -4.3353 83.0019 38
    endloop
  endfacet
  facet normal -0.336933 0.941529 0
    outer loop
      vertex -4.76033 82.8498 38
      vertex -4.3353 83.0019 0
      vertex -4.76033 82.8498 0
    endloop
  endfacet
  facet normal -0.427542 0.903996 0
    outer loop
      vertex -4.76033 82.8498 0
      vertex -5.16841 82.6568 38
      vertex -4.76033 82.8498 38
    endloop
  endfacet
  facet normal -0.427542 0.903996 0
    outer loop
      vertex -5.16841 82.6568 38
      vertex -4.76033 82.8498 0
      vertex -5.16841 82.6568 0
    endloop
  endfacet
  facet normal -0.513965 0.857811 0
    outer loop
      vertex -5.16841 82.6568 0
      vertex -5.55562 82.4248 38
      vertex -5.16841 82.6568 38
    endloop
  endfacet
  facet normal -0.513965 0.857811 0
    outer loop
      vertex -5.55562 82.4248 38
      vertex -5.16841 82.6568 0
      vertex -5.55562 82.4248 0
    endloop
  endfacet
  facet normal -0.595831 0.80311 0
    outer loop
      vertex -5.55562 82.4248 0
      vertex -5.9182 82.1558 38
      vertex -5.55562 82.4248 38
    endloop
  endfacet
  facet normal -0.595831 0.80311 0
    outer loop
      vertex -5.9182 82.1558 38
      vertex -5.55562 82.4248 0
      vertex -5.9182 82.1558 0
    endloop
  endfacet
  facet normal -0.671481 0.741022 0
    outer loop
      vertex -5.9182 82.1558 0
      vertex -6.25269 81.8527 38
      vertex -5.9182 82.1558 38
    endloop
  endfacet
  facet normal -0.671481 0.741022 0
    outer loop
      vertex -6.25269 81.8527 38
      vertex -5.9182 82.1558 0
      vertex -6.25269 81.8527 0
    endloop
  endfacet
  facet normal -0.740966 0.671543 0
    outer loop
      vertex -6.55585 81.5182 0
      vertex -6.25269 81.8527 38
      vertex -6.25269 81.8527 0
    endloop
  endfacet
  facet normal -0.740966 0.671543 0
    outer loop
      vertex -6.25269 81.8527 38
      vertex -6.55585 81.5182 0
      vertex -6.55585 81.5182 38
    endloop
  endfacet
  facet normal -0.803231 0.595667 0
    outer loop
      vertex -6.82475 81.1556 0
      vertex -6.55585 81.5182 38
      vertex -6.55585 81.5182 0
    endloop
  endfacet
  facet normal -0.803231 0.595667 0
    outer loop
      vertex -6.55585 81.5182 38
      vertex -6.82475 81.1556 0
      vertex -6.82475 81.1556 38
    endloop
  endfacet
  facet normal -0.857737 0.514088 0
    outer loop
      vertex -7.05682 80.7684 0
      vertex -6.82475 81.1556 38
      vertex -6.82475 81.1556 0
    endloop
  endfacet
  facet normal -0.857737 0.514088 0
    outer loop
      vertex -6.82475 81.1556 38
      vertex -7.05682 80.7684 0
      vertex -7.05682 80.7684 38
    endloop
  endfacet
  facet normal -0.903995 0.427543 0
    outer loop
      vertex -7.24983 80.3603 0
      vertex -7.05682 80.7684 38
      vertex -7.05682 80.7684 0
    endloop
  endfacet
  facet normal -0.903995 0.427543 0
    outer loop
      vertex -7.05682 80.7684 38
      vertex -7.24983 80.3603 0
      vertex -7.24983 80.3603 38
    endloop
  endfacet
  facet normal -0.941528 0.336934 0
    outer loop
      vertex -7.40192 79.9353 0
      vertex -7.24983 80.3603 38
      vertex -7.24983 80.3603 0
    endloop
  endfacet
  facet normal -0.941528 0.336934 0
    outer loop
      vertex -7.24983 80.3603 38
      vertex -7.40192 79.9353 0
      vertex -7.40192 79.9353 38
    endloop
  endfacet
  facet normal -0.97003 0.242984 0
    outer loop
      vertex -7.51161 79.4974 0
      vertex -7.40192 79.9353 38
      vertex -7.40192 79.9353 0
    endloop
  endfacet
  facet normal -0.97003 0.242984 0
    outer loop
      vertex -7.40192 79.9353 38
      vertex -7.51161 79.4974 0
      vertex -7.51161 79.4974 38
    endloop
  endfacet
  facet normal -0.989177 0.146726 0
    outer loop
      vertex -7.57784 79.0509 0
      vertex -7.51161 79.4974 38
      vertex -7.51161 79.4974 0
    endloop
  endfacet
  facet normal -0.989177 0.146726 0
    outer loop
      vertex -7.51161 79.4974 38
      vertex -7.57784 79.0509 0
      vertex -7.57784 79.0509 38
    endloop
  endfacet
  facet normal -0.998796 0.0490648 0
    outer loop
      vertex -7.59999 78.6 0
      vertex -7.57784 79.0509 38
      vertex -7.57784 79.0509 0
    endloop
  endfacet
  facet normal -0.998796 0.0490648 0
    outer loop
      vertex -7.57784 79.0509 38
      vertex -7.59999 78.6 0
      vertex -7.59999 78.6 38
    endloop
  endfacet
  facet normal -0.998796 -0.0490648 0
    outer loop
      vertex -7.57784 78.1491 0
      vertex -7.59999 78.6 38
      vertex -7.59999 78.6 0
    endloop
  endfacet
  facet normal -0.998796 -0.0490648 0
    outer loop
      vertex -7.59999 78.6 38
      vertex -7.57784 78.1491 0
      vertex -7.57784 78.1491 38
    endloop
  endfacet
  facet normal -0.989177 -0.146726 0
    outer loop
      vertex -7.51161 77.7026 0
      vertex -7.57784 78.1491 38
      vertex -7.57784 78.1491 0
    endloop
  endfacet
  facet normal -0.989177 -0.146726 0
    outer loop
      vertex -7.57784 78.1491 38
      vertex -7.51161 77.7026 0
      vertex -7.51161 77.7026 38
    endloop
  endfacet
  facet normal -0.97003 -0.242984 0
    outer loop
      vertex -7.40192 77.2647 0
      vertex -7.51161 77.7026 38
      vertex -7.51161 77.7026 0
    endloop
  endfacet
  facet normal -0.97003 -0.242984 0
    outer loop
      vertex -7.51161 77.7026 38
      vertex -7.40192 77.2647 0
      vertex -7.40192 77.2647 38
    endloop
  endfacet
  facet normal -0.941553 -0.336864 0
    outer loop
      vertex -7.24983 76.8396 0
      vertex -7.40192 77.2647 38
      vertex -7.40192 77.2647 0
    endloop
  endfacet
  facet normal -0.941553 -0.336864 0
    outer loop
      vertex -7.40192 77.2647 38
      vertex -7.24983 76.8396 0
      vertex -7.24983 76.8396 38
    endloop
  endfacet
  facet normal -0.903955 -0.427628 0
    outer loop
      vertex -7.05682 76.4316 0
      vertex -7.24983 76.8396 38
      vertex -7.24983 76.8396 0
    endloop
  endfacet
  facet normal -0.903955 -0.427628 0
    outer loop
      vertex -7.24983 76.8396 38
      vertex -7.05682 76.4316 0
      vertex -7.05682 76.4316 38
    endloop
  endfacet
  facet normal -0.857737 -0.514088 0
    outer loop
      vertex -6.82475 76.0444 0
      vertex -7.05682 76.4316 38
      vertex -7.05682 76.4316 0
    endloop
  endfacet
  facet normal -0.857737 -0.514088 0
    outer loop
      vertex -7.05682 76.4316 38
      vertex -6.82475 76.0444 0
      vertex -6.82475 76.0444 38
    endloop
  endfacet
  facet normal -0.803231 -0.595667 0
    outer loop
      vertex -6.55585 75.6818 0
      vertex -6.82475 76.0444 38
      vertex -6.82475 76.0444 0
    endloop
  endfacet
  facet normal -0.803231 -0.595667 0
    outer loop
      vertex -6.82475 76.0444 38
      vertex -6.55585 75.6818 0
      vertex -6.55585 75.6818 38
    endloop
  endfacet
  facet normal -0.740966 -0.671543 0
    outer loop
      vertex -6.25269 75.3473 0
      vertex -6.55585 75.6818 38
      vertex -6.55585 75.6818 0
    endloop
  endfacet
  facet normal -0.740966 -0.671543 0
    outer loop
      vertex -6.55585 75.6818 38
      vertex -6.25269 75.3473 0
      vertex -6.25269 75.3473 38
    endloop
  endfacet
  facet normal -0.671603 -0.740912 0
    outer loop
      vertex -6.25269 75.3473 0
      vertex -5.9182 75.0441 38
      vertex -6.25269 75.3473 38
    endloop
  endfacet
  facet normal -0.671603 -0.740912 -0
    outer loop
      vertex -5.9182 75.0441 38
      vertex -6.25269 75.3473 0
      vertex -5.9182 75.0441 0
    endloop
  endfacet
  facet normal -0.595688 -0.803216 0
    outer loop
      vertex -5.9182 75.0441 0
      vertex -5.55562 74.7752 38
      vertex -5.9182 75.0441 38
    endloop
  endfacet
  facet normal -0.595688 -0.803216 -0
    outer loop
      vertex -5.55562 74.7752 38
      vertex -5.9182 75.0441 0
      vertex -5.55562 74.7752 0
    endloop
  endfacet
  facet normal -0.513965 -0.857811 0
    outer loop
      vertex -5.55562 74.7752 0
      vertex -5.16841 74.5432 38
      vertex -5.55562 74.7752 38
    endloop
  endfacet
  facet normal -0.513965 -0.857811 -0
    outer loop
      vertex -5.16841 74.5432 38
      vertex -5.55562 74.7752 0
      vertex -5.16841 74.5432 0
    endloop
  endfacet
  facet normal -0.427723 -0.90391 0
    outer loop
      vertex -5.16841 74.5432 0
      vertex -4.76033 74.3501 38
      vertex -5.16841 74.5432 38
    endloop
  endfacet
  facet normal -0.427723 -0.90391 -0
    outer loop
      vertex -4.76033 74.3501 38
      vertex -5.16841 74.5432 0
      vertex -4.76033 74.3501 0
    endloop
  endfacet
  facet normal -0.336736 -0.941599 0
    outer loop
      vertex -4.76033 74.3501 0
      vertex -4.3353 74.1981 38
      vertex -4.76033 74.3501 38
    endloop
  endfacet
  facet normal -0.336736 -0.941599 -0
    outer loop
      vertex -4.3353 74.1981 38
      vertex -4.76033 74.3501 0
      vertex -4.3353 74.1981 0
    endloop
  endfacet
  facet normal -0.243015 -0.970022 0
    outer loop
      vertex -4.3353 74.1981 0
      vertex -3.89742 74.0884 38
      vertex -4.3353 74.1981 38
    endloop
  endfacet
  facet normal -0.243015 -0.970022 -0
    outer loop
      vertex -3.89742 74.0884 38
      vertex -4.3353 74.1981 0
      vertex -3.89742 74.0884 0
    endloop
  endfacet
  facet normal -0.146862 -0.989157 0
    outer loop
      vertex -3.89742 74.0884 0
      vertex -3.45087 74.0221 38
      vertex -3.89742 74.0884 38
    endloop
  endfacet
  facet normal -0.146862 -0.989157 -0
    outer loop
      vertex -3.45087 74.0221 38
      vertex -3.89742 74.0884 0
      vertex -3.45087 74.0221 0
    endloop
  endfacet
  facet normal -0.0489576 -0.998801 0
    outer loop
      vertex -3.45087 74.0221 0
      vertex -3 74 38
      vertex -3.45087 74.0221 38
    endloop
  endfacet
  facet normal -0.0489576 -0.998801 -0
    outer loop
      vertex -3 74 38
      vertex -3.45087 74.0221 0
      vertex -3 74 0
    endloop
  endfacet
  facet normal 0.0489565 -0.998801 0
    outer loop
      vertex -3 74 0
      vertex -2.54912 74.0221 38
      vertex -3 74 38
    endloop
  endfacet
  facet normal 0.0489565 -0.998801 0
    outer loop
      vertex -2.54912 74.0221 38
      vertex -3 74 0
      vertex -2.54912 74.0221 0
    endloop
  endfacet
  facet normal 0.147241 -0.989101 0
    outer loop
      vertex -2.54912 74.0221 0
      vertex -2.39999 74.0443 38
      vertex -2.54912 74.0221 38
    endloop
  endfacet
  facet normal 0.147241 -0.989101 0
    outer loop
      vertex -2.39999 74.0443 38
      vertex -2.54912 74.0221 0
      vertex -2.39999 74.0443 0
    endloop
  endfacet
  facet normal -1 0 0
    outer loop
      vertex -2.39999 1.55573 0
      vertex -2.39999 74.0443 38
      vertex -2.39999 74.0443 0
    endloop
  endfacet
  facet normal -1 -0 0
    outer loop
      vertex -2.39999 74.0443 38
      vertex -2.39999 1.55573 0
      vertex -2.39999 1.55573 38
    endloop
  endfacet
  facet normal 0.146657 0.989187 -0
    outer loop
      vertex -2.39999 1.55573 0
      vertex -2.54912 1.57784 38
      vertex -2.39999 1.55573 38
    endloop
  endfacet
  facet normal 0.146657 0.989187 0
    outer loop
      vertex -2.54912 1.57784 38
      vertex -2.39999 1.55573 0
      vertex -2.54912 1.57784 0
    endloop
  endfacet
  facet normal 0.049067 0.998795 -0
    outer loop
      vertex -2.54912 1.57784 0
      vertex -3 1.59999 38
      vertex -2.54912 1.57784 38
    endloop
  endfacet
  facet normal 0.049067 0.998795 0
    outer loop
      vertex -3 1.59999 38
      vertex -2.54912 1.57784 0
      vertex -3 1.59999 0
    endloop
  endfacet
  facet normal -0.0490681 0.998795 0
    outer loop
      vertex -3 1.59999 0
      vertex -3.45087 1.57784 38
      vertex -3 1.59999 38
    endloop
  endfacet
  facet normal -0.0490681 0.998795 0
    outer loop
      vertex -3.45087 1.57784 38
      vertex -3 1.59999 0
      vertex -3.45087 1.57784 0
    endloop
  endfacet
  facet normal -0.14671 0.98918 0
    outer loop
      vertex -3.45087 1.57784 0
      vertex -3.89742 1.51161 38
      vertex -3.45087 1.57784 38
    endloop
  endfacet
  facet normal -0.14671 0.98918 0
    outer loop
      vertex -3.89742 1.51161 38
      vertex -3.45087 1.57784 0
      vertex -3.89742 1.51161 0
    endloop
  endfacet
  facet normal -0.242994 0.970028 0
    outer loop
      vertex -3.89742 1.51161 0
      vertex -4.3353 1.40192 38
      vertex -3.89742 1.51161 38
    endloop
  endfacet
  facet normal -0.242994 0.970028 0
    outer loop
      vertex -4.3353 1.40192 38
      vertex -3.89742 1.51161 0
      vertex -4.3353 1.40192 0
    endloop
  endfacet
  facet normal -0.336913 0.941536 0
    outer loop
      vertex -4.3353 1.40192 0
      vertex -4.76033 1.24983 38
      vertex -4.3353 1.40192 38
    endloop
  endfacet
  facet normal -0.336913 0.941536 0
    outer loop
      vertex -4.76033 1.24983 38
      vertex -4.3353 1.40192 0
      vertex -4.76033 1.24983 0
    endloop
  endfacet
  facet normal -0.42756 0.903987 0
    outer loop
      vertex -4.76033 1.24983 0
      vertex -5.16841 1.05682 38
      vertex -4.76033 1.24983 38
    endloop
  endfacet
  facet normal -0.42756 0.903987 0
    outer loop
      vertex -5.16841 1.05682 38
      vertex -4.76033 1.24983 0
      vertex -5.16841 1.05682 0
    endloop
  endfacet
  facet normal -0.514074 0.857746 0
    outer loop
      vertex -5.16841 1.05682 0
      vertex -5.55562 0.824753 38
      vertex -5.16841 1.05682 38
    endloop
  endfacet
  facet normal -0.514074 0.857746 0
    outer loop
      vertex -5.55562 0.824753 38
      vertex -5.16841 1.05682 0
      vertex -5.55562 0.824753 0
    endloop
  endfacet
  facet normal -0.595697 0.803209 0
    outer loop
      vertex -5.55562 0.824753 0
      vertex -5.9182 0.555847 38
      vertex -5.55562 0.824753 38
    endloop
  endfacet
  facet normal -0.595697 0.803209 0
    outer loop
      vertex -5.9182 0.555847 38
      vertex -5.55562 0.824753 0
      vertex -5.9182 0.555847 0
    endloop
  endfacet
  facet normal -0.671555 0.740955 0
    outer loop
      vertex -5.9182 0.555847 0
      vertex -6.25269 0.252686 38
      vertex -5.9182 0.555847 38
    endloop
  endfacet
  facet normal -0.671555 0.740955 0
    outer loop
      vertex -6.25269 0.252686 38
      vertex -5.9182 0.555847 0
      vertex -6.25269 0.252686 0
    endloop
  endfacet
  facet normal -0.740939 0.671573 0
    outer loop
      vertex -6.55585 -0.0817871 0
      vertex -6.25269 0.252686 38
      vertex -6.25269 0.252686 0
    endloop
  endfacet
  facet normal -0.740939 0.671573 0
    outer loop
      vertex -6.25269 0.252686 38
      vertex -6.55585 -0.0817871 0
      vertex -6.55585 -0.0817871 38
    endloop
  endfacet
  facet normal -0.803215 0.59569 0
    outer loop
      vertex -6.82475 -0.444366 0
      vertex -6.55585 -0.0817871 38
      vertex -6.55585 -0.0817871 0
    endloop
  endfacet
  facet normal -0.803215 0.59569 0
    outer loop
      vertex -6.55585 -0.0817871 38
      vertex -6.82475 -0.444366 0
      vertex -6.82475 -0.444366 38
    endloop
  endfacet
  facet normal -0.857741 0.514082 0
    outer loop
      vertex -7.05682 -0.831573 0
      vertex -6.82475 -0.444366 38
      vertex -6.82475 -0.444366 0
    endloop
  endfacet
  facet normal -0.857741 0.514082 0
    outer loop
      vertex -6.82475 -0.444366 38
      vertex -7.05682 -0.831573 0
      vertex -7.05682 -0.831573 38
    endloop
  endfacet
  facet normal -0.903986 0.427562 0
    outer loop
      vertex -7.24983 -1.23965 0
      vertex -7.05682 -0.831573 38
      vertex -7.05682 -0.831573 0
    endloop
  endfacet
  facet normal -0.903986 0.427562 0
    outer loop
      vertex -7.05682 -0.831573 38
      vertex -7.24983 -1.23965 0
      vertex -7.24983 -1.23965 38
    endloop
  endfacet
  facet normal -0.941538 0.336906 0
    outer loop
      vertex -7.40192 -1.66469 0
      vertex -7.24983 -1.23965 38
      vertex -7.24983 -1.23965 0
    endloop
  endfacet
  facet normal -0.941538 0.336906 0
    outer loop
      vertex -7.24983 -1.23965 38
      vertex -7.40192 -1.66469 0
      vertex -7.40192 -1.66469 38
    endloop
  endfacet
  facet normal -0.970028 0.242994 0
    outer loop
      vertex -7.51161 -2.10257 0
      vertex -7.40192 -1.66469 38
      vertex -7.40192 -1.66469 0
    endloop
  endfacet
  facet normal -0.970028 0.242994 0
    outer loop
      vertex -7.40192 -1.66469 38
      vertex -7.51161 -2.10257 0
      vertex -7.51161 -2.10257 38
    endloop
  endfacet
  facet normal -0.98918 0.14671 0
    outer loop
      vertex -7.57784 -2.54912 0
      vertex -7.51161 -2.10257 38
      vertex -7.51161 -2.10257 0
    endloop
  endfacet
  facet normal -0.98918 0.14671 0
    outer loop
      vertex -7.51161 -2.10257 38
      vertex -7.57784 -2.54912 0
      vertex -7.57784 -2.54912 38
    endloop
  endfacet
  facet normal -0.998795 0.049067 0
    outer loop
      vertex -7.59999 -3 0
      vertex -7.57784 -2.54912 38
      vertex -7.57784 -2.54912 0
    endloop
  endfacet
  facet normal -0.998795 0.049067 0
    outer loop
      vertex -7.57784 -2.54912 38
      vertex -7.59999 -3 0
      vertex -7.59999 -3 38
    endloop
  endfacet
  facet normal -0.998795 -0.0490681 0
    outer loop
      vertex -7.57784 -3.45087 0
      vertex -7.59999 -3 38
      vertex -7.59999 -3 0
    endloop
  endfacet
  facet normal -0.998795 -0.0490681 0
    outer loop
      vertex -7.59999 -3 38
      vertex -7.57784 -3.45087 0
      vertex -7.57784 -3.45087 38
    endloop
  endfacet
  facet normal -0.98918 -0.14671 0
    outer loop
      vertex -7.51161 -3.89742 0
      vertex -7.57784 -3.45087 38
      vertex -7.57784 -3.45087 0
    endloop
  endfacet
  facet normal -0.98918 -0.14671 0
    outer loop
      vertex -7.57784 -3.45087 38
      vertex -7.51161 -3.89742 0
      vertex -7.51161 -3.89742 38
    endloop
  endfacet
  facet normal -0.970028 -0.242994 0
    outer loop
      vertex -7.40192 -4.3353 0
      vertex -7.51161 -3.89742 38
      vertex -7.51161 -3.89742 0
    endloop
  endfacet
  facet normal -0.970028 -0.242994 0
    outer loop
      vertex -7.51161 -3.89742 38
      vertex -7.40192 -4.3353 0
      vertex -7.40192 -4.3353 38
    endloop
  endfacet
  facet normal -0.941536 -0.336913 0
    outer loop
      vertex -7.24983 -4.76033 0
      vertex -7.40192 -4.3353 38
      vertex -7.40192 -4.3353 0
    endloop
  endfacet
  facet normal -0.941536 -0.336913 0
    outer loop
      vertex -7.40192 -4.3353 38
      vertex -7.24983 -4.76033 0
      vertex -7.24983 -4.76033 38
    endloop
  endfacet
  facet normal -0.903987 -0.42756 0
    outer loop
      vertex -7.05682 -5.16841 0
      vertex -7.24983 -4.76033 38
      vertex -7.24983 -4.76033 0
    endloop
  endfacet
  facet normal -0.903987 -0.42756 0
    outer loop
      vertex -7.24983 -4.76033 38
      vertex -7.05682 -5.16841 0
      vertex -7.05682 -5.16841 38
    endloop
  endfacet
  facet normal -0.857743 -0.514079 0
    outer loop
      vertex -6.82475 -5.55562 0
      vertex -7.05682 -5.16841 38
      vertex -7.05682 -5.16841 0
    endloop
  endfacet
  facet normal -0.857743 -0.514079 0
    outer loop
      vertex -7.05682 -5.16841 38
      vertex -6.82475 -5.55562 0
      vertex -6.82475 -5.55562 38
    endloop
  endfacet
  facet normal -0.803216 -0.595688 0
    outer loop
      vertex -6.55585 -5.9182 0
      vertex -6.82475 -5.55562 38
      vertex -6.82475 -5.55562 0
    endloop
  endfacet
  facet normal -0.803216 -0.595688 0
    outer loop
      vertex -6.82475 -5.55562 38
      vertex -6.55585 -5.9182 0
      vertex -6.55585 -5.9182 38
    endloop
  endfacet
  facet normal -0.740956 -0.671554 0
    outer loop
      vertex -6.25269 -6.25269 0
      vertex -6.55585 -5.9182 38
      vertex -6.55585 -5.9182 0
    endloop
  endfacet
  facet normal -0.740956 -0.671554 0
    outer loop
      vertex -6.55585 -5.9182 38
      vertex -6.25269 -6.25269 0
      vertex -6.25269 -6.25269 38
    endloop
  endfacet
  facet normal -0.671554 -0.740956 0
    outer loop
      vertex -6.25269 -6.25269 0
      vertex -5.9182 -6.55585 38
      vertex -6.25269 -6.25269 38
    endloop
  endfacet
  facet normal -0.671554 -0.740956 -0
    outer loop
      vertex -5.9182 -6.55585 38
      vertex -6.25269 -6.25269 0
      vertex -5.9182 -6.55585 0
    endloop
  endfacet
  facet normal -0.595688 -0.803216 0
    outer loop
      vertex -5.9182 -6.55585 0
      vertex -5.55562 -6.82475 38
      vertex -5.9182 -6.55585 38
    endloop
  endfacet
  facet normal -0.595688 -0.803216 -0
    outer loop
      vertex -5.55562 -6.82475 38
      vertex -5.9182 -6.55585 0
      vertex -5.55562 -6.82475 0
    endloop
  endfacet
  facet normal -0.514079 -0.857743 0
    outer loop
      vertex -5.55562 -6.82475 0
      vertex -5.16841 -7.05682 38
      vertex -5.55562 -6.82475 38
    endloop
  endfacet
  facet normal -0.514079 -0.857743 -0
    outer loop
      vertex -5.16841 -7.05682 38
      vertex -5.55562 -6.82475 0
      vertex -5.16841 -7.05682 0
    endloop
  endfacet
  facet normal -0.42756 -0.903987 0
    outer loop
      vertex -5.16841 -7.05682 0
      vertex -4.76033 -7.24983 38
      vertex -5.16841 -7.05682 38
    endloop
  endfacet
  facet normal -0.42756 -0.903987 -0
    outer loop
      vertex -4.76033 -7.24983 38
      vertex -5.16841 -7.05682 0
      vertex -4.76033 -7.24983 0
    endloop
  endfacet
  facet normal -0.336913 -0.941536 0
    outer loop
      vertex -4.76033 -7.24983 0
      vertex -4.3353 -7.40192 38
      vertex -4.76033 -7.24983 38
    endloop
  endfacet
  facet normal -0.336913 -0.941536 -0
    outer loop
      vertex -4.3353 -7.40192 38
      vertex -4.76033 -7.24983 0
      vertex -4.3353 -7.40192 0
    endloop
  endfacet
  facet normal -0.242994 -0.970028 0
    outer loop
      vertex -4.3353 -7.40192 0
      vertex -3.89742 -7.51161 38
      vertex -4.3353 -7.40192 38
    endloop
  endfacet
  facet normal -0.242994 -0.970028 -0
    outer loop
      vertex -3.89742 -7.51161 38
      vertex -4.3353 -7.40192 0
      vertex -3.89742 -7.51161 0
    endloop
  endfacet
  facet normal -0.14671 -0.98918 0
    outer loop
      vertex -3.89742 -7.51161 0
      vertex -3.45087 -7.57784 38
      vertex -3.89742 -7.51161 38
    endloop
  endfacet
  facet normal -0.14671 -0.98918 -0
    outer loop
      vertex -3.45087 -7.57784 38
      vertex -3.89742 -7.51161 0
      vertex -3.45087 -7.57784 0
    endloop
  endfacet
  facet normal -0.0490681 -0.998795 0
    outer loop
      vertex -3.45087 -7.57784 0
      vertex -3 -7.59999 38
      vertex -3.45087 -7.57784 38
    endloop
  endfacet
  facet normal -0.0490681 -0.998795 -0
    outer loop
      vertex -3 -7.59999 38
      vertex -3.45087 -7.57784 0
      vertex -3 -7.59999 0
    endloop
  endfacet
  facet normal 0.049067 -0.998795 0
    outer loop
      vertex -3 -7.59999 0
      vertex -2.54912 -7.57784 38
      vertex -3 -7.59999 38
    endloop
  endfacet
  facet normal 0.049067 -0.998795 0
    outer loop
      vertex -2.54912 -7.57784 38
      vertex -3 -7.59999 0
      vertex -2.54912 -7.57784 0
    endloop
  endfacet
  facet normal 0.14671 -0.98918 0
    outer loop
      vertex -2.54912 -7.57784 0
      vertex -2.10257 -7.51161 38
      vertex -2.54912 -7.57784 38
    endloop
  endfacet
  facet normal 0.14671 -0.98918 0
    outer loop
      vertex -2.10257 -7.51161 38
      vertex -2.54912 -7.57784 0
      vertex -2.10257 -7.51161 0
    endloop
  endfacet
  facet normal 0.242994 -0.970028 0
    outer loop
      vertex -2.10257 -7.51161 0
      vertex -1.66469 -7.40192 38
      vertex -2.10257 -7.51161 38
    endloop
  endfacet
  facet normal 0.242994 -0.970028 0
    outer loop
      vertex -1.66469 -7.40192 38
      vertex -2.10257 -7.51161 0
      vertex -1.66469 -7.40192 0
    endloop
  endfacet
  facet normal 0.336906 -0.941538 0
    outer loop
      vertex -1.66469 -7.40192 0
      vertex -1.23965 -7.24983 38
      vertex -1.66469 -7.40192 38
    endloop
  endfacet
  facet normal 0.336906 -0.941538 0
    outer loop
      vertex -1.23965 -7.24983 38
      vertex -1.66469 -7.40192 0
      vertex -1.23965 -7.24983 0
    endloop
  endfacet
  facet normal 0.427562 -0.903986 0
    outer loop
      vertex -1.23965 -7.24983 0
      vertex -0.831573 -7.05682 38
      vertex -1.23965 -7.24983 38
    endloop
  endfacet
  facet normal 0.427562 -0.903986 0
    outer loop
      vertex -0.831573 -7.05682 38
      vertex -1.23965 -7.24983 0
      vertex -0.831573 -7.05682 0
    endloop
  endfacet
  facet normal 0.514082 -0.857741 0
    outer loop
      vertex -0.831573 -7.05682 0
      vertex -0.444366 -6.82475 38
      vertex -0.831573 -7.05682 38
    endloop
  endfacet
  facet normal 0.514082 -0.857741 0
    outer loop
      vertex -0.444366 -6.82475 38
      vertex -0.831573 -7.05682 0
      vertex -0.444366 -6.82475 0
    endloop
  endfacet
  facet normal 0.59569 -0.803215 0
    outer loop
      vertex -0.444366 -6.82475 0
      vertex -0.0817871 -6.55585 38
      vertex -0.444366 -6.82475 38
    endloop
  endfacet
  facet normal 0.59569 -0.803215 0
    outer loop
      vertex -0.0817871 -6.55585 38
      vertex -0.444366 -6.82475 0
      vertex -0.0817871 -6.55585 0
    endloop
  endfacet
  facet normal 0.671573 -0.740939 0
    outer loop
      vertex -0.0817871 -6.55585 0
      vertex 0.252686 -6.25269 38
      vertex -0.0817871 -6.55585 38
    endloop
  endfacet
  facet normal 0.671573 -0.740939 0
    outer loop
      vertex 0.252686 -6.25269 38
      vertex -0.0817871 -6.55585 0
      vertex 0.252686 -6.25269 0
    endloop
  endfacet
  facet normal 0.740955 -0.671555 0
    outer loop
      vertex 0.252686 -6.25269 38
      vertex 0.555847 -5.9182 0
      vertex 0.555847 -5.9182 38
    endloop
  endfacet
  facet normal 0.740955 -0.671555 0
    outer loop
      vertex 0.555847 -5.9182 0
      vertex 0.252686 -6.25269 38
      vertex 0.252686 -6.25269 0
    endloop
  endfacet
  facet normal 0.803209 -0.595697 0
    outer loop
      vertex 0.555847 -5.9182 38
      vertex 0.824753 -5.55562 0
      vertex 0.824753 -5.55562 38
    endloop
  endfacet
  facet normal 0.803209 -0.595697 0
    outer loop
      vertex 0.824753 -5.55562 0
      vertex 0.555847 -5.9182 38
      vertex 0.555847 -5.9182 0
    endloop
  endfacet
  facet normal 0.857746 -0.514074 0
    outer loop
      vertex 0.824753 -5.55562 38
      vertex 1.05682 -5.16841 0
      vertex 1.05682 -5.16841 38
    endloop
  endfacet
  facet normal 0.857746 -0.514074 0
    outer loop
      vertex 1.05682 -5.16841 0
      vertex 0.824753 -5.55562 38
      vertex 0.824753 -5.55562 0
    endloop
  endfacet
  facet normal 0.903987 -0.42756 0
    outer loop
      vertex 1.05682 -5.16841 38
      vertex 1.24983 -4.76033 0
      vertex 1.24983 -4.76033 38
    endloop
  endfacet
  facet normal 0.903987 -0.42756 0
    outer loop
      vertex 1.24983 -4.76033 0
      vertex 1.05682 -5.16841 38
      vertex 1.05682 -5.16841 0
    endloop
  endfacet
  facet normal 0.941536 -0.336913 0
    outer loop
      vertex 1.24983 -4.76033 38
      vertex 1.40192 -4.3353 0
      vertex 1.40192 -4.3353 38
    endloop
  endfacet
  facet normal 0.941536 -0.336913 0
    outer loop
      vertex 1.40192 -4.3353 0
      vertex 1.24983 -4.76033 38
      vertex 1.24983 -4.76033 0
    endloop
  endfacet
  facet normal 0.970028 -0.242994 0
    outer loop
      vertex 1.40192 -4.3353 38
      vertex 1.51161 -3.89742 0
      vertex 1.51161 -3.89742 38
    endloop
  endfacet
  facet normal 0.970028 -0.242994 0
    outer loop
      vertex 1.51161 -3.89742 0
      vertex 1.40192 -4.3353 38
      vertex 1.40192 -4.3353 0
    endloop
  endfacet
  facet normal 0.98918 -0.14671 0
    outer loop
      vertex 1.51161 -3.89742 38
      vertex 1.57784 -3.45087 0
      vertex 1.57784 -3.45087 38
    endloop
  endfacet
  facet normal 0.98918 -0.14671 0
    outer loop
      vertex 1.57784 -3.45087 0
      vertex 1.51161 -3.89742 38
      vertex 1.51161 -3.89742 0
    endloop
  endfacet
  facet normal 0.998795 -0.0490681 0
    outer loop
      vertex 1.57784 -3.45087 38
      vertex 1.59999 -3 0
      vertex 1.59999 -3 38
    endloop
  endfacet
  facet normal 0.998795 -0.0490681 0
    outer loop
      vertex 1.59999 -3 0
      vertex 1.57784 -3.45087 38
      vertex 1.57784 -3.45087 0
    endloop
  endfacet
  facet normal 0.998795 0.049067 0
    outer loop
      vertex 1.59999 -3 38
      vertex 1.57784 -2.54912 0
      vertex 1.57784 -2.54912 38
    endloop
  endfacet
  facet normal 0.998795 0.049067 0
    outer loop
      vertex 1.57784 -2.54912 0
      vertex 1.59999 -3 38
      vertex 1.59999 -3 0
    endloop
  endfacet
  facet normal 0.989187 0.146657 0
    outer loop
      vertex 1.57784 -2.54912 38
      vertex 1.55573 -2.39999 0
      vertex 1.55573 -2.39999 38
    endloop
  endfacet
  facet normal 0.989187 0.146657 0
    outer loop
      vertex 1.55573 -2.39999 0
      vertex 1.57784 -2.54912 38
      vertex 1.57784 -2.54912 0
    endloop
  endfacet
  facet normal 0 -1 0
    outer loop
      vertex 131.49 -2.39999 12.9616
      vertex 154.044 -2.39999 38
      vertex 131.296 -2.39999 12.9904
    endloop
  endfacet
  facet normal 0 -1 0
    outer loop
      vertex 154.044 -2.39999 38
      vertex 140.904 -2.39999 12.9904
      vertex 141.1 -2.39999 13
    endloop
  endfacet
  facet normal 0 -1 0
    outer loop
      vertex 140.71 -2.39999 12.9616
      vertex 154.044 -2.39999 38
      vertex 131.49 -2.39999 12.9616
    endloop
  endfacet
  facet normal 0 -1 0
    outer loop
      vertex 154.044 -2.39999 38
      vertex 140.71 -2.39999 12.9616
      vertex 140.904 -2.39999 12.9904
    endloop
  endfacet
  facet normal 0 -1 0
    outer loop
      vertex 131.681 -2.39999 12.9139
      vertex 140.71 -2.39999 12.9616
      vertex 131.49 -2.39999 12.9616
    endloop
  endfacet
  facet normal 0 -1 0
    outer loop
      vertex 131.681 -2.39999 12.9139
      vertex 140.519 -2.39999 12.9139
      vertex 140.71 -2.39999 12.9616
    endloop
  endfacet
  facet normal 0 -1 0
    outer loop
      vertex 131.865 -2.39999 12.8478
      vertex 140.519 -2.39999 12.9139
      vertex 131.681 -2.39999 12.9139
    endloop
  endfacet
  facet normal 0 -1 0
    outer loop
      vertex 131.865 -2.39999 12.8478
      vertex 140.335 -2.39999 12.8478
      vertex 140.519 -2.39999 12.9139
    endloop
  endfacet
  facet normal 0 -1 0
    outer loop
      vertex 132.043 -2.39999 12.7638
      vertex 140.335 -2.39999 12.8478
      vertex 131.865 -2.39999 12.8478
    endloop
  endfacet
  facet normal 0 -1 0
    outer loop
      vertex 132.043 -2.39999 12.7638
      vertex 140.157 -2.39999 12.7638
      vertex 140.335 -2.39999 12.8478
    endloop
  endfacet
  facet normal 0 -1 0
    outer loop
      vertex 132.211 -2.39999 12.6629
      vertex 140.157 -2.39999 12.7638
      vertex 132.043 -2.39999 12.7638
    endloop
  endfacet
  facet normal 0 -1 0
    outer loop
      vertex 132.211 -2.39999 12.6629
      vertex 139.989 -2.39999 12.6629
      vertex 140.157 -2.39999 12.7638
    endloop
  endfacet
  facet normal 0 -1 0
    outer loop
      vertex 132.369 -2.39999 12.546
      vertex 139.989 -2.39999 12.6629
      vertex 132.211 -2.39999 12.6629
    endloop
  endfacet
  facet normal 0 -1 0
    outer loop
      vertex 132.369 -2.39999 12.546
      vertex 139.831 -2.39999 12.546
      vertex 139.989 -2.39999 12.6629
    endloop
  endfacet
  facet normal 0 -1 0
    outer loop
      vertex 132.514 -2.39999 12.4142
      vertex 139.831 -2.39999 12.546
      vertex 132.369 -2.39999 12.546
    endloop
  endfacet
  facet normal 0 -1 0
    outer loop
      vertex 132.514 -2.39999 12.4142
      vertex 139.686 -2.39999 12.4142
      vertex 139.831 -2.39999 12.546
    endloop
  endfacet
  facet normal 0 -1 0
    outer loop
      vertex 132.646 -2.39999 12.2688
      vertex 139.686 -2.39999 12.4142
      vertex 132.514 -2.39999 12.4142
    endloop
  endfacet
  facet normal 0 -1 0
    outer loop
      vertex 132.646 -2.39999 12.2688
      vertex 139.554 -2.39999 12.2688
      vertex 139.686 -2.39999 12.4142
    endloop
  endfacet
  facet normal 0 -1 0
    outer loop
      vertex 132.763 -2.39999 12.1111
      vertex 139.554 -2.39999 12.2688
      vertex 132.646 -2.39999 12.2688
    endloop
  endfacet
  facet normal 0 -1 0
    outer loop
      vertex 132.763 -2.39999 12.1111
      vertex 139.437 -2.39999 12.1111
      vertex 139.554 -2.39999 12.2688
    endloop
  endfacet
  facet normal 0 -1 0
    outer loop
      vertex 132.864 -2.39999 11.9428
      vertex 139.437 -2.39999 12.1111
      vertex 132.763 -2.39999 12.1111
    endloop
  endfacet
  facet normal 0 -1 0
    outer loop
      vertex 132.864 -2.39999 11.9428
      vertex 139.336 -2.39999 11.9428
      vertex 139.437 -2.39999 12.1111
    endloop
  endfacet
  facet normal 0 -1 0
    outer loop
      vertex 132.948 -2.39999 11.7654
      vertex 139.336 -2.39999 11.9428
      vertex 132.864 -2.39999 11.9428
    endloop
  endfacet
  facet normal 0 -1 0
    outer loop
      vertex 132.948 -2.39999 11.7654
      vertex 139.252 -2.39999 11.7654
      vertex 139.336 -2.39999 11.9428
    endloop
  endfacet
  facet normal 0 -1 0
    outer loop
      vertex 133.014 -2.39999 11.5806
      vertex 139.252 -2.39999 11.7654
      vertex 132.948 -2.39999 11.7654
    endloop
  endfacet
  facet normal 0 -1 0
    outer loop
      vertex 133.014 -2.39999 11.5806
      vertex 139.186 -2.39999 11.5806
      vertex 139.252 -2.39999 11.7654
    endloop
  endfacet
  facet normal 0 -1 0
    outer loop
      vertex 133.062 -2.39999 11.3902
      vertex 139.186 -2.39999 11.5806
      vertex 133.014 -2.39999 11.5806
    endloop
  endfacet
  facet normal 0 -1 0
    outer loop
      vertex 133.062 -2.39999 11.3902
      vertex 139.138 -2.39999 11.3902
      vertex 139.186 -2.39999 11.5806
    endloop
  endfacet
  facet normal 0 -1 0
    outer loop
      vertex 133.09 -2.39999 11.196
      vertex 139.138 -2.39999 11.3902
      vertex 133.062 -2.39999 11.3902
    endloop
  endfacet
  facet normal 0 -1 0
    outer loop
      vertex 133.09 -2.39999 11.196
      vertex 139.11 -2.39999 11.196
      vertex 139.138 -2.39999 11.3902
    endloop
  endfacet
  facet normal 0 -1 0
    outer loop
      vertex 133.1 -2.39999 11
      vertex 139.11 -2.39999 11.196
      vertex 133.09 -2.39999 11.196
    endloop
  endfacet
  facet normal 0 -1 0
    outer loop
      vertex 133.1 -2.39999 11
      vertex 139.1 -2.39999 11
      vertex 139.11 -2.39999 11.196
    endloop
  endfacet
  facet normal 0 -1 0
    outer loop
      vertex 133.09 -2.39999 10.804
      vertex 139.1 -2.39999 11
      vertex 133.1 -2.39999 11
    endloop
  endfacet
  facet normal 0 -1 0
    outer loop
      vertex 133.09 -2.39999 10.804
      vertex 139.11 -2.39999 10.804
      vertex 139.1 -2.39999 11
    endloop
  endfacet
  facet normal 0 -1 0
    outer loop
      vertex 133.062 -2.39999 10.6098
      vertex 139.11 -2.39999 10.804
      vertex 133.09 -2.39999 10.804
    endloop
  endfacet
  facet normal 0 -1 0
    outer loop
      vertex 133.062 -2.39999 10.6098
      vertex 139.138 -2.39999 10.6098
      vertex 139.11 -2.39999 10.804
    endloop
  endfacet
  facet normal 0 -1 0
    outer loop
      vertex 133.014 -2.39999 10.4194
      vertex 139.138 -2.39999 10.6098
      vertex 133.062 -2.39999 10.6098
    endloop
  endfacet
  facet normal 0 -1 0
    outer loop
      vertex 133.014 -2.39999 10.4194
      vertex 139.186 -2.39999 10.4194
      vertex 139.138 -2.39999 10.6098
    endloop
  endfacet
  facet normal 0 -1 0
    outer loop
      vertex 132.948 -2.39999 10.2346
      vertex 139.186 -2.39999 10.4194
      vertex 133.014 -2.39999 10.4194
    endloop
  endfacet
  facet normal 0 -1 0
    outer loop
      vertex 132.948 -2.39999 10.2346
      vertex 139.252 -2.39999 10.2346
      vertex 139.186 -2.39999 10.4194
    endloop
  endfacet
  facet normal 0 -1 0
    outer loop
      vertex 132.864 -2.39999 10.0572
      vertex 139.252 -2.39999 10.2346
      vertex 132.948 -2.39999 10.2346
    endloop
  endfacet
  facet normal 0 -1 0
    outer loop
      vertex 132.864 -2.39999 10.0572
      vertex 139.336 -2.39999 10.0572
      vertex 139.252 -2.39999 10.2346
    endloop
  endfacet
  facet normal 0 -1 0
    outer loop
      vertex 132.763 -2.39999 9.88886
      vertex 139.336 -2.39999 10.0572
      vertex 132.864 -2.39999 10.0572
    endloop
  endfacet
  facet normal 0 -1 0
    outer loop
      vertex 132.763 -2.39999 9.88886
      vertex 139.437 -2.39999 9.88886
      vertex 139.336 -2.39999 10.0572
    endloop
  endfacet
  facet normal 0 -1 0
    outer loop
      vertex 132.646 -2.39999 9.73121
      vertex 139.437 -2.39999 9.88886
      vertex 132.763 -2.39999 9.88886
    endloop
  endfacet
  facet normal 0 -1 0
    outer loop
      vertex 132.646 -2.39999 9.73121
      vertex 139.554 -2.39999 9.73121
      vertex 139.437 -2.39999 9.88886
    endloop
  endfacet
  facet normal 0 -1 0
    outer loop
      vertex 132.514 -2.39999 9.58579
      vertex 139.554 -2.39999 9.73121
      vertex 132.646 -2.39999 9.73121
    endloop
  endfacet
  facet normal 0 -1 0
    outer loop
      vertex 132.514 -2.39999 9.58579
      vertex 139.686 -2.39999 9.58579
      vertex 139.554 -2.39999 9.73121
    endloop
  endfacet
  facet normal 0 -1 0
    outer loop
      vertex 132.369 -2.39999 9.45398
      vertex 139.686 -2.39999 9.58579
      vertex 132.514 -2.39999 9.58579
    endloop
  endfacet
  facet normal 0 -1 0
    outer loop
      vertex 132.369 -2.39999 9.45398
      vertex 139.831 -2.39999 9.45398
      vertex 139.686 -2.39999 9.58579
    endloop
  endfacet
  facet normal 0 -1 0
    outer loop
      vertex 132.211 -2.39999 9.33706
      vertex 139.831 -2.39999 9.45398
      vertex 132.369 -2.39999 9.45398
    endloop
  endfacet
  facet normal 0 -1 0
    outer loop
      vertex 132.211 -2.39999 9.33706
      vertex 139.989 -2.39999 9.33706
      vertex 139.831 -2.39999 9.45398
    endloop
  endfacet
  facet normal 0 -1 0
    outer loop
      vertex 132.043 -2.39999 9.23616
      vertex 139.989 -2.39999 9.33706
      vertex 132.211 -2.39999 9.33706
    endloop
  endfacet
  facet normal 0 -1 0
    outer loop
      vertex 132.043 -2.39999 9.23616
      vertex 140.157 -2.39999 9.23616
      vertex 139.989 -2.39999 9.33706
    endloop
  endfacet
  facet normal 0 -1 0
    outer loop
      vertex 131.865 -2.39999 9.15224
      vertex 140.157 -2.39999 9.23616
      vertex 132.043 -2.39999 9.23616
    endloop
  endfacet
  facet normal 0 -1 0
    outer loop
      vertex 131.865 -2.39999 9.15224
      vertex 140.335 -2.39999 9.15224
      vertex 140.157 -2.39999 9.23616
    endloop
  endfacet
  facet normal 0 -1 0
    outer loop
      vertex 131.681 -2.39999 9.08612
      vertex 140.335 -2.39999 9.15224
      vertex 131.865 -2.39999 9.15224
    endloop
  endfacet
  facet normal 0 -1 0
    outer loop
      vertex 131.681 -2.39999 9.08612
      vertex 140.519 -2.39999 9.08612
      vertex 140.335 -2.39999 9.15224
    endloop
  endfacet
  facet normal 0 -1 0
    outer loop
      vertex 131.49 -2.39999 9.03843
      vertex 140.519 -2.39999 9.08612
      vertex 131.681 -2.39999 9.08612
    endloop
  endfacet
  facet normal 0 -1 0
    outer loop
      vertex 131.49 -2.39999 9.03843
      vertex 140.71 -2.39999 9.03843
      vertex 140.519 -2.39999 9.08612
    endloop
  endfacet
  facet normal 0 -1 0
    outer loop
      vertex 154.044 -2.39999 0
      vertex 131.49 -2.39999 9.03843
      vertex 131.296 -2.39999 9.00963
    endloop
  endfacet
  facet normal 0 -1 0
    outer loop
      vertex 131.49 -2.39999 9.03843
      vertex 154.044 -2.39999 0
      vertex 140.71 -2.39999 9.03843
    endloop
  endfacet
  facet normal 0 -1 0
    outer loop
      vertex 154.044 -2.39999 0
      vertex 131.296 -2.39999 9.00963
      vertex 131.1 -2.39999 9
    endloop
  endfacet
  facet normal 0 -1 0
    outer loop
      vertex 140.71 -2.39999 9.03843
      vertex 154.044 -2.39999 0
      vertex 140.904 -2.39999 9.00963
    endloop
  endfacet
  facet normal 0 -1 0
    outer loop
      vertex 129.989 -2.39999 12.6629
      vertex 154.044 -2.39999 38
      vertex 1.55573 -2.39999 38
    endloop
  endfacet
  facet normal 0 -1 0
    outer loop
      vertex 154.044 -2.39999 38
      vertex 130.904 -2.39999 12.9904
      vertex 131.1 -2.39999 13
    endloop
  endfacet
  facet normal 0 -1 0
    outer loop
      vertex 154.044 -2.39999 38
      vertex 130.71 -2.39999 12.9616
      vertex 130.904 -2.39999 12.9904
    endloop
  endfacet
  facet normal 0 -1 0
    outer loop
      vertex 154.044 -2.39999 38
      vertex 130.519 -2.39999 12.9139
      vertex 130.71 -2.39999 12.9616
    endloop
  endfacet
  facet normal 0 -1 0
    outer loop
      vertex 154.044 -2.39999 38
      vertex 130.335 -2.39999 12.8478
      vertex 130.519 -2.39999 12.9139
    endloop
  endfacet
  facet normal 0 -1 0
    outer loop
      vertex 154.044 -2.39999 38
      vertex 130.157 -2.39999 12.7638
      vertex 130.335 -2.39999 12.8478
    endloop
  endfacet
  facet normal 0 -1 0
    outer loop
      vertex 154.044 -2.39999 38
      vertex 129.989 -2.39999 12.6629
      vertex 130.157 -2.39999 12.7638
    endloop
  endfacet
  facet normal 0 -1 0
    outer loop
      vertex 1.55573 -2.39999 38
      vertex 129.831 -2.39999 12.546
      vertex 129.989 -2.39999 12.6629
    endloop
  endfacet
  facet normal 0 -1 0
    outer loop
      vertex 1.55573 -2.39999 38
      vertex 129.686 -2.39999 12.4142
      vertex 129.831 -2.39999 12.546
    endloop
  endfacet
  facet normal 0 -1 0
    outer loop
      vertex 1.55573 -2.39999 38
      vertex 129.554 -2.39999 12.2688
      vertex 129.686 -2.39999 12.4142
    endloop
  endfacet
  facet normal 0 -1 0
    outer loop
      vertex 1.55573 -2.39999 38
      vertex 129.437 -2.39999 12.1111
      vertex 129.554 -2.39999 12.2688
    endloop
  endfacet
  facet normal 0 -1 0
    outer loop
      vertex 1.55573 -2.39999 38
      vertex 129.336 -2.39999 11.9428
      vertex 129.437 -2.39999 12.1111
    endloop
  endfacet
  facet normal 0 -1 0
    outer loop
      vertex 1.55573 -2.39999 38
      vertex 129.252 -2.39999 11.7654
      vertex 129.336 -2.39999 11.9428
    endloop
  endfacet
  facet normal 0 -1 0
    outer loop
      vertex 1.55573 -2.39999 38
      vertex 129.186 -2.39999 11.5806
      vertex 129.252 -2.39999 11.7654
    endloop
  endfacet
  facet normal 0 -1 0
    outer loop
      vertex 1.55573 -2.39999 38
      vertex 129.138 -2.39999 11.3902
      vertex 129.186 -2.39999 11.5806
    endloop
  endfacet
  facet normal 0 -1 0
    outer loop
      vertex 1.55573 -2.39999 38
      vertex 129.11 -2.39999 11.196
      vertex 129.138 -2.39999 11.3902
    endloop
  endfacet
  facet normal 0 -1 0
    outer loop
      vertex 1.55573 -2.39999 0
      vertex 129.11 -2.39999 11.196
      vertex 1.55573 -2.39999 38
    endloop
  endfacet
  facet normal 0 -1 0
    outer loop
      vertex 129.11 -2.39999 11.196
      vertex 1.55573 -2.39999 0
      vertex 129.1 -2.39999 11
    endloop
  endfacet
  facet normal 0 -1 -0
    outer loop
      vertex 129.1 -2.39999 11
      vertex 1.55573 -2.39999 0
      vertex 129.11 -2.39999 10.804
    endloop
  endfacet
  facet normal 0 -1 -0
    outer loop
      vertex 129.11 -2.39999 10.804
      vertex 1.55573 -2.39999 0
      vertex 129.138 -2.39999 10.6098
    endloop
  endfacet
  facet normal 0 -1 -0
    outer loop
      vertex 129.138 -2.39999 10.6098
      vertex 1.55573 -2.39999 0
      vertex 129.186 -2.39999 10.4194
    endloop
  endfacet
  facet normal 0 -1 -0
    outer loop
      vertex 129.186 -2.39999 10.4194
      vertex 1.55573 -2.39999 0
      vertex 129.252 -2.39999 10.2346
    endloop
  endfacet
  facet normal 0 -1 -0
    outer loop
      vertex 129.252 -2.39999 10.2346
      vertex 1.55573 -2.39999 0
      vertex 129.336 -2.39999 10.0572
    endloop
  endfacet
  facet normal 0 -1 -0
    outer loop
      vertex 129.336 -2.39999 10.0572
      vertex 1.55573 -2.39999 0
      vertex 129.437 -2.39999 9.88886
    endloop
  endfacet
  facet normal 0 -1 -0
    outer loop
      vertex 129.437 -2.39999 9.88886
      vertex 1.55573 -2.39999 0
      vertex 129.554 -2.39999 9.73121
    endloop
  endfacet
  facet normal 0 -1 -0
    outer loop
      vertex 129.554 -2.39999 9.73121
      vertex 1.55573 -2.39999 0
      vertex 129.686 -2.39999 9.58579
    endloop
  endfacet
  facet normal 0 -1 -0
    outer loop
      vertex 129.686 -2.39999 9.58579
      vertex 1.55573 -2.39999 0
      vertex 129.831 -2.39999 9.45398
    endloop
  endfacet
  facet normal 0 -1 -0
    outer loop
      vertex 129.831 -2.39999 9.45398
      vertex 1.55573 -2.39999 0
      vertex 129.989 -2.39999 9.33706
    endloop
  endfacet
  facet normal 0 -1 -0
    outer loop
      vertex 129.989 -2.39999 9.33706
      vertex 1.55573 -2.39999 0
      vertex 130.157 -2.39999 9.23616
    endloop
  endfacet
  facet normal 0 -1 -0
    outer loop
      vertex 130.157 -2.39999 9.23616
      vertex 1.55573 -2.39999 0
      vertex 130.335 -2.39999 9.15224
    endloop
  endfacet
  facet normal 0 -1 -0
    outer loop
      vertex 130.335 -2.39999 9.15224
      vertex 1.55573 -2.39999 0
      vertex 130.519 -2.39999 9.08612
    endloop
  endfacet
  facet normal 0 -1 0
    outer loop
      vertex 130.904 -2.39999 9.00963
      vertex 154.044 -2.39999 0
      vertex 131.1 -2.39999 9
    endloop
  endfacet
  facet normal 0 -1 0
    outer loop
      vertex 130.71 -2.39999 9.03843
      vertex 154.044 -2.39999 0
      vertex 130.904 -2.39999 9.00963
    endloop
  endfacet
  facet normal 0 -1 0
    outer loop
      vertex 130.519 -2.39999 9.08612
      vertex 154.044 -2.39999 0
      vertex 130.71 -2.39999 9.03843
    endloop
  endfacet
  facet normal 0 -1 0
    outer loop
      vertex 154.044 -2.39999 0
      vertex 130.519 -2.39999 9.08612
      vertex 1.55573 -2.39999 0
    endloop
  endfacet
  facet normal 0 -1 0
    outer loop
      vertex 131.296 -2.39999 12.9904
      vertex 154.044 -2.39999 38
      vertex 131.1 -2.39999 13
    endloop
  endfacet
  facet normal 0 -1 0
    outer loop
      vertex 141.296 -2.39999 12.9904
      vertex 154.044 -2.39999 38
      vertex 141.1 -2.39999 13
    endloop
  endfacet
  facet normal 0 -1 0
    outer loop
      vertex 141.49 -2.39999 12.9616
      vertex 154.044 -2.39999 38
      vertex 141.296 -2.39999 12.9904
    endloop
  endfacet
  facet normal 0 -1 0
    outer loop
      vertex 141.681 -2.39999 12.9139
      vertex 154.044 -2.39999 38
      vertex 141.49 -2.39999 12.9616
    endloop
  endfacet
  facet normal 0 -1 0
    outer loop
      vertex 141.865 -2.39999 12.8478
      vertex 154.044 -2.39999 38
      vertex 141.681 -2.39999 12.9139
    endloop
  endfacet
  facet normal 0 -1 0
    outer loop
      vertex 142.043 -2.39999 12.7638
      vertex 154.044 -2.39999 38
      vertex 141.865 -2.39999 12.8478
    endloop
  endfacet
  facet normal 0 -1 0
    outer loop
      vertex 142.211 -2.39999 12.6629
      vertex 154.044 -2.39999 38
      vertex 142.043 -2.39999 12.7638
    endloop
  endfacet
  facet normal 0 -1 0
    outer loop
      vertex 142.369 -2.39999 12.546
      vertex 154.044 -2.39999 38
      vertex 142.211 -2.39999 12.6629
    endloop
  endfacet
  facet normal 0 -1 0
    outer loop
      vertex 142.514 -2.39999 12.4142
      vertex 154.044 -2.39999 38
      vertex 142.369 -2.39999 12.546
    endloop
  endfacet
  facet normal 0 -1 0
    outer loop
      vertex 142.646 -2.39999 12.2688
      vertex 154.044 -2.39999 38
      vertex 142.514 -2.39999 12.4142
    endloop
  endfacet
  facet normal 0 -1 0
    outer loop
      vertex 142.763 -2.39999 12.1111
      vertex 154.044 -2.39999 38
      vertex 142.646 -2.39999 12.2688
    endloop
  endfacet
  facet normal 0 -1 0
    outer loop
      vertex 142.864 -2.39999 11.9428
      vertex 154.044 -2.39999 38
      vertex 142.763 -2.39999 12.1111
    endloop
  endfacet
  facet normal 0 -1 0
    outer loop
      vertex 142.948 -2.39999 11.7654
      vertex 154.044 -2.39999 38
      vertex 142.864 -2.39999 11.9428
    endloop
  endfacet
  facet normal 0 -1 0
    outer loop
      vertex 154.044 -2.39999 0
      vertex 142.948 -2.39999 11.7654
      vertex 143.014 -2.39999 11.5806
    endloop
  endfacet
  facet normal 0 -1 0
    outer loop
      vertex 154.044 -2.39999 0
      vertex 143.014 -2.39999 11.5806
      vertex 143.062 -2.39999 11.3902
    endloop
  endfacet
  facet normal 0 -1 0
    outer loop
      vertex 154.044 -2.39999 0
      vertex 143.062 -2.39999 11.3902
      vertex 143.09 -2.39999 11.196
    endloop
  endfacet
  facet normal 0 -1 0
    outer loop
      vertex 154.044 -2.39999 0
      vertex 143.09 -2.39999 11.196
      vertex 143.1 -2.39999 11
    endloop
  endfacet
  facet normal 0 -1 0
    outer loop
      vertex 154.044 -2.39999 0
      vertex 143.1 -2.39999 11
      vertex 143.09 -2.39999 10.804
    endloop
  endfacet
  facet normal 0 -1 0
    outer loop
      vertex 154.044 -2.39999 0
      vertex 143.09 -2.39999 10.804
      vertex 143.062 -2.39999 10.6098
    endloop
  endfacet
  facet normal 0 -1 0
    outer loop
      vertex 154.044 -2.39999 0
      vertex 143.062 -2.39999 10.6098
      vertex 143.014 -2.39999 10.4194
    endloop
  endfacet
  facet normal 0 -1 0
    outer loop
      vertex 154.044 -2.39999 0
      vertex 143.014 -2.39999 10.4194
      vertex 142.948 -2.39999 10.2346
    endloop
  endfacet
  facet normal 0 -1 0
    outer loop
      vertex 140.904 -2.39999 9.00963
      vertex 154.044 -2.39999 0
      vertex 141.1 -2.39999 9
    endloop
  endfacet
  facet normal 0 -1 0
    outer loop
      vertex 142.948 -2.39999 11.7654
      vertex 154.044 -2.39999 0
      vertex 154.044 -2.39999 38
    endloop
  endfacet
  facet normal 0 -1 0
    outer loop
      vertex 142.864 -2.39999 10.0572
      vertex 154.044 -2.39999 0
      vertex 142.948 -2.39999 10.2346
    endloop
  endfacet
  facet normal 0 -1 0
    outer loop
      vertex 142.763 -2.39999 9.88886
      vertex 154.044 -2.39999 0
      vertex 142.864 -2.39999 10.0572
    endloop
  endfacet
  facet normal 0 -1 0
    outer loop
      vertex 142.646 -2.39999 9.73121
      vertex 154.044 -2.39999 0
      vertex 142.763 -2.39999 9.88886
    endloop
  endfacet
  facet normal 0 -1 0
    outer loop
      vertex 142.514 -2.39999 9.58579
      vertex 154.044 -2.39999 0
      vertex 142.646 -2.39999 9.73121
    endloop
  endfacet
  facet normal 0 -1 0
    outer loop
      vertex 142.369 -2.39999 9.45398
      vertex 154.044 -2.39999 0
      vertex 142.514 -2.39999 9.58579
    endloop
  endfacet
  facet normal 0 -1 0
    outer loop
      vertex 142.211 -2.39999 9.33706
      vertex 154.044 -2.39999 0
      vertex 142.369 -2.39999 9.45398
    endloop
  endfacet
  facet normal 0 -1 0
    outer loop
      vertex 142.043 -2.39999 9.23616
      vertex 154.044 -2.39999 0
      vertex 142.211 -2.39999 9.33706
    endloop
  endfacet
  facet normal 0 -1 0
    outer loop
      vertex 141.865 -2.39999 9.15224
      vertex 154.044 -2.39999 0
      vertex 142.043 -2.39999 9.23616
    endloop
  endfacet
  facet normal 0 -1 0
    outer loop
      vertex 141.681 -2.39999 9.08612
      vertex 154.044 -2.39999 0
      vertex 141.865 -2.39999 9.15224
    endloop
  endfacet
  facet normal 0 -1 0
    outer loop
      vertex 141.49 -2.39999 9.03843
      vertex 154.044 -2.39999 0
      vertex 141.681 -2.39999 9.08612
    endloop
  endfacet
  facet normal 0 -1 0
    outer loop
      vertex 141.296 -2.39999 9.00963
      vertex 154.044 -2.39999 0
      vertex 141.49 -2.39999 9.03843
    endloop
  endfacet
  facet normal 0 -1 0
    outer loop
      vertex 141.1 -2.39999 9
      vertex 154.044 -2.39999 0
      vertex 141.296 -2.39999 9.00963
    endloop
  endfacet
  facet normal -0.989293 0.145943 0
    outer loop
      vertex 154.022 -2.54912 0
      vertex 154.044 -2.39999 38
      vertex 154.044 -2.39999 0
    endloop
  endfacet
  facet normal -0.989293 0.145943 0
    outer loop
      vertex 154.044 -2.39999 38
      vertex 154.022 -2.54912 0
      vertex 154.022 -2.54912 38
    endloop
  endfacet
  facet normal -0.998812 0.0487355 0
    outer loop
      vertex 154 -3 0
      vertex 154.022 -2.54912 38
      vertex 154.022 -2.54912 0
    endloop
  endfacet
  facet normal -0.998812 0.0487355 0
    outer loop
      vertex 154.022 -2.54912 38
      vertex 154 -3 0
      vertex 154 -3 38
    endloop
  endfacet
  facet normal -0.998812 -0.0487366 0
    outer loop
      vertex 154.022 -3.45087 0
      vertex 154 -3 38
      vertex 154 -3 0
    endloop
  endfacet
  facet normal -0.998812 -0.0487366 0
    outer loop
      vertex 154 -3 38
      vertex 154.022 -3.45087 0
      vertex 154.022 -3.45087 38
    endloop
  endfacet
  facet normal -0.989253 -0.146211 0
    outer loop
      vertex 154.088 -3.89742 0
      vertex 154.022 -3.45087 38
      vertex 154.022 -3.45087 0
    endloop
  endfacet
  facet normal -0.989253 -0.146211 0
    outer loop
      vertex 154.022 -3.45087 38
      vertex 154.088 -3.89742 0
      vertex 154.088 -3.89742 38
    endloop
  endfacet
  facet normal -0.969866 -0.24364 0
    outer loop
      vertex 154.198 -4.3353 0
      vertex 154.088 -3.89742 38
      vertex 154.088 -3.89742 0
    endloop
  endfacet
  facet normal -0.969866 -0.24364 0
    outer loop
      vertex 154.088 -3.89742 38
      vertex 154.198 -4.3353 0
      vertex 154.198 -4.3353 38
    endloop
  endfacet
  facet normal -0.941599 -0.336736 0
    outer loop
      vertex 154.35 -4.76033 0
      vertex 154.198 -4.3353 38
      vertex 154.198 -4.3353 0
    endloop
  endfacet
  facet normal -0.941599 -0.336736 0
    outer loop
      vertex 154.198 -4.3353 38
      vertex 154.35 -4.76033 0
      vertex 154.35 -4.76033 38
    endloop
  endfacet
  facet normal -0.903996 -0.427542 0
    outer loop
      vertex 154.543 -5.16841 0
      vertex 154.35 -4.76033 38
      vertex 154.35 -4.76033 0
    endloop
  endfacet
  facet normal -0.903996 -0.427542 0
    outer loop
      vertex 154.35 -4.76033 38
      vertex 154.543 -5.16841 0
      vertex 154.543 -5.16841 38
    endloop
  endfacet
  facet normal -0.857811 -0.513965 0
    outer loop
      vertex 154.775 -5.55562 0
      vertex 154.543 -5.16841 38
      vertex 154.543 -5.16841 0
    endloop
  endfacet
  facet normal -0.857811 -0.513965 0
    outer loop
      vertex 154.543 -5.16841 38
      vertex 154.775 -5.55562 0
      vertex 154.775 -5.55562 38
    endloop
  endfacet
  facet normal -0.80311 -0.595831 0
    outer loop
      vertex 155.044 -5.9182 0
      vertex 154.775 -5.55562 38
      vertex 154.775 -5.55562 0
    endloop
  endfacet
  facet normal -0.80311 -0.595831 0
    outer loop
      vertex 154.775 -5.55562 38
      vertex 155.044 -5.9182 0
      vertex 155.044 -5.9182 38
    endloop
  endfacet
  facet normal -0.741132 -0.671359 0
    outer loop
      vertex 155.347 -6.25269 0
      vertex 155.044 -5.9182 38
      vertex 155.044 -5.9182 0
    endloop
  endfacet
  facet normal -0.741132 -0.671359 0
    outer loop
      vertex 155.044 -5.9182 38
      vertex 155.347 -6.25269 0
      vertex 155.347 -6.25269 38
    endloop
  endfacet
  facet normal -0.670992 -0.741464 0
    outer loop
      vertex 155.347 -6.25269 0
      vertex 155.682 -6.55585 38
      vertex 155.347 -6.25269 38
    endloop
  endfacet
  facet normal -0.670992 -0.741464 -0
    outer loop
      vertex 155.682 -6.55585 38
      vertex 155.347 -6.25269 0
      vertex 155.682 -6.55585 0
    endloop
  endfacet
  facet normal -0.596304 -0.802759 0
    outer loop
      vertex 155.682 -6.55585 0
      vertex 156.044 -6.82475 38
      vertex 155.682 -6.55585 38
    endloop
  endfacet
  facet normal -0.596304 -0.802759 -0
    outer loop
      vertex 156.044 -6.82475 38
      vertex 155.682 -6.55585 0
      vertex 156.044 -6.82475 0
    endloop
  endfacet
  facet normal -0.513308 -0.858204 0
    outer loop
      vertex 156.044 -6.82475 0
      vertex 156.432 -7.05682 38
      vertex 156.044 -6.82475 38
    endloop
  endfacet
  facet normal -0.513308 -0.858204 -0
    outer loop
      vertex 156.432 -7.05682 38
      vertex 156.044 -6.82475 0
      vertex 156.432 -7.05682 0
    endloop
  endfacet
  facet normal -0.427628 -0.903955 0
    outer loop
      vertex 156.432 -7.05682 0
      vertex 156.84 -7.24983 38
      vertex 156.432 -7.05682 38
    endloop
  endfacet
  facet normal -0.427628 -0.903955 -0
    outer loop
      vertex 156.84 -7.24983 38
      vertex 156.432 -7.05682 0
      vertex 156.84 -7.24983 0
    endloop
  endfacet
  facet normal -0.336934 -0.941528 0
    outer loop
      vertex 156.84 -7.24983 0
      vertex 157.265 -7.40192 38
      vertex 156.84 -7.24983 38
    endloop
  endfacet
  facet normal -0.336934 -0.941528 -0
    outer loop
      vertex 157.265 -7.40192 38
      vertex 156.84 -7.24983 0
      vertex 157.265 -7.40192 0
    endloop
  endfacet
  facet normal -0.242932 -0.970043 0
    outer loop
      vertex 157.265 -7.40192 0
      vertex 157.703 -7.51161 38
      vertex 157.265 -7.40192 38
    endloop
  endfacet
  facet normal -0.242932 -0.970043 -0
    outer loop
      vertex 157.703 -7.51161 38
      vertex 157.265 -7.40192 0
      vertex 157.703 -7.51161 0
    endloop
  endfacet
  facet normal -0.146887 -0.989153 0
    outer loop
      vertex 157.703 -7.51161 0
      vertex 158.149 -7.57784 38
      vertex 157.703 -7.51161 38
    endloop
  endfacet
  facet normal -0.146887 -0.989153 -0
    outer loop
      vertex 158.149 -7.57784 38
      vertex 157.703 -7.51161 0
      vertex 158.149 -7.57784 0
    endloop
  endfacet
  facet normal -0.049054 -0.998796 0
    outer loop
      vertex 158.149 -7.57784 0
      vertex 158.6 -7.59999 38
      vertex 158.149 -7.57784 38
    endloop
  endfacet
  facet normal -0.049054 -0.998796 -0
    outer loop
      vertex 158.6 -7.59999 38
      vertex 158.149 -7.57784 0
      vertex 158.6 -7.59999 0
    endloop
  endfacet
  facet normal 0.049054 -0.998796 0
    outer loop
      vertex 158.6 -7.59999 0
      vertex 159.051 -7.57784 38
      vertex 158.6 -7.59999 38
    endloop
  endfacet
  facet normal 0.049054 -0.998796 0
    outer loop
      vertex 159.051 -7.57784 38
      vertex 158.6 -7.59999 0
      vertex 159.051 -7.57784 0
    endloop
  endfacet
  facet normal -1 0 0
    outer loop
      vertex 155.6 0 2
      vertex 155.6 75.6 38
      vertex 155.6 75.6 2
    endloop
  endfacet
  facet normal -1 -0 0
    outer loop
      vertex 155.6 75.6 38
      vertex 155.6 0 2
      vertex 155.6 0 38
    endloop
  endfacet
  facet normal -0 0 1
    outer loop
      vertex 0 75.6 2
      vertex 0.799999 70.6 2
      vertex 0.799999 75.6 2
    endloop
  endfacet
  facet normal 0 0 1
    outer loop
      vertex 0.799999 70.6 2
      vertex 0 75.6 2
      vertex 0.799999 5 2
    endloop
  endfacet
  facet normal 0 0 1
    outer loop
      vertex 0 0 2
      vertex 0.799999 5 2
      vertex 0 75.6 2
    endloop
  endfacet
  facet normal 0 0 1
    outer loop
      vertex 0.799999 5 2
      vertex 0 0 2
      vertex 0.799999 0 2
    endloop
  endfacet
  facet normal -0 0 1
    outer loop
      vertex 0.799999 70.6 2
      vertex 91.8 5 2
      vertex 91.8 70.6 2
    endloop
  endfacet
  facet normal 0 0 1
    outer loop
      vertex 91.8 5 2
      vertex 0.799999 70.6 2
      vertex 0.799999 5 2
    endloop
  endfacet
  facet normal 0 0 1
    outer loop
      vertex 114.6 9 2
      vertex 133.1 17 2
      vertex 114.6 66.6 2
    endloop
  endfacet
  facet normal 0 0 1
    outer loop
      vertex 133.1 17 2
      vertex 114.6 9 2
      vertex 116.6 9 2
    endloop
  endfacet
  facet normal -0 0 1
    outer loop
      vertex 133.1 13.5 2
      vertex 139.1 6.5 2
      vertex 139.1 13.5 2
    endloop
  endfacet
  facet normal 0 0 1
    outer loop
      vertex 139.1 6.5 2
      vertex 133.1 13.5 2
      vertex 133.1 6.5 2
    endloop
  endfacet
  facet normal 0 0 1
    outer loop
      vertex 155.6 75.6 2
      vertex 139.1 17 2
      vertex 155.6 0 2
    endloop
  endfacet
  facet normal -0 0 1
    outer loop
      vertex 116.6 66.6 2
      vertex 139.1 17 2
      vertex 155.6 75.6 2
    endloop
  endfacet
  facet normal 0 0 1
    outer loop
      vertex 116.6 9 2
      vertex 133.1 13.5 2
      vertex 133.1 17 2
    endloop
  endfacet
  facet normal 0 0 1
    outer loop
      vertex 133.1 13.5 2
      vertex 116.6 9 2
      vertex 133.1 6.5 2
    endloop
  endfacet
  facet normal 0 0 1
    outer loop
      vertex 139.1 17 2
      vertex 116.6 66.6 2
      vertex 133.1 17 2
    endloop
  endfacet
  facet normal 0 0 1
    outer loop
      vertex 116.6 66.6 2
      vertex 155.6 75.6 2
      vertex 116.6 70.6 2
    endloop
  endfacet
  facet normal -0 0 1
    outer loop
      vertex 91.8 75.6 2
      vertex 116.6 70.6 2
      vertex 155.6 75.6 2
    endloop
  endfacet
  facet normal -0 0 1
    outer loop
      vertex 91.8 70.6 2
      vertex 114.6 66.6 2
      vertex 114.6 70.6 2
    endloop
  endfacet
  facet normal 0 0 1
    outer loop
      vertex 114.6 66.6 2
      vertex 91.8 70.6 2
      vertex 114.6 9 2
    endloop
  endfacet
  facet normal 0 0 1
    outer loop
      vertex 91.8 70.6 2
      vertex 114.6 70.6 2
      vertex 91.8 75.6 2
    endloop
  endfacet
  facet normal 0 0 1
    outer loop
      vertex 116.6 70.6 2
      vertex 91.8 75.6 2
      vertex 114.6 70.6 2
    endloop
  endfacet
  facet normal -0 0 1
    outer loop
      vertex 139.1 13.5 2
      vertex 155.6 0 2
      vertex 139.1 17 2
    endloop
  endfacet
  facet normal -0 0 1
    outer loop
      vertex 139.1 6.5 2
      vertex 155.6 0 2
      vertex 139.1 13.5 2
    endloop
  endfacet
  facet normal -0 0 1
    outer loop
      vertex 139.1 3 2
      vertex 155.6 0 2
      vertex 139.1 6.5 2
    endloop
  endfacet
  facet normal -0 0 1
    outer loop
      vertex 133.1 3 2
      vertex 155.6 0 2
      vertex 139.1 3 2
    endloop
  endfacet
  facet normal -0 0 1
    outer loop
      vertex 114.6 66.6 2
      vertex 133.1 17 2
      vertex 116.6 66.6 2
    endloop
  endfacet
  facet normal 0 0 1
    outer loop
      vertex 116.6 5 2
      vertex 133.1 6.5 2
      vertex 116.6 9 2
    endloop
  endfacet
  facet normal 0 0 1
    outer loop
      vertex 133.1 6.5 2
      vertex 116.6 5 2
      vertex 133.1 3 2
    endloop
  endfacet
  facet normal 0 0 1
    outer loop
      vertex 91.8 0 2
      vertex 133.1 3 2
      vertex 116.6 5 2
    endloop
  endfacet
  facet normal 0 0 1
    outer loop
      vertex 91.8 0 2
      vertex 116.6 5 2
      vertex 114.6 5 2
    endloop
  endfacet
  facet normal 0 0 1
    outer loop
      vertex 91.8 5 2
      vertex 114.6 9 2
      vertex 91.8 70.6 2
    endloop
  endfacet
  facet normal 0 0 1
    outer loop
      vertex 114.6 9 2
      vertex 91.8 5 2
      vertex 114.6 5 2
    endloop
  endfacet
  facet normal 0 0 1
    outer loop
      vertex 91.8 0 2
      vertex 114.6 5 2
      vertex 91.8 5 2
    endloop
  endfacet
  facet normal 0 0 1
    outer loop
      vertex 133.1 3 2
      vertex 91.8 0 2
      vertex 155.6 0 2
    endloop
  endfacet
  facet normal 1 -0 0
    outer loop
      vertex 0 0 38
      vertex 0 75.6 2
      vertex 0 75.6 38
    endloop
  endfacet
  facet normal 1 0 0
    outer loop
      vertex 0 75.6 2
      vertex 0 0 38
      vertex 0 0 2
    endloop
  endfacet
  facet normal 0 -1 0
    outer loop
      vertex 91.8 75.6 14
      vertex 0 75.6 38
      vertex 0.799999 75.6 14
    endloop
  endfacet
  facet normal 0 -1 0
    outer loop
      vertex 0 75.6 2
      vertex 0.799999 75.6 14
      vertex 0 75.6 38
    endloop
  endfacet
  facet normal 0 -1 -0
    outer loop
      vertex 0.799999 75.6 14
      vertex 0 75.6 2
      vertex 0.799999 75.6 2
    endloop
  endfacet
  facet normal 0 -1 0
    outer loop
      vertex 0 75.6 38
      vertex 91.8 75.6 14
      vertex 155.6 75.6 38
    endloop
  endfacet
  facet normal 0 -1 0
    outer loop
      vertex 155.6 75.6 2
      vertex 91.8 75.6 14
      vertex 91.8 75.6 2
    endloop
  endfacet
  facet normal 0 -1 0
    outer loop
      vertex 91.8 75.6 14
      vertex 155.6 75.6 2
      vertex 155.6 75.6 38
    endloop
  endfacet
  facet normal 0 1 0
    outer loop
      vertex 140.71 0 12.9616
      vertex 155.6 0 38
      vertex 140.904 0 12.9904
    endloop
  endfacet
  facet normal 0 1 0
    outer loop
      vertex 155.6 0 38
      vertex 131.296 0 12.9904
      vertex 131.1 0 13
    endloop
  endfacet
  facet normal 0 1 0
    outer loop
      vertex 131.49 0 12.9616
      vertex 155.6 0 38
      vertex 140.71 0 12.9616
    endloop
  endfacet
  facet normal 0 1 0
    outer loop
      vertex 155.6 0 38
      vertex 131.49 0 12.9616
      vertex 131.296 0 12.9904
    endloop
  endfacet
  facet normal 0 1 -0
    outer loop
      vertex 140.519 0 12.9139
      vertex 131.49 0 12.9616
      vertex 140.71 0 12.9616
    endloop
  endfacet
  facet normal 0 1 0
    outer loop
      vertex 140.519 0 12.9139
      vertex 131.681 0 12.9139
      vertex 131.49 0 12.9616
    endloop
  endfacet
  facet normal 0 1 -0
    outer loop
      vertex 140.335 0 12.8478
      vertex 131.681 0 12.9139
      vertex 140.519 0 12.9139
    endloop
  endfacet
  facet normal 0 1 0
    outer loop
      vertex 140.335 0 12.8478
      vertex 131.865 0 12.8478
      vertex 131.681 0 12.9139
    endloop
  endfacet
  facet normal 0 1 -0
    outer loop
      vertex 140.157 0 12.7638
      vertex 131.865 0 12.8478
      vertex 140.335 0 12.8478
    endloop
  endfacet
  facet normal 0 1 0
    outer loop
      vertex 140.157 0 12.7638
      vertex 132.043 0 12.7638
      vertex 131.865 0 12.8478
    endloop
  endfacet
  facet normal 0 1 -0
    outer loop
      vertex 139.989 0 12.6629
      vertex 132.043 0 12.7638
      vertex 140.157 0 12.7638
    endloop
  endfacet
  facet normal 0 1 0
    outer loop
      vertex 139.989 0 12.6629
      vertex 132.211 0 12.6629
      vertex 132.043 0 12.7638
    endloop
  endfacet
  facet normal 0 1 -0
    outer loop
      vertex 139.831 0 12.546
      vertex 132.211 0 12.6629
      vertex 139.989 0 12.6629
    endloop
  endfacet
  facet normal 0 1 0
    outer loop
      vertex 139.831 0 12.546
      vertex 132.369 0 12.546
      vertex 132.211 0 12.6629
    endloop
  endfacet
  facet normal 0 1 -0
    outer loop
      vertex 139.686 0 12.4142
      vertex 132.369 0 12.546
      vertex 139.831 0 12.546
    endloop
  endfacet
  facet normal 0 1 0
    outer loop
      vertex 139.686 0 12.4142
      vertex 132.514 0 12.4142
      vertex 132.369 0 12.546
    endloop
  endfacet
  facet normal 0 1 -0
    outer loop
      vertex 139.554 0 12.2688
      vertex 132.514 0 12.4142
      vertex 139.686 0 12.4142
    endloop
  endfacet
  facet normal 0 1 0
    outer loop
      vertex 139.554 0 12.2688
      vertex 132.646 0 12.2688
      vertex 132.514 0 12.4142
    endloop
  endfacet
  facet normal 0 1 -0
    outer loop
      vertex 139.437 0 12.1111
      vertex 132.646 0 12.2688
      vertex 139.554 0 12.2688
    endloop
  endfacet
  facet normal 0 1 0
    outer loop
      vertex 139.437 0 12.1111
      vertex 132.763 0 12.1111
      vertex 132.646 0 12.2688
    endloop
  endfacet
  facet normal 0 1 -0
    outer loop
      vertex 139.336 0 11.9428
      vertex 132.763 0 12.1111
      vertex 139.437 0 12.1111
    endloop
  endfacet
  facet normal 0 1 0
    outer loop
      vertex 139.336 0 11.9428
      vertex 132.864 0 11.9428
      vertex 132.763 0 12.1111
    endloop
  endfacet
  facet normal 0 1 -0
    outer loop
      vertex 139.252 0 11.7654
      vertex 132.864 0 11.9428
      vertex 139.336 0 11.9428
    endloop
  endfacet
  facet normal 0 1 0
    outer loop
      vertex 139.252 0 11.7654
      vertex 132.948 0 11.7654
      vertex 132.864 0 11.9428
    endloop
  endfacet
  facet normal 0 1 -0
    outer loop
      vertex 139.186 0 11.5806
      vertex 132.948 0 11.7654
      vertex 139.252 0 11.7654
    endloop
  endfacet
  facet normal 0 1 0
    outer loop
      vertex 139.186 0 11.5806
      vertex 133.014 0 11.5806
      vertex 132.948 0 11.7654
    endloop
  endfacet
  facet normal 0 1 -0
    outer loop
      vertex 139.138 0 11.3902
      vertex 133.014 0 11.5806
      vertex 139.186 0 11.5806
    endloop
  endfacet
  facet normal 0 1 0
    outer loop
      vertex 139.138 0 11.3902
      vertex 133.062 0 11.3902
      vertex 133.014 0 11.5806
    endloop
  endfacet
  facet normal 0 1 -0
    outer loop
      vertex 139.11 0 11.196
      vertex 133.062 0 11.3902
      vertex 139.138 0 11.3902
    endloop
  endfacet
  facet normal 0 1 0
    outer loop
      vertex 139.11 0 11.196
      vertex 133.09 0 11.196
      vertex 133.062 0 11.3902
    endloop
  endfacet
  facet normal 0 1 -0
    outer loop
      vertex 139.1 0 11
      vertex 133.09 0 11.196
      vertex 139.11 0 11.196
    endloop
  endfacet
  facet normal 0 1 0
    outer loop
      vertex 139.1 0 11
      vertex 133.1 0 11
      vertex 133.09 0 11.196
    endloop
  endfacet
  facet normal 0 1 0
    outer loop
      vertex 139.11 0 10.804
      vertex 133.1 0 11
      vertex 139.1 0 11
    endloop
  endfacet
  facet normal 0 1 0
    outer loop
      vertex 139.11 0 10.804
      vertex 133.09 0 10.804
      vertex 133.1 0 11
    endloop
  endfacet
  facet normal 0 1 0
    outer loop
      vertex 139.138 0 10.6098
      vertex 133.09 0 10.804
      vertex 139.11 0 10.804
    endloop
  endfacet
  facet normal 0 1 0
    outer loop
      vertex 139.138 0 10.6098
      vertex 133.062 0 10.6098
      vertex 133.09 0 10.804
    endloop
  endfacet
  facet normal 0 1 0
    outer loop
      vertex 139.186 0 10.4194
      vertex 133.062 0 10.6098
      vertex 139.138 0 10.6098
    endloop
  endfacet
  facet normal 0 1 0
    outer loop
      vertex 139.186 0 10.4194
      vertex 133.014 0 10.4194
      vertex 133.062 0 10.6098
    endloop
  endfacet
  facet normal 0 1 0
    outer loop
      vertex 139.252 0 10.2346
      vertex 133.014 0 10.4194
      vertex 139.186 0 10.4194
    endloop
  endfacet
  facet normal 0 1 0
    outer loop
      vertex 139.252 0 10.2346
      vertex 132.948 0 10.2346
      vertex 133.014 0 10.4194
    endloop
  endfacet
  facet normal 0 1 0
    outer loop
      vertex 139.336 0 10.0572
      vertex 132.948 0 10.2346
      vertex 139.252 0 10.2346
    endloop
  endfacet
  facet normal 0 1 0
    outer loop
      vertex 139.336 0 10.0572
      vertex 132.864 0 10.0572
      vertex 132.948 0 10.2346
    endloop
  endfacet
  facet normal 0 1 0
    outer loop
      vertex 139.437 0 9.88886
      vertex 132.864 0 10.0572
      vertex 139.336 0 10.0572
    endloop
  endfacet
  facet normal 0 1 0
    outer loop
      vertex 139.437 0 9.88886
      vertex 132.763 0 9.88886
      vertex 132.864 0 10.0572
    endloop
  endfacet
  facet normal 0 1 0
    outer loop
      vertex 139.554 0 9.73121
      vertex 132.763 0 9.88886
      vertex 139.437 0 9.88886
    endloop
  endfacet
  facet normal 0 1 0
    outer loop
      vertex 139.554 0 9.73121
      vertex 132.646 0 9.73121
      vertex 132.763 0 9.88886
    endloop
  endfacet
  facet normal 0 1 0
    outer loop
      vertex 139.686 0 9.58579
      vertex 132.646 0 9.73121
      vertex 139.554 0 9.73121
    endloop
  endfacet
  facet normal 0 1 0
    outer loop
      vertex 139.686 0 9.58579
      vertex 132.514 0 9.58579
      vertex 132.646 0 9.73121
    endloop
  endfacet
  facet normal 0 1 0
    outer loop
      vertex 139.831 0 9.45398
      vertex 132.514 0 9.58579
      vertex 139.686 0 9.58579
    endloop
  endfacet
  facet normal 0 1 0
    outer loop
      vertex 139.831 0 9.45398
      vertex 132.369 0 9.45398
      vertex 132.514 0 9.58579
    endloop
  endfacet
  facet normal 0 1 0
    outer loop
      vertex 139.989 0 9.33706
      vertex 132.369 0 9.45398
      vertex 139.831 0 9.45398
    endloop
  endfacet
  facet normal 0 1 0
    outer loop
      vertex 139.989 0 9.33706
      vertex 132.211 0 9.33706
      vertex 132.369 0 9.45398
    endloop
  endfacet
  facet normal 0 1 0
    outer loop
      vertex 140.157 0 9.23616
      vertex 132.211 0 9.33706
      vertex 139.989 0 9.33706
    endloop
  endfacet
  facet normal 0 1 0
    outer loop
      vertex 140.157 0 9.23616
      vertex 132.043 0 9.23616
      vertex 132.211 0 9.33706
    endloop
  endfacet
  facet normal 0 1 0
    outer loop
      vertex 140.335 0 9.15224
      vertex 132.043 0 9.23616
      vertex 140.157 0 9.23616
    endloop
  endfacet
  facet normal 0 1 0
    outer loop
      vertex 140.335 0 9.15224
      vertex 131.865 0 9.15224
      vertex 132.043 0 9.23616
    endloop
  endfacet
  facet normal 0 1 0
    outer loop
      vertex 140.519 0 9.08612
      vertex 131.865 0 9.15224
      vertex 140.335 0 9.15224
    endloop
  endfacet
  facet normal 0 1 0
    outer loop
      vertex 140.519 0 9.08612
      vertex 131.681 0 9.08612
      vertex 131.865 0 9.15224
    endloop
  endfacet
  facet normal 0 1 0
    outer loop
      vertex 140.71 0 9.03843
      vertex 131.681 0 9.08612
      vertex 140.519 0 9.08612
    endloop
  endfacet
  facet normal 0 1 0
    outer loop
      vertex 140.71 0 9.03843
      vertex 131.49 0 9.03843
      vertex 131.681 0 9.08612
    endloop
  endfacet
  facet normal 0 1 0
    outer loop
      vertex 155.6 0 2
      vertex 140.71 0 9.03843
      vertex 140.904 0 9.00963
    endloop
  endfacet
  facet normal 0 1 0
    outer loop
      vertex 140.71 0 9.03843
      vertex 155.6 0 2
      vertex 131.49 0 9.03843
    endloop
  endfacet
  facet normal 0 1 0
    outer loop
      vertex 155.6 0 2
      vertex 140.904 0 9.00963
      vertex 141.1 0 9
    endloop
  endfacet
  facet normal 0 1 0
    outer loop
      vertex 131.49 0 9.03843
      vertex 155.6 0 2
      vertex 131.296 0 9.00963
    endloop
  endfacet
  facet normal 0 1 0
    outer loop
      vertex 155.6 0 38
      vertex 91.8 0 14
      vertex 0 0 38
    endloop
  endfacet
  facet normal 0 1 0
    outer loop
      vertex 140.904 0 12.9904
      vertex 155.6 0 38
      vertex 141.1 0 13
    endloop
  endfacet
  facet normal 0 1 0
    outer loop
      vertex 155.6 0 38
      vertex 141.296 0 12.9904
      vertex 141.1 0 13
    endloop
  endfacet
  facet normal 0 1 0
    outer loop
      vertex 155.6 0 38
      vertex 141.49 0 12.9616
      vertex 141.296 0 12.9904
    endloop
  endfacet
  facet normal 0 1 0
    outer loop
      vertex 155.6 0 38
      vertex 141.681 0 12.9139
      vertex 141.49 0 12.9616
    endloop
  endfacet
  facet normal 0 1 0
    outer loop
      vertex 155.6 0 38
      vertex 141.865 0 12.8478
      vertex 141.681 0 12.9139
    endloop
  endfacet
  facet normal 0 1 0
    outer loop
      vertex 155.6 0 38
      vertex 142.043 0 12.7638
      vertex 141.865 0 12.8478
    endloop
  endfacet
  facet normal 0 1 0
    outer loop
      vertex 155.6 0 38
      vertex 142.211 0 12.6629
      vertex 142.043 0 12.7638
    endloop
  endfacet
  facet normal 0 1 0
    outer loop
      vertex 155.6 0 38
      vertex 142.369 0 12.546
      vertex 142.211 0 12.6629
    endloop
  endfacet
  facet normal 0 1 0
    outer loop
      vertex 155.6 0 38
      vertex 142.514 0 12.4142
      vertex 142.369 0 12.546
    endloop
  endfacet
  facet normal 0 1 0
    outer loop
      vertex 155.6 0 38
      vertex 142.646 0 12.2688
      vertex 142.514 0 12.4142
    endloop
  endfacet
  facet normal 0 1 0
    outer loop
      vertex 155.6 0 38
      vertex 142.763 0 12.1111
      vertex 142.646 0 12.2688
    endloop
  endfacet
  facet normal 0 1 0
    outer loop
      vertex 155.6 0 38
      vertex 142.864 0 11.9428
      vertex 142.763 0 12.1111
    endloop
  endfacet
  facet normal 0 1 -0
    outer loop
      vertex 155.6 0 2
      vertex 142.864 0 11.9428
      vertex 155.6 0 38
    endloop
  endfacet
  facet normal 0 1 0
    outer loop
      vertex 142.864 0 11.9428
      vertex 155.6 0 2
      vertex 142.948 0 11.7654
    endloop
  endfacet
  facet normal 0 1 0
    outer loop
      vertex 142.948 0 11.7654
      vertex 155.6 0 2
      vertex 143.014 0 11.5806
    endloop
  endfacet
  facet normal 0 1 0
    outer loop
      vertex 143.014 0 11.5806
      vertex 155.6 0 2
      vertex 143.062 0 11.3902
    endloop
  endfacet
  facet normal 0 1 0
    outer loop
      vertex 143.062 0 11.3902
      vertex 155.6 0 2
      vertex 143.09 0 11.196
    endloop
  endfacet
  facet normal 0 1 0
    outer loop
      vertex 143.09 0 11.196
      vertex 155.6 0 2
      vertex 143.1 0 11
    endloop
  endfacet
  facet normal 0 1 0
    outer loop
      vertex 143.1 0 11
      vertex 155.6 0 2
      vertex 143.09 0 10.804
    endloop
  endfacet
  facet normal 0 1 0
    outer loop
      vertex 143.09 0 10.804
      vertex 155.6 0 2
      vertex 143.062 0 10.6098
    endloop
  endfacet
  facet normal 0 1 0
    outer loop
      vertex 143.062 0 10.6098
      vertex 155.6 0 2
      vertex 143.014 0 10.4194
    endloop
  endfacet
  facet normal 0 1 0
    outer loop
      vertex 131.296 0 9.00963
      vertex 155.6 0 2
      vertex 131.1 0 9
    endloop
  endfacet
  facet normal 0 1 0
    outer loop
      vertex 141.296 0 9.00963
      vertex 155.6 0 2
      vertex 141.1 0 9
    endloop
  endfacet
  facet normal 0 1 0
    outer loop
      vertex 141.49 0 9.03843
      vertex 155.6 0 2
      vertex 141.296 0 9.00963
    endloop
  endfacet
  facet normal 0 1 0
    outer loop
      vertex 141.681 0 9.08612
      vertex 155.6 0 2
      vertex 141.49 0 9.03843
    endloop
  endfacet
  facet normal 0 1 0
    outer loop
      vertex 141.865 0 9.15224
      vertex 155.6 0 2
      vertex 141.681 0 9.08612
    endloop
  endfacet
  facet normal 0 1 0
    outer loop
      vertex 142.043 0 9.23616
      vertex 155.6 0 2
      vertex 141.865 0 9.15224
    endloop
  endfacet
  facet normal 0 1 0
    outer loop
      vertex 142.211 0 9.33706
      vertex 155.6 0 2
      vertex 142.043 0 9.23616
    endloop
  endfacet
  facet normal 0 1 0
    outer loop
      vertex 142.369 0 9.45398
      vertex 155.6 0 2
      vertex 142.211 0 9.33706
    endloop
  endfacet
  facet normal 0 1 0
    outer loop
      vertex 142.514 0 9.58579
      vertex 155.6 0 2
      vertex 142.369 0 9.45398
    endloop
  endfacet
  facet normal 0 1 0
    outer loop
      vertex 142.646 0 9.73121
      vertex 155.6 0 2
      vertex 142.514 0 9.58579
    endloop
  endfacet
  facet normal 0 1 0
    outer loop
      vertex 142.763 0 9.88886
      vertex 155.6 0 2
      vertex 142.646 0 9.73121
    endloop
  endfacet
  facet normal 0 1 0
    outer loop
      vertex 142.864 0 10.0572
      vertex 155.6 0 2
      vertex 142.763 0 9.88886
    endloop
  endfacet
  facet normal 0 1 0
    outer loop
      vertex 142.948 0 10.2346
      vertex 155.6 0 2
      vertex 142.864 0 10.0572
    endloop
  endfacet
  facet normal 0 1 0
    outer loop
      vertex 143.014 0 10.4194
      vertex 155.6 0 2
      vertex 142.948 0 10.2346
    endloop
  endfacet
  facet normal 0 1 -0
    outer loop
      vertex 0.799999 0 14
      vertex 0 0 38
      vertex 91.8 0 14
    endloop
  endfacet
  facet normal 0 1 0
    outer loop
      vertex 0 0 2
      vertex 0.799999 0 14
      vertex 0.799999 0 2
    endloop
  endfacet
  facet normal 0 1 0
    outer loop
      vertex 0.799999 0 14
      vertex 0 0 2
      vertex 0 0 38
    endloop
  endfacet
  facet normal 0 1 0
    outer loop
      vertex 130.904 0 12.9904
      vertex 155.6 0 38
      vertex 131.1 0 13
    endloop
  endfacet
  facet normal 0 1 0
    outer loop
      vertex 130.71 0 12.9616
      vertex 155.6 0 38
      vertex 130.904 0 12.9904
    endloop
  endfacet
  facet normal 0 1 0
    outer loop
      vertex 130.519 0 12.9139
      vertex 155.6 0 38
      vertex 130.71 0 12.9616
    endloop
  endfacet
  facet normal 0 1 0
    outer loop
      vertex 130.335 0 12.8478
      vertex 155.6 0 38
      vertex 130.519 0 12.9139
    endloop
  endfacet
  facet normal 0 1 0
    outer loop
      vertex 155.6 0 38
      vertex 130.335 0 12.8478
      vertex 91.8 0 14
    endloop
  endfacet
  facet normal 0 1 -0
    outer loop
      vertex 130.157 0 12.7638
      vertex 91.8 0 14
      vertex 130.335 0 12.8478
    endloop
  endfacet
  facet normal 0 1 -0
    outer loop
      vertex 129.989 0 12.6629
      vertex 91.8 0 14
      vertex 130.157 0 12.7638
    endloop
  endfacet
  facet normal 0 1 -0
    outer loop
      vertex 129.831 0 12.546
      vertex 91.8 0 14
      vertex 129.989 0 12.6629
    endloop
  endfacet
  facet normal 0 1 -0
    outer loop
      vertex 129.686 0 12.4142
      vertex 91.8 0 14
      vertex 129.831 0 12.546
    endloop
  endfacet
  facet normal 0 1 -0
    outer loop
      vertex 129.554 0 12.2688
      vertex 91.8 0 14
      vertex 129.686 0 12.4142
    endloop
  endfacet
  facet normal 0 1 -0
    outer loop
      vertex 129.437 0 12.1111
      vertex 91.8 0 14
      vertex 129.554 0 12.2688
    endloop
  endfacet
  facet normal 0 1 -0
    outer loop
      vertex 129.336 0 11.9428
      vertex 91.8 0 14
      vertex 129.437 0 12.1111
    endloop
  endfacet
  facet normal 0 1 -0
    outer loop
      vertex 129.252 0 11.7654
      vertex 91.8 0 14
      vertex 129.336 0 11.9428
    endloop
  endfacet
  facet normal 0 1 -0
    outer loop
      vertex 129.186 0 11.5806
      vertex 91.8 0 14
      vertex 129.252 0 11.7654
    endloop
  endfacet
  facet normal 0 1 -0
    outer loop
      vertex 129.138 0 11.3902
      vertex 91.8 0 14
      vertex 129.186 0 11.5806
    endloop
  endfacet
  facet normal 0 1 -0
    outer loop
      vertex 129.11 0 11.196
      vertex 91.8 0 14
      vertex 129.138 0 11.3902
    endloop
  endfacet
  facet normal 0 1 -0
    outer loop
      vertex 129.1 0 11
      vertex 91.8 0 14
      vertex 129.11 0 11.196
    endloop
  endfacet
  facet normal 0 1 0
    outer loop
      vertex 129.11 0 10.804
      vertex 91.8 0 14
      vertex 129.1 0 11
    endloop
  endfacet
  facet normal 0 1 0
    outer loop
      vertex 129.138 0 10.6098
      vertex 91.8 0 14
      vertex 129.11 0 10.804
    endloop
  endfacet
  facet normal 0 1 0
    outer loop
      vertex 91.8 0 2
      vertex 129.138 0 10.6098
      vertex 129.186 0 10.4194
    endloop
  endfacet
  facet normal 0 1 0
    outer loop
      vertex 91.8 0 2
      vertex 129.186 0 10.4194
      vertex 129.252 0 10.2346
    endloop
  endfacet
  facet normal 0 1 0
    outer loop
      vertex 91.8 0 2
      vertex 129.252 0 10.2346
      vertex 129.336 0 10.0572
    endloop
  endfacet
  facet normal 0 1 0
    outer loop
      vertex 91.8 0 2
      vertex 129.336 0 10.0572
      vertex 129.437 0 9.88886
    endloop
  endfacet
  facet normal 0 1 0
    outer loop
      vertex 91.8 0 2
      vertex 129.437 0 9.88886
      vertex 129.554 0 9.73121
    endloop
  endfacet
  facet normal 0 1 0
    outer loop
      vertex 91.8 0 2
      vertex 129.554 0 9.73121
      vertex 129.686 0 9.58579
    endloop
  endfacet
  facet normal 0 1 0
    outer loop
      vertex 91.8 0 2
      vertex 129.686 0 9.58579
      vertex 129.831 0 9.45398
    endloop
  endfacet
  facet normal 0 1 0
    outer loop
      vertex 91.8 0 2
      vertex 129.831 0 9.45398
      vertex 129.989 0 9.33706
    endloop
  endfacet
  facet normal 0 1 0
    outer loop
      vertex 91.8 0 2
      vertex 129.989 0 9.33706
      vertex 130.157 0 9.23616
    endloop
  endfacet
  facet normal 0 1 0
    outer loop
      vertex 91.8 0 2
      vertex 130.157 0 9.23616
      vertex 130.335 0 9.15224
    endloop
  endfacet
  facet normal 0 1 0
    outer loop
      vertex 91.8 0 2
      vertex 130.335 0 9.15224
      vertex 130.519 0 9.08612
    endloop
  endfacet
  facet normal 0 1 0
    outer loop
      vertex 91.8 0 2
      vertex 130.519 0 9.08612
      vertex 130.71 0 9.03843
    endloop
  endfacet
  facet normal 0 1 0
    outer loop
      vertex 91.8 0 2
      vertex 130.71 0 9.03843
      vertex 130.904 0 9.00963
    endloop
  endfacet
  facet normal 0 1 0
    outer loop
      vertex 155.6 0 2
      vertex 130.904 0 9.00963
      vertex 131.1 0 9
    endloop
  endfacet
  facet normal 0 1 0
    outer loop
      vertex 91.8 0 2
      vertex 130.904 0 9.00963
      vertex 155.6 0 2
    endloop
  endfacet
  facet normal 0 1 0
    outer loop
      vertex 129.138 0 10.6098
      vertex 91.8 0 2
      vertex 91.8 0 14
    endloop
  endfacet
  facet normal 1 -0 0
    outer loop
      vertex 91.8 0 14
      vertex 91.8 5 2
      vertex 91.8 5 14
    endloop
  endfacet
  facet normal 1 0 0
    outer loop
      vertex 91.8 5 2
      vertex 91.8 0 14
      vertex 91.8 0 2
    endloop
  endfacet
  facet normal -0 0 1
    outer loop
      vertex 0.799999 5 14
      vertex 91.8 0 14
      vertex 91.8 5 14
    endloop
  endfacet
  facet normal 0 0 1
    outer loop
      vertex 91.8 0 14
      vertex 0.799999 5 14
      vertex 0.799999 0 14
    endloop
  endfacet
  facet normal -1 0 0
    outer loop
      vertex 0.799999 0 2
      vertex 0.799999 5 14
      vertex 0.799999 5 2
    endloop
  endfacet
  facet normal -1 -0 0
    outer loop
      vertex 0.799999 5 14
      vertex 0.799999 0 2
      vertex 0.799999 0 14
    endloop
  endfacet
  facet normal 0 1 -0
    outer loop
      vertex 91.8 5 2
      vertex 0.799999 5 14
      vertex 91.8 5 14
    endloop
  endfacet
  facet normal 0 1 0
    outer loop
      vertex 0.799999 5 14
      vertex 91.8 5 2
      vertex 0.799999 5 2
    endloop
  endfacet
  facet normal 1 -0 0
    outer loop
      vertex 91.8 70.6 14
      vertex 91.8 75.6 2
      vertex 91.8 75.6 14
    endloop
  endfacet
  facet normal 1 0 0
    outer loop
      vertex 91.8 75.6 2
      vertex 91.8 70.6 14
      vertex 91.8 70.6 2
    endloop
  endfacet
  facet normal -0 0 1
    outer loop
      vertex 0.799999 75.6 14
      vertex 91.8 70.6 14
      vertex 91.8 75.6 14
    endloop
  endfacet
  facet normal 0 0 1
    outer loop
      vertex 91.8 70.6 14
      vertex 0.799999 75.6 14
      vertex 0.799999 70.6 14
    endloop
  endfacet
  facet normal -1 0 0
    outer loop
      vertex 0.799999 70.6 2
      vertex 0.799999 75.6 14
      vertex 0.799999 75.6 2
    endloop
  endfacet
  facet normal -1 -0 0
    outer loop
      vertex 0.799999 75.6 14
      vertex 0.799999 70.6 2
      vertex 0.799999 70.6 14
    endloop
  endfacet
  facet normal 0 -1 0
    outer loop
      vertex 0.799999 70.6 2
      vertex 91.8 70.6 14
      vertex 0.799999 70.6 14
    endloop
  endfacet
  facet normal 0 -1 -0
    outer loop
      vertex 91.8 70.6 14
      vertex 0.799999 70.6 2
      vertex 91.8 70.6 2
    endloop
  endfacet
  facet normal 1 -0 0
    outer loop
      vertex 116.6 5 12
      vertex 116.6 9 2
      vertex 116.6 9 12
    endloop
  endfacet
  facet normal 1 0 0
    outer loop
      vertex 116.6 9 2
      vertex 116.6 5 12
      vertex 116.6 5 2
    endloop
  endfacet
  facet normal -0 0 1
    outer loop
      vertex 114.6 9 12
      vertex 116.6 5 12
      vertex 116.6 9 12
    endloop
  endfacet
  facet normal 0 0 1
    outer loop
      vertex 116.6 5 12
      vertex 114.6 9 12
      vertex 114.6 5 12
    endloop
  endfacet
  facet normal -1 0 0
    outer loop
      vertex 114.6 5 2
      vertex 114.6 9 12
      vertex 114.6 9 2
    endloop
  endfacet
  facet normal -1 -0 0
    outer loop
      vertex 114.6 9 12
      vertex 114.6 5 2
      vertex 114.6 5 12
    endloop
  endfacet
  facet normal 0 1 -0
    outer loop
      vertex 116.6 9 2
      vertex 114.6 9 12
      vertex 116.6 9 12
    endloop
  endfacet
  facet normal 0 1 0
    outer loop
      vertex 114.6 9 12
      vertex 116.6 9 2
      vertex 114.6 9 2
    endloop
  endfacet
  facet normal 0 -1 0
    outer loop
      vertex 114.6 5 2
      vertex 116.6 5 12
      vertex 114.6 5 12
    endloop
  endfacet
  facet normal 0 -1 -0
    outer loop
      vertex 116.6 5 12
      vertex 114.6 5 2
      vertex 116.6 5 2
    endloop
  endfacet
  facet normal 1 -0 0
    outer loop
      vertex 116.6 66.6 12
      vertex 116.6 70.6 2
      vertex 116.6 70.6 12
    endloop
  endfacet
  facet normal 1 0 0
    outer loop
      vertex 116.6 70.6 2
      vertex 116.6 66.6 12
      vertex 116.6 66.6 2
    endloop
  endfacet
  facet normal -0 0 1
    outer loop
      vertex 114.6 70.6 12
      vertex 116.6 66.6 12
      vertex 116.6 70.6 12
    endloop
  endfacet
  facet normal 0 0 1
    outer loop
      vertex 116.6 66.6 12
      vertex 114.6 70.6 12
      vertex 114.6 66.6 12
    endloop
  endfacet
  facet normal -1 0 0
    outer loop
      vertex 114.6 66.6 2
      vertex 114.6 70.6 12
      vertex 114.6 70.6 2
    endloop
  endfacet
  facet normal -1 -0 0
    outer loop
      vertex 114.6 70.6 12
      vertex 114.6 66.6 2
      vertex 114.6 66.6 12
    endloop
  endfacet
  facet normal 0 1 -0
    outer loop
      vertex 116.6 70.6 2
      vertex 114.6 70.6 12
      vertex 116.6 70.6 12
    endloop
  endfacet
  facet normal 0 1 0
    outer loop
      vertex 114.6 70.6 12
      vertex 116.6 70.6 2
      vertex 114.6 70.6 2
    endloop
  endfacet
  facet normal 0 -1 0
    outer loop
      vertex 114.6 66.6 2
      vertex 116.6 66.6 12
      vertex 114.6 66.6 12
    endloop
  endfacet
  facet normal 0 -1 -0
    outer loop
      vertex 116.6 66.6 12
      vertex 114.6 66.6 2
      vertex 116.6 66.6 2
    endloop
  endfacet
  facet normal 1 0 0
    outer loop
      vertex 139.1 17 8
      vertex 139.1 13.5 5.19
      vertex 139.1 17 2
    endloop
  endfacet
  facet normal 1 0 0
    outer loop
      vertex 139.1 17 8
      vertex 139.1 6.5 5.19
      vertex 139.1 13.5 5.19
    endloop
  endfacet
  facet normal 1 -0 0
    outer loop
      vertex 139.1 3 8
      vertex 139.1 6.5 5.19
      vertex 139.1 17 8
    endloop
  endfacet
  facet normal 1 0 0
    outer loop
      vertex 139.1 3 2
      vertex 139.1 6.5 5.19
      vertex 139.1 3 8
    endloop
  endfacet
  facet normal 1 0 0
    outer loop
      vertex 139.1 6.5 5.19
      vertex 139.1 3 2
      vertex 139.1 6.5 2
    endloop
  endfacet
  facet normal 1 0 0
    outer loop
      vertex 139.1 17 2
      vertex 139.1 13.5 5.19
      vertex 139.1 13.5 2
    endloop
  endfacet
  facet normal -0 0 1
    outer loop
      vertex 133.1 17 8
      vertex 139.1 3 8
      vertex 139.1 17 8
    endloop
  endfacet
  facet normal 0 0 1
    outer loop
      vertex 139.1 3 8
      vertex 133.1 17 8
      vertex 133.1 3 8
    endloop
  endfacet
  facet normal -1 0 0
    outer loop
      vertex 133.1 6.5 2
      vertex 133.1 3 2
      vertex 133.1 6.5 5.19
    endloop
  endfacet
  facet normal -1 0 0
    outer loop
      vertex 133.1 13.5 5.19
      vertex 133.1 17 2
      vertex 133.1 13.5 2
    endloop
  endfacet
  facet normal -1 0 0
    outer loop
      vertex 133.1 17 2
      vertex 133.1 13.5 5.19
      vertex 133.1 17 8
    endloop
  endfacet
  facet normal -1 0 0
    outer loop
      vertex 133.1 6.5 5.19
      vertex 133.1 17 8
      vertex 133.1 13.5 5.19
    endloop
  endfacet
  facet normal -1 0 0
    outer loop
      vertex 133.1 6.5 5.19
      vertex 133.1 3 8
      vertex 133.1 17 8
    endloop
  endfacet
  facet normal -1 0 0
    outer loop
      vertex 133.1 3 8
      vertex 133.1 6.5 5.19
      vertex 133.1 3 2
    endloop
  endfacet
  facet normal 0 1 -0
    outer loop
      vertex 139.1 17 2
      vertex 133.1 17 8
      vertex 139.1 17 8
    endloop
  endfacet
  facet normal 0 1 0
    outer loop
      vertex 133.1 17 8
      vertex 139.1 17 2
      vertex 133.1 17 2
    endloop
  endfacet
  facet normal 0 -1 0
    outer loop
      vertex 133.1 3 2
      vertex 139.1 3 8
      vertex 133.1 3 8
    endloop
  endfacet
  facet normal 0 -1 -0
    outer loop
      vertex 139.1 3 8
      vertex 133.1 3 2
      vertex 139.1 3 2
    endloop
  endfacet
  facet normal 0 0 -1
    outer loop
      vertex 133.1 6.5 5.19
      vertex 139.1 13.5 5.19
      vertex 139.1 6.5 5.19
    endloop
  endfacet
  facet normal -0 0 -1
    outer loop
      vertex 139.1 13.5 5.19
      vertex 133.1 6.5 5.19
      vertex 133.1 13.5 5.19
    endloop
  endfacet
  facet normal 0 -1 0
    outer loop
      vertex 133.1 13.5 2
      vertex 139.1 13.5 5.19
      vertex 133.1 13.5 5.19
    endloop
  endfacet
  facet normal 0 -1 -0
    outer loop
      vertex 139.1 13.5 5.19
      vertex 133.1 13.5 2
      vertex 139.1 13.5 2
    endloop
  endfacet
  facet normal 0 1 -0
    outer loop
      vertex 139.1 6.5 2
      vertex 133.1 6.5 5.19
      vertex 139.1 6.5 5.19
    endloop
  endfacet
  facet normal 0 1 0
    outer loop
      vertex 133.1 6.5 5.19
      vertex 139.1 6.5 2
      vertex 133.1 6.5 2
    endloop
  endfacet
endsolid OpenSCAD_Model
