solid OpenSCAD_Model
  facet normal 1 -0 0
    outer loop
      vertex 155.3 -75.3 6
      vertex 155.3 -0.299999 3
      vertex 155.3 -0.299999 6
    endloop
  endfacet
  facet normal 1 0 0
    outer loop
      vertex 155.3 -0.299999 3
      vertex 155.3 -75.3 6
      vertex 155.3 -75.3 3
    endloop
  endfacet
  facet normal -0 0 1
    outer loop
      vertex 10.8 -24.8 3
      vertex 103.8 -50.8 3
      vertex 103.8 -24.8 3
    endloop
  endfacet
  facet normal 0 0 1
    outer loop
      vertex 103.8 -50.8 3
      vertex 10.8 -24.8 3
      vertex 10.8 -50.8 3
    endloop
  endfacet
  facet normal 0 0 1
    outer loop
      vertex 103.8 -22.8 3
      vertex 127.1 -2.9 3
      vertex 127.1 -1.9 3
    endloop
  endfacet
  facet normal 0 0 1
    outer loop
      vertex 127.1 -2.9 3
      vertex 103.8 -22.8 3
      vertex 126.788 -31.5776 3
    endloop
  endfacet
  facet normal -0 0 1
    outer loop
      vertex 103.8 -24.8 3
      vertex 126.788 -31.5776 3
      vertex 103.8 -22.8 3
    endloop
  endfacet
  facet normal 0 0 1
    outer loop
      vertex 126.788 -31.5776 3
      vertex 103.8 -24.8 3
      vertex 126.222 -32.5204 3
    endloop
  endfacet
  facet normal 0 0 1
    outer loop
      vertex 126.222 -32.5204 3
      vertex 103.8 -24.8 3
      vertex 125.753 -33.5139 3
    endloop
  endfacet
  facet normal 0 0 1
    outer loop
      vertex 125.753 -33.5139 3
      vertex 103.8 -24.8 3
      vertex 125.382 -34.5488 3
    endloop
  endfacet
  facet normal 0 0 1
    outer loop
      vertex 125.115 -35.615 3
      vertex 103.8 -24.8 3
      vertex 124.954 -36.7022 3
    endloop
  endfacet
  facet normal 0 0 1
    outer loop
      vertex 125.382 -34.5488 3
      vertex 103.8 -24.8 3
      vertex 125.115 -35.615 3
    endloop
  endfacet
  facet normal -0 0 1
    outer loop
      vertex 1.9 -1.9 3
      vertex 103.8 -22.8 3
      vertex 127.1 -1.9 3
    endloop
  endfacet
  facet normal 0 0 1
    outer loop
      vertex 1.9 -1.9 3
      vertex 10.8 -24.8 3
      vertex 10.8 -22.8 3
    endloop
  endfacet
  facet normal 0 0 1
    outer loop
      vertex 10.8 -24.8 3
      vertex 1.9 -1.9 3
      vertex 10.8 -50.8 3
    endloop
  endfacet
  facet normal 0 0 1
    outer loop
      vertex 1.9 -73.7 3
      vertex 10.8 -50.8 3
      vertex 1.9 -1.9 3
    endloop
  endfacet
  facet normal 0 0 1
    outer loop
      vertex 103.8 -22.8 3
      vertex 1.9 -1.9 3
      vertex 10.8 -22.8 3
    endloop
  endfacet
  facet normal 0 0 1
    outer loop
      vertex 153.7 -1.9 3
      vertex 147.3 -37.8 3
      vertex 153.7 -73.7 3
    endloop
  endfacet
  facet normal 0 0 1
    outer loop
      vertex 153.7 -1.9 3
      vertex 147.246 -36.7022 3
      vertex 147.3 -37.8 3
    endloop
  endfacet
  facet normal 0 0 1
    outer loop
      vertex 153.7 -1.9 3
      vertex 147.085 -35.615 3
      vertex 147.246 -36.7022 3
    endloop
  endfacet
  facet normal 0 0 1
    outer loop
      vertex 153.7 -1.9 3
      vertex 146.818 -34.5488 3
      vertex 147.085 -35.615 3
    endloop
  endfacet
  facet normal 0 0 1
    outer loop
      vertex 153.7 -1.9 3
      vertex 146.447 -33.5139 3
      vertex 146.818 -34.5488 3
    endloop
  endfacet
  facet normal 0 0 1
    outer loop
      vertex 153.7 -1.9 3
      vertex 145.978 -32.5204 3
      vertex 146.447 -33.5139 3
    endloop
  endfacet
  facet normal 0 0 1
    outer loop
      vertex 153.7 -1.9 3
      vertex 145.412 -31.5776 3
      vertex 145.978 -32.5204 3
    endloop
  endfacet
  facet normal 0 0 1
    outer loop
      vertex 145.1 -2.9 3
      vertex 153.7 -1.9 3
      vertex 145.1 -1.9 3
    endloop
  endfacet
  facet normal 0 0 1
    outer loop
      vertex 142.322 -28.4875 3
      vertex 153.7 -1.9 3
      vertex 145.1 -2.9 3
    endloop
  endfacet
  facet normal 0 0 1
    outer loop
      vertex 153.7 -1.9 3
      vertex 144.758 -30.6948 3
      vertex 145.412 -31.5776 3
    endloop
  endfacet
  facet normal 0 0 1
    outer loop
      vertex 153.7 -1.9 3
      vertex 144.02 -29.8804 3
      vertex 144.758 -30.6948 3
    endloop
  endfacet
  facet normal 0 0 1
    outer loop
      vertex 153.7 -1.9 3
      vertex 143.205 -29.1423 3
      vertex 144.02 -29.8804 3
    endloop
  endfacet
  facet normal 0 0 1
    outer loop
      vertex 153.7 -1.9 3
      vertex 142.322 -28.4875 3
      vertex 143.205 -29.1423 3
    endloop
  endfacet
  facet normal 0 0 1
    outer loop
      vertex 145.1 -2.9 3
      vertex 141.38 -27.9225 3
      vertex 142.322 -28.4875 3
    endloop
  endfacet
  facet normal 0 0 1
    outer loop
      vertex 145.1 -2.9 3
      vertex 140.386 -27.4525 3
      vertex 141.38 -27.9225 3
    endloop
  endfacet
  facet normal 0 0 1
    outer loop
      vertex 145.1 -2.9 3
      vertex 139.351 -27.0823 3
      vertex 140.386 -27.4525 3
    endloop
  endfacet
  facet normal 0 0 1
    outer loop
      vertex 145.1 -2.9 3
      vertex 138.285 -26.8152 3
      vertex 139.351 -27.0823 3
    endloop
  endfacet
  facet normal 0 0 1
    outer loop
      vertex 145.1 -2.9 3
      vertex 137.198 -26.6539 3
      vertex 138.285 -26.8152 3
    endloop
  endfacet
  facet normal 0 0 1
    outer loop
      vertex 145.1 -2.9 3
      vertex 136.1 -26.6 3
      vertex 137.198 -26.6539 3
    endloop
  endfacet
  facet normal -0 0 1
    outer loop
      vertex 127.1 -2.9 3
      vertex 136.1 -26.6 3
      vertex 145.1 -2.9 3
    endloop
  endfacet
  facet normal 0 0 1
    outer loop
      vertex 136.1 -26.6 3
      vertex 127.1 -2.9 3
      vertex 135.002 -26.6539 3
    endloop
  endfacet
  facet normal 0 0 1
    outer loop
      vertex 135.002 -26.6539 3
      vertex 127.1 -2.9 3
      vertex 133.915 -26.8152 3
    endloop
  endfacet
  facet normal 0 0 1
    outer loop
      vertex 133.915 -26.8152 3
      vertex 127.1 -2.9 3
      vertex 132.849 -27.0823 3
    endloop
  endfacet
  facet normal 0 0 1
    outer loop
      vertex 132.849 -27.0823 3
      vertex 127.1 -2.9 3
      vertex 131.814 -27.4525 3
    endloop
  endfacet
  facet normal 0 0 1
    outer loop
      vertex 131.814 -27.4525 3
      vertex 127.1 -2.9 3
      vertex 130.82 -27.9225 3
    endloop
  endfacet
  facet normal 0 0 1
    outer loop
      vertex 130.82 -27.9225 3
      vertex 127.1 -2.9 3
      vertex 129.878 -28.4875 3
    endloop
  endfacet
  facet normal 0 0 1
    outer loop
      vertex 129.878 -28.4875 3
      vertex 127.1 -2.9 3
      vertex 128.995 -29.1423 3
    endloop
  endfacet
  facet normal 0 0 1
    outer loop
      vertex 128.995 -29.1423 3
      vertex 127.1 -2.9 3
      vertex 128.18 -29.8804 3
    endloop
  endfacet
  facet normal 0 0 1
    outer loop
      vertex 128.18 -29.8804 3
      vertex 127.1 -2.9 3
      vertex 127.442 -30.6948 3
    endloop
  endfacet
  facet normal 0 0 1
    outer loop
      vertex 127.442 -30.6948 3
      vertex 127.1 -2.9 3
      vertex 126.788 -31.5776 3
    endloop
  endfacet
  facet normal -0 0 1
    outer loop
      vertex 147.246 -38.8978 3
      vertex 153.7 -73.7 3
      vertex 147.3 -37.8 3
    endloop
  endfacet
  facet normal -0 0 1
    outer loop
      vertex 147.085 -39.985 3
      vertex 153.7 -73.7 3
      vertex 147.246 -38.8978 3
    endloop
  endfacet
  facet normal -0 0 1
    outer loop
      vertex 146.818 -41.0512 3
      vertex 153.7 -73.7 3
      vertex 147.085 -39.985 3
    endloop
  endfacet
  facet normal -0 0 1
    outer loop
      vertex 146.447 -42.0861 3
      vertex 153.7 -73.7 3
      vertex 146.818 -41.0512 3
    endloop
  endfacet
  facet normal -0 0 1
    outer loop
      vertex 145.978 -43.0796 3
      vertex 153.7 -73.7 3
      vertex 146.447 -42.0861 3
    endloop
  endfacet
  facet normal -0 0 1
    outer loop
      vertex 145.412 -44.0224 3
      vertex 153.7 -73.7 3
      vertex 145.978 -43.0796 3
    endloop
  endfacet
  facet normal -0 0 1
    outer loop
      vertex 144.758 -44.9052 3
      vertex 153.7 -73.7 3
      vertex 145.412 -44.0224 3
    endloop
  endfacet
  facet normal -0 0 1
    outer loop
      vertex 144.02 -45.7196 3
      vertex 153.7 -73.7 3
      vertex 144.758 -44.9052 3
    endloop
  endfacet
  facet normal -0 0 1
    outer loop
      vertex 143.205 -46.4577 3
      vertex 153.7 -73.7 3
      vertex 144.02 -45.7196 3
    endloop
  endfacet
  facet normal -0 0 1
    outer loop
      vertex 142.322 -47.1125 3
      vertex 153.7 -73.7 3
      vertex 143.205 -46.4577 3
    endloop
  endfacet
  facet normal -0 0 1
    outer loop
      vertex 141.38 -47.6775 3
      vertex 153.7 -73.7 3
      vertex 142.322 -47.1125 3
    endloop
  endfacet
  facet normal -0 0 1
    outer loop
      vertex 140.386 -48.1474 3
      vertex 153.7 -73.7 3
      vertex 141.38 -47.6775 3
    endloop
  endfacet
  facet normal -0 0 1
    outer loop
      vertex 139.351 -48.5177 3
      vertex 153.7 -73.7 3
      vertex 140.386 -48.1474 3
    endloop
  endfacet
  facet normal -0 0 1
    outer loop
      vertex 138.285 -48.7848 3
      vertex 153.7 -73.7 3
      vertex 139.351 -48.5177 3
    endloop
  endfacet
  facet normal -0 0 1
    outer loop
      vertex 137.198 -48.9461 3
      vertex 153.7 -73.7 3
      vertex 138.285 -48.7848 3
    endloop
  endfacet
  facet normal -0 0 1
    outer loop
      vertex 136.1 -49 3
      vertex 153.7 -73.7 3
      vertex 137.198 -48.9461 3
    endloop
  endfacet
  facet normal 0 0 1
    outer loop
      vertex 135.002 -48.9461 3
      vertex 153.7 -73.7 3
      vertex 136.1 -49 3
    endloop
  endfacet
  facet normal 0 0 1
    outer loop
      vertex 133.915 -48.7848 3
      vertex 153.7 -73.7 3
      vertex 135.002 -48.9461 3
    endloop
  endfacet
  facet normal 0 0 1
    outer loop
      vertex 132.849 -48.5177 3
      vertex 153.7 -73.7 3
      vertex 133.915 -48.7848 3
    endloop
  endfacet
  facet normal 0 0 1
    outer loop
      vertex 103.8 -52.8 3
      vertex 132.849 -48.5177 3
      vertex 131.814 -48.1474 3
    endloop
  endfacet
  facet normal 0 0 1
    outer loop
      vertex 103.8 -52.8 3
      vertex 131.814 -48.1474 3
      vertex 130.82 -47.6775 3
    endloop
  endfacet
  facet normal 0 0 1
    outer loop
      vertex 103.8 -52.8 3
      vertex 130.82 -47.6775 3
      vertex 129.878 -47.1125 3
    endloop
  endfacet
  facet normal 0 0 1
    outer loop
      vertex 103.8 -52.8 3
      vertex 129.878 -47.1125 3
      vertex 128.995 -46.4577 3
    endloop
  endfacet
  facet normal 0 0 1
    outer loop
      vertex 103.8 -52.8 3
      vertex 128.995 -46.4577 3
      vertex 128.18 -45.7196 3
    endloop
  endfacet
  facet normal 0 0 1
    outer loop
      vertex 124.954 -36.7022 3
      vertex 103.8 -24.8 3
      vertex 124.9 -37.8 3
    endloop
  endfacet
  facet normal 0 0 1
    outer loop
      vertex 103.8 -50.8 3
      vertex 124.9 -37.8 3
      vertex 103.8 -24.8 3
    endloop
  endfacet
  facet normal 0 0 1
    outer loop
      vertex 124.9 -37.8 3
      vertex 103.8 -50.8 3
      vertex 124.954 -38.8978 3
    endloop
  endfacet
  facet normal 0 0 1
    outer loop
      vertex 124.954 -38.8978 3
      vertex 103.8 -50.8 3
      vertex 125.115 -39.985 3
    endloop
  endfacet
  facet normal 0 0 1
    outer loop
      vertex 125.115 -39.985 3
      vertex 103.8 -50.8 3
      vertex 125.382 -41.0512 3
    endloop
  endfacet
  facet normal 0 0 1
    outer loop
      vertex 125.382 -41.0512 3
      vertex 103.8 -50.8 3
      vertex 125.753 -42.0861 3
    endloop
  endfacet
  facet normal 0 0 1
    outer loop
      vertex 125.753 -42.0861 3
      vertex 103.8 -50.8 3
      vertex 126.222 -43.0796 3
    endloop
  endfacet
  facet normal 0 0 1
    outer loop
      vertex 126.222 -43.0796 3
      vertex 103.8 -50.8 3
      vertex 126.788 -44.0224 3
    endloop
  endfacet
  facet normal 0 0 1
    outer loop
      vertex 103.8 -52.8 3
      vertex 126.788 -44.0224 3
      vertex 103.8 -50.8 3
    endloop
  endfacet
  facet normal 0 0 1
    outer loop
      vertex 126.788 -44.0224 3
      vertex 103.8 -52.8 3
      vertex 127.442 -44.9052 3
    endloop
  endfacet
  facet normal 0 0 1
    outer loop
      vertex 127.442 -44.9052 3
      vertex 103.8 -52.8 3
      vertex 128.18 -45.7196 3
    endloop
  endfacet
  facet normal 0 0 1
    outer loop
      vertex 132.849 -48.5177 3
      vertex 103.8 -52.8 3
      vertex 153.7 -73.7 3
    endloop
  endfacet
  facet normal 0 0 1
    outer loop
      vertex 1.9 -73.7 3
      vertex 103.8 -52.8 3
      vertex 10.8 -52.8 3
    endloop
  endfacet
  facet normal 0 0 1
    outer loop
      vertex 103.8 -52.8 3
      vertex 1.9 -73.7 3
      vertex 153.7 -73.7 3
    endloop
  endfacet
  facet normal 0 0 1
    outer loop
      vertex 10.8 -50.8 3
      vertex 1.9 -73.7 3
      vertex 10.8 -52.8 3
    endloop
  endfacet
  facet normal 0 0 1
    outer loop
      vertex 1.55573 2.39999 3
      vertex 1.59999 3 3
      vertex 1.57784 3.45087 3
    endloop
  endfacet
  facet normal 0 0 1
    outer loop
      vertex 1.59999 3 3
      vertex 1.55573 2.39999 3
      vertex 1.57784 2.54912 3
    endloop
  endfacet
  facet normal 0 -0 1
    outer loop
      vertex 1.55573 2.39999 3
      vertex 1.57784 3.45087 3
      vertex 1.51161 3.89742 3
    endloop
  endfacet
  facet normal 0 0 1
    outer loop
      vertex 160.3 3 3
      vertex 163.2 3 3
      vertex 163.178 3.45087 3
    endloop
  endfacet
  facet normal 0 0 1
    outer loop
      vertex 160.292 3.16663 3
      vertex 163.178 3.45087 3
      vertex 163.112 3.89742 3
    endloop
  endfacet
  facet normal 0 0 1
    outer loop
      vertex 163.2 3 3
      vertex 160.3 3 3
      vertex 163.178 2.54912 3
    endloop
  endfacet
  facet normal 0 0 1
    outer loop
      vertex 160.267 3.33165 3
      vertex 163.112 3.89742 3
      vertex 163.002 4.3353 3
    endloop
  endfacet
  facet normal -0 0 1
    outer loop
      vertex 160.292 2.83337 3
      vertex 163.178 2.54912 3
      vertex 160.3 3 3
    endloop
  endfacet
  facet normal 0 0 1
    outer loop
      vertex 160.227 3.49348 3
      vertex 163.002 4.3353 3
      vertex 162.85 4.76033 3
    endloop
  endfacet
  facet normal 0 0 1
    outer loop
      vertex 163.178 2.54912 3
      vertex 160.292 2.83337 3
      vertex 163.112 2.10257 3
    endloop
  endfacet
  facet normal 0 0 1
    outer loop
      vertex 160.171 3.65056 3
      vertex 162.85 4.76033 3
      vertex 162.657 5.16841 3
    endloop
  endfacet
  facet normal -0 0 1
    outer loop
      vertex 160.267 2.66835 3
      vertex 163.112 2.10257 3
      vertex 160.292 2.83337 3
    endloop
  endfacet
  facet normal 0 0 1
    outer loop
      vertex 160.099 3.80137 3
      vertex 162.657 5.16841 3
      vertex 162.425 5.55562 3
    endloop
  endfacet
  facet normal 0 0 1
    outer loop
      vertex 163.112 2.10257 3
      vertex 160.267 2.66835 3
      vertex 163.002 1.66469 3
    endloop
  endfacet
  facet normal 0 0 1
    outer loop
      vertex 160.014 3.94447 3
      vertex 162.425 5.55562 3
      vertex 162.156 5.9182 3
    endloop
  endfacet
  facet normal -0 0 1
    outer loop
      vertex 160.227 2.50652 3
      vertex 163.002 1.66469 3
      vertex 160.267 2.66835 3
    endloop
  endfacet
  facet normal 0 0 1
    outer loop
      vertex 159.914 4.07847 3
      vertex 162.156 5.9182 3
      vertex 161.853 6.25269 3
    endloop
  endfacet
  facet normal 0 0 1
    outer loop
      vertex 163.002 1.66469 3
      vertex 160.227 2.50652 3
      vertex 162.85 1.23965 3
    endloop
  endfacet
  facet normal 0 0 1
    outer loop
      vertex 159.802 4.20208 3
      vertex 161.853 6.25269 3
      vertex 161.518 6.55585 3
    endloop
  endfacet
  facet normal -0 0 1
    outer loop
      vertex 160.171 2.34944 3
      vertex 162.85 1.23965 3
      vertex 160.227 2.50652 3
    endloop
  endfacet
  facet normal 0 0 1
    outer loop
      vertex 159.678 4.31412 3
      vertex 161.518 6.55585 3
      vertex 161.156 6.82475 3
    endloop
  endfacet
  facet normal 0 0 1
    outer loop
      vertex 162.85 1.23965 3
      vertex 160.171 2.34944 3
      vertex 162.657 0.831573 3
    endloop
  endfacet
  facet normal 0 0 1
    outer loop
      vertex 159.544 4.4135 3
      vertex 161.156 6.82475 3
      vertex 160.768 7.05682 3
    endloop
  endfacet
  facet normal -0 0 1
    outer loop
      vertex 160.099 2.19862 3
      vertex 162.657 0.831573 3
      vertex 160.171 2.34944 3
    endloop
  endfacet
  facet normal 0 0 1
    outer loop
      vertex 159.401 4.49927 3
      vertex 160.768 7.05682 3
      vertex 160.36 7.24983 3
    endloop
  endfacet
  facet normal 0 0 1
    outer loop
      vertex 162.657 0.831573 3
      vertex 160.099 2.19862 3
      vertex 162.425 0.444366 3
    endloop
  endfacet
  facet normal -0 0 1
    outer loop
      vertex 160.014 2.05553 3
      vertex 162.425 0.444366 3
      vertex 160.099 2.19862 3
    endloop
  endfacet
  facet normal 0 0 1
    outer loop
      vertex 163.178 3.45087 3
      vertex 160.292 3.16663 3
      vertex 160.3 3 3
    endloop
  endfacet
  facet normal 0 0 1
    outer loop
      vertex 163.112 3.89742 3
      vertex 160.267 3.33165 3
      vertex 160.292 3.16663 3
    endloop
  endfacet
  facet normal 0 0 1
    outer loop
      vertex 163.002 4.3353 3
      vertex 160.227 3.49348 3
      vertex 160.267 3.33165 3
    endloop
  endfacet
  facet normal 0 0 1
    outer loop
      vertex 162.85 4.76033 3
      vertex 160.171 3.65056 3
      vertex 160.227 3.49348 3
    endloop
  endfacet
  facet normal 0 0 1
    outer loop
      vertex 162.657 5.16841 3
      vertex 160.099 3.80137 3
      vertex 160.171 3.65056 3
    endloop
  endfacet
  facet normal 0 0 1
    outer loop
      vertex 162.425 5.55562 3
      vertex 160.014 3.94447 3
      vertex 160.099 3.80137 3
    endloop
  endfacet
  facet normal 0 0 1
    outer loop
      vertex 159.251 4.57059 3
      vertex 160.36 7.24983 3
      vertex 159.935 7.40192 3
    endloop
  endfacet
  facet normal 0 0 1
    outer loop
      vertex 162.156 5.9182 3
      vertex 159.914 4.07847 3
      vertex 160.014 3.94447 3
    endloop
  endfacet
  facet normal 0 0 1
    outer loop
      vertex 161.853 6.25269 3
      vertex 159.802 4.20208 3
      vertex 159.914 4.07847 3
    endloop
  endfacet
  facet normal 0 0 1
    outer loop
      vertex 161.518 6.55585 3
      vertex 159.678 4.31412 3
      vertex 159.802 4.20208 3
    endloop
  endfacet
  facet normal 0 0 1
    outer loop
      vertex 161.156 6.82475 3
      vertex 159.544 4.4135 3
      vertex 159.678 4.31412 3
    endloop
  endfacet
  facet normal 0 0 1
    outer loop
      vertex 159.093 4.6268 3
      vertex 159.935 7.40192 3
      vertex 159.497 7.51161 3
    endloop
  endfacet
  facet normal 0 0 1
    outer loop
      vertex 160.768 7.05682 3
      vertex 159.401 4.49927 3
      vertex 159.544 4.4135 3
    endloop
  endfacet
  facet normal 0 0 1
    outer loop
      vertex 160.36 7.24983 3
      vertex 159.251 4.57059 3
      vertex 159.401 4.49927 3
    endloop
  endfacet
  facet normal 0 0 1
    outer loop
      vertex 159.935 7.40192 3
      vertex 159.093 4.6268 3
      vertex 159.251 4.57059 3
    endloop
  endfacet
  facet normal 0 0 1
    outer loop
      vertex 158.932 4.66733 3
      vertex 159.497 7.51161 3
      vertex 159.051 7.57784 3
    endloop
  endfacet
  facet normal 0 0 1
    outer loop
      vertex 159.497 7.51161 3
      vertex 158.932 4.66733 3
      vertex 159.093 4.6268 3
    endloop
  endfacet
  facet normal 0 0 1
    outer loop
      vertex 159.051 7.57784 3
      vertex 158.767 4.69181 3
      vertex 158.932 4.66733 3
    endloop
  endfacet
  facet normal 0 0 1
    outer loop
      vertex 159.051 7.57784 3
      vertex 158.6 4.7 3
      vertex 158.767 4.69181 3
    endloop
  endfacet
  facet normal 0 0 1
    outer loop
      vertex 158.6 7.59999 3
      vertex 158.6 4.7 3
      vertex 159.051 7.57784 3
    endloop
  endfacet
  facet normal 0 0 1
    outer loop
      vertex 158.6 7.59999 3
      vertex 158.433 4.69181 3
      vertex 158.6 4.7 3
    endloop
  endfacet
  facet normal -0 0 1
    outer loop
      vertex 158.149 7.57784 3
      vertex 158.433 4.69181 3
      vertex 158.6 7.59999 3
    endloop
  endfacet
  facet normal 0 0 1
    outer loop
      vertex 158.433 4.69181 3
      vertex 158.149 7.57784 3
      vertex 158.268 4.66733 3
    endloop
  endfacet
  facet normal -0 0 1
    outer loop
      vertex 157.703 7.51161 3
      vertex 158.268 4.66733 3
      vertex 158.149 7.57784 3
    endloop
  endfacet
  facet normal 0 0 1
    outer loop
      vertex 158.268 4.66733 3
      vertex 157.703 7.51161 3
      vertex 158.107 4.6268 3
    endloop
  endfacet
  facet normal -0 0 1
    outer loop
      vertex 157.265 7.40192 3
      vertex 158.107 4.6268 3
      vertex 157.703 7.51161 3
    endloop
  endfacet
  facet normal 0 0 1
    outer loop
      vertex 158.107 4.6268 3
      vertex 157.265 7.40192 3
      vertex 157.949 4.57059 3
    endloop
  endfacet
  facet normal -0 0 1
    outer loop
      vertex 156.84 7.24983 3
      vertex 157.949 4.57059 3
      vertex 157.265 7.40192 3
    endloop
  endfacet
  facet normal 0 0 1
    outer loop
      vertex 157.949 4.57059 3
      vertex 156.84 7.24983 3
      vertex 157.799 4.49927 3
    endloop
  endfacet
  facet normal -0 0 1
    outer loop
      vertex 156.432 7.05682 3
      vertex 157.799 4.49927 3
      vertex 156.84 7.24983 3
    endloop
  endfacet
  facet normal 0 0 1
    outer loop
      vertex 157.799 4.49927 3
      vertex 156.432 7.05682 3
      vertex 157.656 4.4135 3
    endloop
  endfacet
  facet normal -0 0 1
    outer loop
      vertex 156.044 6.82475 3
      vertex 157.656 4.4135 3
      vertex 156.432 7.05682 3
    endloop
  endfacet
  facet normal 0 0 1
    outer loop
      vertex 157.656 4.4135 3
      vertex 156.044 6.82475 3
      vertex 157.522 4.31412 3
    endloop
  endfacet
  facet normal -0 0 1
    outer loop
      vertex 155.682 6.55585 3
      vertex 157.522 4.31412 3
      vertex 156.044 6.82475 3
    endloop
  endfacet
  facet normal 0 0 1
    outer loop
      vertex 157.522 4.31412 3
      vertex 155.682 6.55585 3
      vertex 157.398 4.20208 3
    endloop
  endfacet
  facet normal -0 0 1
    outer loop
      vertex 155.347 6.25269 3
      vertex 157.398 4.20208 3
      vertex 155.682 6.55585 3
    endloop
  endfacet
  facet normal 0 0 1
    outer loop
      vertex 157.398 4.20208 3
      vertex 155.347 6.25269 3
      vertex 157.286 4.07847 3
    endloop
  endfacet
  facet normal -0 0 1
    outer loop
      vertex 155.044 5.9182 3
      vertex 157.286 4.07847 3
      vertex 155.347 6.25269 3
    endloop
  endfacet
  facet normal 0 0 1
    outer loop
      vertex 157.187 3.94447 3
      vertex 154.775 5.55562 3
      vertex 157.101 3.80137 3
    endloop
  endfacet
  facet normal -0 0 1
    outer loop
      vertex 154.775 5.55562 3
      vertex 157.187 3.94447 3
      vertex 155.044 5.9182 3
    endloop
  endfacet
  facet normal 0 0 1
    outer loop
      vertex 157.286 4.07847 3
      vertex 155.044 5.9182 3
      vertex 157.187 3.94447 3
    endloop
  endfacet
  facet normal 0 0 1
    outer loop
      vertex 162.425 0.444366 3
      vertex 160.014 2.05553 3
      vertex 162.156 0.0817871 3
    endloop
  endfacet
  facet normal -0 0 1
    outer loop
      vertex 159.914 1.92153 3
      vertex 162.156 0.0817871 3
      vertex 160.014 2.05553 3
    endloop
  endfacet
  facet normal 0 0 1
    outer loop
      vertex 162.156 0.0817871 3
      vertex 159.914 1.92153 3
      vertex 161.853 -0.252686 3
    endloop
  endfacet
  facet normal -0 0 1
    outer loop
      vertex 159.802 1.79792 3
      vertex 161.853 -0.252686 3
      vertex 159.914 1.92153 3
    endloop
  endfacet
  facet normal 0 0 1
    outer loop
      vertex 161.853 -0.252686 3
      vertex 159.802 1.79792 3
      vertex 161.518 -0.555847 3
    endloop
  endfacet
  facet normal -0 0 1
    outer loop
      vertex 159.678 1.68588 3
      vertex 161.518 -0.555847 3
      vertex 159.802 1.79792 3
    endloop
  endfacet
  facet normal 0 0 1
    outer loop
      vertex 161.518 -0.555847 3
      vertex 159.678 1.68588 3
      vertex 161.156 -0.824753 3
    endloop
  endfacet
  facet normal -0 0 1
    outer loop
      vertex 159.544 1.5865 3
      vertex 161.156 -0.824753 3
      vertex 159.678 1.68588 3
    endloop
  endfacet
  facet normal 0 0 1
    outer loop
      vertex 161.156 -0.824753 3
      vertex 159.544 1.5865 3
      vertex 160.768 -1.05682 3
    endloop
  endfacet
  facet normal -0 0 1
    outer loop
      vertex 159.401 1.50073 3
      vertex 160.768 -1.05682 3
      vertex 159.544 1.5865 3
    endloop
  endfacet
  facet normal 0 0 1
    outer loop
      vertex 160.768 -1.05682 3
      vertex 159.401 1.50073 3
      vertex 160.36 -1.24983 3
    endloop
  endfacet
  facet normal -0 0 1
    outer loop
      vertex 159.251 1.4294 3
      vertex 160.36 -1.24983 3
      vertex 159.401 1.50073 3
    endloop
  endfacet
  facet normal 0 0 1
    outer loop
      vertex 160.36 -1.24983 3
      vertex 159.251 1.4294 3
      vertex 159.935 -1.40192 3
    endloop
  endfacet
  facet normal -0 0 1
    outer loop
      vertex 159.093 1.3732 3
      vertex 159.935 -1.40192 3
      vertex 159.251 1.4294 3
    endloop
  endfacet
  facet normal 0 0 1
    outer loop
      vertex 159.935 -1.40192 3
      vertex 159.093 1.3732 3
      vertex 159.497 -1.51161 3
    endloop
  endfacet
  facet normal -0 0 1
    outer loop
      vertex 158.932 1.33266 3
      vertex 159.497 -1.51161 3
      vertex 159.093 1.3732 3
    endloop
  endfacet
  facet normal 0 0 1
    outer loop
      vertex 159.497 -1.51161 3
      vertex 158.932 1.33266 3
      vertex 159.051 -1.57784 3
    endloop
  endfacet
  facet normal -0 0 1
    outer loop
      vertex 158.767 1.30819 3
      vertex 159.051 -1.57784 3
      vertex 158.932 1.33266 3
    endloop
  endfacet
  facet normal -0 0 1
    outer loop
      vertex 158.6 1.3 3
      vertex 159.051 -1.57784 3
      vertex 158.767 1.30819 3
    endloop
  endfacet
  facet normal 0 0 1
    outer loop
      vertex 158.6 1.3 3
      vertex 158.6 -1.59999 3
      vertex 159.051 -1.57784 3
    endloop
  endfacet
  facet normal 0 0 1
    outer loop
      vertex 158.433 1.30819 3
      vertex 158.6 -1.59999 3
      vertex 158.6 1.3 3
    endloop
  endfacet
  facet normal 0 0 1
    outer loop
      vertex 158 -1.55573 3
      vertex 158.433 1.30819 3
      vertex 158.268 1.33266 3
    endloop
  endfacet
  facet normal 0 0 1
    outer loop
      vertex 158.433 1.30819 3
      vertex 158.149 -1.57784 3
      vertex 158.6 -1.59999 3
    endloop
  endfacet
  facet normal 0 0 1
    outer loop
      vertex 158 -1.55573 3
      vertex 158.268 1.33266 3
      vertex 158.107 1.3732 3
    endloop
  endfacet
  facet normal 0 0 1
    outer loop
      vertex 158.433 1.30819 3
      vertex 158 -1.55573 3
      vertex 158.149 -1.57784 3
    endloop
  endfacet
  facet normal 0 0 1
    outer loop
      vertex 157.799 1.50073 3
      vertex 158 -1.55573 3
      vertex 157.949 1.4294 3
    endloop
  endfacet
  facet normal 0 0 1
    outer loop
      vertex 157.949 1.4294 3
      vertex 158 -1.55573 3
      vertex 158.107 1.3732 3
    endloop
  endfacet
  facet normal 0 0 1
    outer loop
      vertex 160.3 -78.6 3
      vertex 163.2 -78.6 3
      vertex 163.178 -78.1491 3
    endloop
  endfacet
  facet normal 0 0 1
    outer loop
      vertex 160.292 -78.4334 3
      vertex 163.178 -78.1491 3
      vertex 163.112 -77.7026 3
    endloop
  endfacet
  facet normal 0 0 1
    outer loop
      vertex 163.2 -78.6 3
      vertex 160.3 -78.6 3
      vertex 163.178 -79.0509 3
    endloop
  endfacet
  facet normal 0 0 1
    outer loop
      vertex 160.267 -78.2683 3
      vertex 163.112 -77.7026 3
      vertex 163.002 -77.2647 3
    endloop
  endfacet
  facet normal -0 0 1
    outer loop
      vertex 160.292 -78.7666 3
      vertex 163.178 -79.0509 3
      vertex 160.3 -78.6 3
    endloop
  endfacet
  facet normal 0 0 1
    outer loop
      vertex 160.227 -78.1065 3
      vertex 163.002 -77.2647 3
      vertex 162.85 -76.8396 3
    endloop
  endfacet
  facet normal 0 0 1
    outer loop
      vertex 163.178 -79.0509 3
      vertex 160.292 -78.7666 3
      vertex 163.112 -79.4974 3
    endloop
  endfacet
  facet normal 0 0 1
    outer loop
      vertex 160.171 -77.9494 3
      vertex 162.85 -76.8396 3
      vertex 162.657 -76.4316 3
    endloop
  endfacet
  facet normal -0 0 1
    outer loop
      vertex 160.267 -78.9317 3
      vertex 163.112 -79.4974 3
      vertex 160.292 -78.7666 3
    endloop
  endfacet
  facet normal 0 0 1
    outer loop
      vertex 160.099 -77.7986 3
      vertex 162.657 -76.4316 3
      vertex 162.425 -76.0444 3
    endloop
  endfacet
  facet normal 0 0 1
    outer loop
      vertex 163.112 -79.4974 3
      vertex 160.267 -78.9317 3
      vertex 163.002 -79.9353 3
    endloop
  endfacet
  facet normal 0 0 1
    outer loop
      vertex 160.014 -77.6555 3
      vertex 162.425 -76.0444 3
      vertex 162.156 -75.6818 3
    endloop
  endfacet
  facet normal -0 0 1
    outer loop
      vertex 160.227 -79.0935 3
      vertex 163.002 -79.9353 3
      vertex 160.267 -78.9317 3
    endloop
  endfacet
  facet normal 0 0 1
    outer loop
      vertex 159.914 -77.5215 3
      vertex 162.156 -75.6818 3
      vertex 161.853 -75.3473 3
    endloop
  endfacet
  facet normal 0 0 1
    outer loop
      vertex 163.002 -79.9353 3
      vertex 160.227 -79.0935 3
      vertex 162.85 -80.3603 3
    endloop
  endfacet
  facet normal 0 0 1
    outer loop
      vertex 159.802 -77.3979 3
      vertex 161.853 -75.3473 3
      vertex 161.518 -75.0441 3
    endloop
  endfacet
  facet normal -0 0 1
    outer loop
      vertex 160.171 -79.2506 3
      vertex 162.85 -80.3603 3
      vertex 160.227 -79.0935 3
    endloop
  endfacet
  facet normal 0 0 1
    outer loop
      vertex 159.678 -77.2859 3
      vertex 161.518 -75.0441 3
      vertex 161.156 -74.7752 3
    endloop
  endfacet
  facet normal 0 0 1
    outer loop
      vertex 162.85 -80.3603 3
      vertex 160.171 -79.2506 3
      vertex 162.657 -80.7684 3
    endloop
  endfacet
  facet normal 0 0 1
    outer loop
      vertex 159.544 -77.1865 3
      vertex 161.156 -74.7752 3
      vertex 160.768 -74.5432 3
    endloop
  endfacet
  facet normal -0 0 1
    outer loop
      vertex 160.099 -79.4014 3
      vertex 162.657 -80.7684 3
      vertex 160.171 -79.2506 3
    endloop
  endfacet
  facet normal 0 0 1
    outer loop
      vertex 159.401 -77.1007 3
      vertex 160.768 -74.5432 3
      vertex 160.36 -74.3501 3
    endloop
  endfacet
  facet normal 0 0 1
    outer loop
      vertex 162.657 -80.7684 3
      vertex 160.099 -79.4014 3
      vertex 162.425 -81.1556 3
    endloop
  endfacet
  facet normal -0 0 1
    outer loop
      vertex 160.014 -79.5445 3
      vertex 162.425 -81.1556 3
      vertex 160.099 -79.4014 3
    endloop
  endfacet
  facet normal 0 0 1
    outer loop
      vertex 163.178 -78.1491 3
      vertex 160.292 -78.4334 3
      vertex 160.3 -78.6 3
    endloop
  endfacet
  facet normal 0 0 1
    outer loop
      vertex 163.112 -77.7026 3
      vertex 160.267 -78.2683 3
      vertex 160.292 -78.4334 3
    endloop
  endfacet
  facet normal 0 0 1
    outer loop
      vertex 163.002 -77.2647 3
      vertex 160.227 -78.1065 3
      vertex 160.267 -78.2683 3
    endloop
  endfacet
  facet normal 0 0 1
    outer loop
      vertex 162.85 -76.8396 3
      vertex 160.171 -77.9494 3
      vertex 160.227 -78.1065 3
    endloop
  endfacet
  facet normal 0 0 1
    outer loop
      vertex 162.657 -76.4316 3
      vertex 160.099 -77.7986 3
      vertex 160.171 -77.9494 3
    endloop
  endfacet
  facet normal 0 0 1
    outer loop
      vertex 162.425 -76.0444 3
      vertex 160.014 -77.6555 3
      vertex 160.099 -77.7986 3
    endloop
  endfacet
  facet normal 0 0 1
    outer loop
      vertex 159.251 -77.0294 3
      vertex 160.36 -74.3501 3
      vertex 159.935 -74.1981 3
    endloop
  endfacet
  facet normal 0 0 1
    outer loop
      vertex 162.156 -75.6818 3
      vertex 159.914 -77.5215 3
      vertex 160.014 -77.6555 3
    endloop
  endfacet
  facet normal 0 0 1
    outer loop
      vertex 161.853 -75.3473 3
      vertex 159.802 -77.3979 3
      vertex 159.914 -77.5215 3
    endloop
  endfacet
  facet normal 0 0 1
    outer loop
      vertex 161.518 -75.0441 3
      vertex 159.678 -77.2859 3
      vertex 159.802 -77.3979 3
    endloop
  endfacet
  facet normal 0 0 1
    outer loop
      vertex 161.156 -74.7752 3
      vertex 159.544 -77.1865 3
      vertex 159.678 -77.2859 3
    endloop
  endfacet
  facet normal 0 0 1
    outer loop
      vertex 159.093 -76.9732 3
      vertex 159.935 -74.1981 3
      vertex 159.497 -74.0884 3
    endloop
  endfacet
  facet normal 0 0 1
    outer loop
      vertex 160.768 -74.5432 3
      vertex 159.401 -77.1007 3
      vertex 159.544 -77.1865 3
    endloop
  endfacet
  facet normal 0 0 1
    outer loop
      vertex 160.36 -74.3501 3
      vertex 159.251 -77.0294 3
      vertex 159.401 -77.1007 3
    endloop
  endfacet
  facet normal 0 0 1
    outer loop
      vertex 159.935 -74.1981 3
      vertex 159.093 -76.9732 3
      vertex 159.251 -77.0294 3
    endloop
  endfacet
  facet normal 0 0 1
    outer loop
      vertex 158.932 -76.9327 3
      vertex 159.497 -74.0884 3
      vertex 159.051 -74.0221 3
    endloop
  endfacet
  facet normal 0 0 1
    outer loop
      vertex 159.497 -74.0884 3
      vertex 158.932 -76.9327 3
      vertex 159.093 -76.9732 3
    endloop
  endfacet
  facet normal 0 0 1
    outer loop
      vertex 159.051 -74.0221 3
      vertex 158.767 -76.9082 3
      vertex 158.932 -76.9327 3
    endloop
  endfacet
  facet normal 0 0 1
    outer loop
      vertex 159.051 -74.0221 3
      vertex 158.6 -76.9 3
      vertex 158.767 -76.9082 3
    endloop
  endfacet
  facet normal 0 0 1
    outer loop
      vertex 158.6 -74 3
      vertex 158.6 -76.9 3
      vertex 159.051 -74.0221 3
    endloop
  endfacet
  facet normal 0 0 1
    outer loop
      vertex 158.6 -74 3
      vertex 158.433 -76.9082 3
      vertex 158.6 -76.9 3
    endloop
  endfacet
  facet normal -0 0 1
    outer loop
      vertex 158.149 -74.0221 3
      vertex 158.433 -76.9082 3
      vertex 158.6 -74 3
    endloop
  endfacet
  facet normal -0 0 1
    outer loop
      vertex 158 -74.0443 3
      vertex 158.433 -76.9082 3
      vertex 158.149 -74.0221 3
    endloop
  endfacet
  facet normal 0 0 1
    outer loop
      vertex 158.433 -76.9082 3
      vertex 158 -74.0443 3
      vertex 158.268 -76.9327 3
    endloop
  endfacet
  facet normal 0 0 1
    outer loop
      vertex 158.268 -76.9327 3
      vertex 158 -74.0443 3
      vertex 158.107 -76.9732 3
    endloop
  endfacet
  facet normal 0 0 1
    outer loop
      vertex 158 -74.0443 3
      vertex 157.949 -77.0294 3
      vertex 158.107 -76.9732 3
    endloop
  endfacet
  facet normal 0 0 1
    outer loop
      vertex 157.656 1.5865 3
      vertex 158 -1.55573 3
      vertex 157.799 1.50073 3
    endloop
  endfacet
  facet normal 0 0 1
    outer loop
      vertex 157.522 1.68588 3
      vertex 158 -1.55573 3
      vertex 157.656 1.5865 3
    endloop
  endfacet
  facet normal 0 0 1
    outer loop
      vertex 158 -74.0443 3
      vertex 157.799 -77.1007 3
      vertex 157.949 -77.0294 3
    endloop
  endfacet
  facet normal 0 0 1
    outer loop
      vertex 157.398 1.79792 3
      vertex 158 -1.55573 3
      vertex 157.522 1.68588 3
    endloop
  endfacet
  facet normal 0 0 1
    outer loop
      vertex 158 -74.0443 3
      vertex 157.656 -77.1865 3
      vertex 157.799 -77.1007 3
    endloop
  endfacet
  facet normal 0 0 1
    outer loop
      vertex 157.286 1.92153 3
      vertex 158 -1.55573 3
      vertex 157.398 1.79792 3
    endloop
  endfacet
  facet normal 0 0 1
    outer loop
      vertex 158 -74.0443 3
      vertex 157.522 -77.2859 3
      vertex 157.656 -77.1865 3
    endloop
  endfacet
  facet normal 0 0 1
    outer loop
      vertex 157.187 2.05553 3
      vertex 158 -1.55573 3
      vertex 157.286 1.92153 3
    endloop
  endfacet
  facet normal 0 0 1
    outer loop
      vertex 158 -74.0443 3
      vertex 157.398 -77.3979 3
      vertex 157.522 -77.2859 3
    endloop
  endfacet
  facet normal 0 0 1
    outer loop
      vertex 157.101 2.19862 3
      vertex 158 -1.55573 3
      vertex 157.187 2.05553 3
    endloop
  endfacet
  facet normal 0 0 1
    outer loop
      vertex 158 -74.0443 3
      vertex 157.286 -77.5215 3
      vertex 157.398 -77.3979 3
    endloop
  endfacet
  facet normal 0 0 1
    outer loop
      vertex 157.029 2.34944 3
      vertex 158 -1.55573 3
      vertex 157.101 2.19862 3
    endloop
  endfacet
  facet normal 0 0 1
    outer loop
      vertex 158 -74.0443 3
      vertex 157.187 -77.6555 3
      vertex 157.286 -77.5215 3
    endloop
  endfacet
  facet normal 0 0 1
    outer loop
      vertex 156.973 2.50652 3
      vertex 158 -1.55573 3
      vertex 157.029 2.34944 3
    endloop
  endfacet
  facet normal 0 0 1
    outer loop
      vertex 158 -74.0443 3
      vertex 157.101 -77.7986 3
      vertex 157.187 -77.6555 3
    endloop
  endfacet
  facet normal 0 0 1
    outer loop
      vertex 158 -1.55573 3
      vertex 156.973 2.50652 3
      vertex 158 -74.0443 3
    endloop
  endfacet
  facet normal 0 0 1
    outer loop
      vertex 158 -74.0443 3
      vertex 157.029 -77.9494 3
      vertex 157.101 -77.7986 3
    endloop
  endfacet
  facet normal 0 0 1
    outer loop
      vertex 156.973 -78.1065 3
      vertex 158 -74.0443 3
      vertex 156.973 2.50652 3
    endloop
  endfacet
  facet normal 0 0 1
    outer loop
      vertex 158 -74.0443 3
      vertex 156.973 -78.1065 3
      vertex 157.029 -77.9494 3
    endloop
  endfacet
  facet normal 0 0 1
    outer loop
      vertex 156.933 2.66835 3
      vertex 156.973 -78.1065 3
      vertex 156.973 2.50652 3
    endloop
  endfacet
  facet normal 0 0 1
    outer loop
      vertex 156.933 2.66835 3
      vertex 156.933 -78.2683 3
      vertex 156.973 -78.1065 3
    endloop
  endfacet
  facet normal 0 0 1
    outer loop
      vertex 156.908 2.83337 3
      vertex 156.933 -78.2683 3
      vertex 156.933 2.66835 3
    endloop
  endfacet
  facet normal 0 0 1
    outer loop
      vertex 156.908 2.83337 3
      vertex 156.908 -78.4334 3
      vertex 156.933 -78.2683 3
    endloop
  endfacet
  facet normal 0 0 1
    outer loop
      vertex 156.9 3 3
      vertex 156.908 -78.4334 3
      vertex 156.908 2.83337 3
    endloop
  endfacet
  facet normal 0 0 1
    outer loop
      vertex 156.908 -78.4334 3
      vertex 156.9 3 3
      vertex 156.9 -78.6 3
    endloop
  endfacet
  facet normal 0 0 1
    outer loop
      vertex 162.425 -81.1556 3
      vertex 160.014 -79.5445 3
      vertex 162.156 -81.5182 3
    endloop
  endfacet
  facet normal -0 0 1
    outer loop
      vertex 159.914 -79.6785 3
      vertex 162.156 -81.5182 3
      vertex 160.014 -79.5445 3
    endloop
  endfacet
  facet normal 0 0 1
    outer loop
      vertex 162.156 -81.5182 3
      vertex 159.914 -79.6785 3
      vertex 161.853 -81.8527 3
    endloop
  endfacet
  facet normal -0 0 1
    outer loop
      vertex 159.802 -79.8021 3
      vertex 161.853 -81.8527 3
      vertex 159.914 -79.6785 3
    endloop
  endfacet
  facet normal 0 0 1
    outer loop
      vertex 161.853 -81.8527 3
      vertex 159.802 -79.8021 3
      vertex 161.518 -82.1558 3
    endloop
  endfacet
  facet normal -0 0 1
    outer loop
      vertex 159.678 -79.9141 3
      vertex 161.518 -82.1558 3
      vertex 159.802 -79.8021 3
    endloop
  endfacet
  facet normal 0 0 1
    outer loop
      vertex 161.518 -82.1558 3
      vertex 159.678 -79.9141 3
      vertex 161.156 -82.4248 3
    endloop
  endfacet
  facet normal -0 0 1
    outer loop
      vertex 159.544 -80.0135 3
      vertex 161.156 -82.4248 3
      vertex 159.678 -79.9141 3
    endloop
  endfacet
  facet normal 0 0 1
    outer loop
      vertex 161.156 -82.4248 3
      vertex 159.544 -80.0135 3
      vertex 160.768 -82.6568 3
    endloop
  endfacet
  facet normal -0 0 1
    outer loop
      vertex 159.401 -80.0993 3
      vertex 160.768 -82.6568 3
      vertex 159.544 -80.0135 3
    endloop
  endfacet
  facet normal 0 0 1
    outer loop
      vertex 160.768 -82.6568 3
      vertex 159.401 -80.0993 3
      vertex 160.36 -82.8498 3
    endloop
  endfacet
  facet normal -0 0 1
    outer loop
      vertex 159.251 -80.1706 3
      vertex 160.36 -82.8498 3
      vertex 159.401 -80.0993 3
    endloop
  endfacet
  facet normal 0 0 1
    outer loop
      vertex 160.36 -82.8498 3
      vertex 159.251 -80.1706 3
      vertex 159.935 -83.0019 3
    endloop
  endfacet
  facet normal -0 0 1
    outer loop
      vertex 159.093 -80.2268 3
      vertex 159.935 -83.0019 3
      vertex 159.251 -80.1706 3
    endloop
  endfacet
  facet normal 0 0 1
    outer loop
      vertex 159.935 -83.0019 3
      vertex 159.093 -80.2268 3
      vertex 159.497 -83.1116 3
    endloop
  endfacet
  facet normal -0 0 1
    outer loop
      vertex 158.932 -80.2673 3
      vertex 159.497 -83.1116 3
      vertex 159.093 -80.2268 3
    endloop
  endfacet
  facet normal 0 0 1
    outer loop
      vertex 159.497 -83.1116 3
      vertex 158.932 -80.2673 3
      vertex 159.051 -83.1778 3
    endloop
  endfacet
  facet normal -0 0 1
    outer loop
      vertex 158.767 -80.2918 3
      vertex 159.051 -83.1778 3
      vertex 158.932 -80.2673 3
    endloop
  endfacet
  facet normal -0 0 1
    outer loop
      vertex 158.6 -80.3 3
      vertex 159.051 -83.1778 3
      vertex 158.767 -80.2918 3
    endloop
  endfacet
  facet normal 0 0 1
    outer loop
      vertex 158.6 -80.3 3
      vertex 158.6 -83.2 3
      vertex 159.051 -83.1778 3
    endloop
  endfacet
  facet normal 0 0 1
    outer loop
      vertex 158.433 -80.2918 3
      vertex 158.6 -83.2 3
      vertex 158.6 -80.3 3
    endloop
  endfacet
  facet normal 0 0 1
    outer loop
      vertex 158.149 -83.1778 3
      vertex 158.433 -80.2918 3
      vertex 158.268 -80.2673 3
    endloop
  endfacet
  facet normal 0 0 1
    outer loop
      vertex 158.433 -80.2918 3
      vertex 158.149 -83.1778 3
      vertex 158.6 -83.2 3
    endloop
  endfacet
  facet normal 0 0 1
    outer loop
      vertex 157.703 -83.1116 3
      vertex 158.268 -80.2673 3
      vertex 158.107 -80.2268 3
    endloop
  endfacet
  facet normal 0 0 1
    outer loop
      vertex 157.265 -83.0019 3
      vertex 158.107 -80.2268 3
      vertex 157.949 -80.1706 3
    endloop
  endfacet
  facet normal 0 0 1
    outer loop
      vertex 156.84 -82.8498 3
      vertex 157.949 -80.1706 3
      vertex 157.799 -80.0993 3
    endloop
  endfacet
  facet normal 0 0 1
    outer loop
      vertex 158.268 -80.2673 3
      vertex 157.703 -83.1116 3
      vertex 158.149 -83.1778 3
    endloop
  endfacet
  facet normal 0 0 1
    outer loop
      vertex 156.432 -82.6568 3
      vertex 157.799 -80.0993 3
      vertex 157.656 -80.0135 3
    endloop
  endfacet
  facet normal 0 0 1
    outer loop
      vertex 156.044 -82.4248 3
      vertex 157.656 -80.0135 3
      vertex 157.522 -79.9141 3
    endloop
  endfacet
  facet normal 0 0 1
    outer loop
      vertex 155.682 -82.1558 3
      vertex 157.522 -79.9141 3
      vertex 157.398 -79.8021 3
    endloop
  endfacet
  facet normal 0 0 1
    outer loop
      vertex 155.347 -81.8527 3
      vertex 157.398 -79.8021 3
      vertex 157.286 -79.6785 3
    endloop
  endfacet
  facet normal 0 0 1
    outer loop
      vertex 158.107 -80.2268 3
      vertex 157.265 -83.0019 3
      vertex 157.703 -83.1116 3
    endloop
  endfacet
  facet normal 0 0 1
    outer loop
      vertex 155.044 -81.5182 3
      vertex 157.286 -79.6785 3
      vertex 157.187 -79.5445 3
    endloop
  endfacet
  facet normal 0 0 1
    outer loop
      vertex 154.775 -81.1556 3
      vertex 157.187 -79.5445 3
      vertex 157.101 -79.4014 3
    endloop
  endfacet
  facet normal 0 0 1
    outer loop
      vertex 154.543 -80.7684 3
      vertex 157.101 -79.4014 3
      vertex 157.029 -79.2506 3
    endloop
  endfacet
  facet normal 0 0 1
    outer loop
      vertex 154.35 -80.3603 3
      vertex 157.029 -79.2506 3
      vertex 156.973 -79.0935 3
    endloop
  endfacet
  facet normal 0 0 1
    outer loop
      vertex 154.198 -79.9353 3
      vertex 156.973 -79.0935 3
      vertex 156.933 -78.9317 3
    endloop
  endfacet
  facet normal 0 0 1
    outer loop
      vertex 154.088 -79.4974 3
      vertex 156.933 -78.9317 3
      vertex 156.908 -78.7666 3
    endloop
  endfacet
  facet normal 0 0 1
    outer loop
      vertex 157.949 -80.1706 3
      vertex 156.84 -82.8498 3
      vertex 157.265 -83.0019 3
    endloop
  endfacet
  facet normal 0 0 1
    outer loop
      vertex 154.022 -79.0509 3
      vertex 156.908 -78.7666 3
      vertex 156.9 -78.6 3
    endloop
  endfacet
  facet normal 0 0 1
    outer loop
      vertex 156.9 3 3
      vertex 155.3 -0.299999 3
      vertex 156.9 -78.6 3
    endloop
  endfacet
  facet normal -0 0 1
    outer loop
      vertex 154.543 5.16841 3
      vertex 157.101 3.80137 3
      vertex 154.775 5.55562 3
    endloop
  endfacet
  facet normal -0 0 1
    outer loop
      vertex 155.3 -75.3 3
      vertex 156.9 -78.6 3
      vertex 155.3 -0.299999 3
    endloop
  endfacet
  facet normal 0 0 1
    outer loop
      vertex 157.101 3.80137 3
      vertex 154.543 5.16841 3
      vertex 157.029 3.65056 3
    endloop
  endfacet
  facet normal -0 0 1
    outer loop
      vertex 154.044 -78 3
      vertex 156.9 -78.6 3
      vertex 155.3 -75.3 3
    endloop
  endfacet
  facet normal -0 0 1
    outer loop
      vertex 154.35 4.76033 3
      vertex 157.029 3.65056 3
      vertex 154.543 5.16841 3
    endloop
  endfacet
  facet normal -0 0 1
    outer loop
      vertex 154.022 -78.1491 3
      vertex 156.9 -78.6 3
      vertex 154.044 -78 3
    endloop
  endfacet
  facet normal 0 0 1
    outer loop
      vertex 157.029 3.65056 3
      vertex 154.35 4.76033 3
      vertex 156.973 3.49348 3
    endloop
  endfacet
  facet normal 0 0 1
    outer loop
      vertex 157.799 -80.0993 3
      vertex 156.432 -82.6568 3
      vertex 156.84 -82.8498 3
    endloop
  endfacet
  facet normal 0 0 1
    outer loop
      vertex 157.656 -80.0135 3
      vertex 156.044 -82.4248 3
      vertex 156.432 -82.6568 3
    endloop
  endfacet
  facet normal -0 0 1
    outer loop
      vertex 154.198 4.3353 3
      vertex 156.973 3.49348 3
      vertex 154.35 4.76033 3
    endloop
  endfacet
  facet normal 0 0 1
    outer loop
      vertex 156.973 3.49348 3
      vertex 154.198 4.3353 3
      vertex 156.933 3.33165 3
    endloop
  endfacet
  facet normal -0 0 1
    outer loop
      vertex 154.088 3.89742 3
      vertex 156.933 3.33165 3
      vertex 154.198 4.3353 3
    endloop
  endfacet
  facet normal 0 0 1
    outer loop
      vertex 156.933 3.33165 3
      vertex 154.088 3.89742 3
      vertex 156.908 3.16663 3
    endloop
  endfacet
  facet normal -0 0 1
    outer loop
      vertex 154.022 3.45087 3
      vertex 156.908 3.16663 3
      vertex 154.088 3.89742 3
    endloop
  endfacet
  facet normal 0 0 1
    outer loop
      vertex 156.908 3.16663 3
      vertex 154.022 3.45087 3
      vertex 156.9 3 3
    endloop
  endfacet
  facet normal 0 0 1
    outer loop
      vertex 156.9 3 3
      vertex 154.044 2.39999 3
      vertex 155.3 -0.299999 3
    endloop
  endfacet
  facet normal 0 0 1
    outer loop
      vertex 145.1 -0.299999 3
      vertex 154.044 2.39999 3
      vertex 145.1 1 3
    endloop
  endfacet
  facet normal 0 0 1
    outer loop
      vertex 154.044 2.39999 3
      vertex 145.1 -0.299999 3
      vertex 155.3 -0.299999 3
    endloop
  endfacet
  facet normal 0 0 1
    outer loop
      vertex 154 3 3
      vertex 156.9 3 3
      vertex 154.022 3.45087 3
    endloop
  endfacet
  facet normal 0 -0 1
    outer loop
      vertex 154.022 2.54912 3
      vertex 156.9 3 3
      vertex 154 3 3
    endloop
  endfacet
  facet normal 0 0 1
    outer loop
      vertex 156.9 3 3
      vertex 154.022 2.54912 3
      vertex 154.044 2.39999 3
    endloop
  endfacet
  facet normal 0 0 1
    outer loop
      vertex 157.522 -79.9141 3
      vertex 155.682 -82.1558 3
      vertex 156.044 -82.4248 3
    endloop
  endfacet
  facet normal 0 0 1
    outer loop
      vertex 157.398 -79.8021 3
      vertex 155.347 -81.8527 3
      vertex 155.682 -82.1558 3
    endloop
  endfacet
  facet normal 0 0 1
    outer loop
      vertex 157.286 -79.6785 3
      vertex 155.044 -81.5182 3
      vertex 155.347 -81.8527 3
    endloop
  endfacet
  facet normal 0 0 1
    outer loop
      vertex 157.187 -79.5445 3
      vertex 154.775 -81.1556 3
      vertex 155.044 -81.5182 3
    endloop
  endfacet
  facet normal 0 0 1
    outer loop
      vertex 157.101 -79.4014 3
      vertex 154.543 -80.7684 3
      vertex 154.775 -81.1556 3
    endloop
  endfacet
  facet normal 0 0 1
    outer loop
      vertex 157.029 -79.2506 3
      vertex 154.35 -80.3603 3
      vertex 154.543 -80.7684 3
    endloop
  endfacet
  facet normal 0 0 1
    outer loop
      vertex 156.973 -79.0935 3
      vertex 154.198 -79.9353 3
      vertex 154.35 -80.3603 3
    endloop
  endfacet
  facet normal 0 0 1
    outer loop
      vertex 156.933 -78.9317 3
      vertex 154.088 -79.4974 3
      vertex 154.198 -79.9353 3
    endloop
  endfacet
  facet normal 0 0 1
    outer loop
      vertex 155.3 -75.3 3
      vertex 1.55573 -78 3
      vertex 154.044 -78 3
    endloop
  endfacet
  facet normal -0 0 1
    outer loop
      vertex -1.30819 -78.7666 3
      vertex 1.57784 -79.0509 3
      vertex -1.3 -78.6 3
    endloop
  endfacet
  facet normal -0 0 1
    outer loop
      vertex -1.33266 -78.9317 3
      vertex 1.51161 -79.4974 3
      vertex -1.30819 -78.7666 3
    endloop
  endfacet
  facet normal 0 0 1
    outer loop
      vertex 1.51161 -79.4974 3
      vertex -1.33266 -78.9317 3
      vertex 1.40192 -79.9353 3
    endloop
  endfacet
  facet normal 0 0 1
    outer loop
      vertex 1.40192 -79.9353 3
      vertex -1.3732 -79.0935 3
      vertex 1.24983 -80.3603 3
    endloop
  endfacet
  facet normal -0 0 1
    outer loop
      vertex -1.4294 -79.2506 3
      vertex 1.24983 -80.3603 3
      vertex -1.3732 -79.0935 3
    endloop
  endfacet
  facet normal -0 0 1
    outer loop
      vertex 0.299999 -75.3 3
      vertex 1.55573 -78 3
      vertex 155.3 -75.3 3
    endloop
  endfacet
  facet normal -0 0 1
    outer loop
      vertex -1.50073 -77.7986 3
      vertex 1.55573 -78 3
      vertex 0.299999 -75.3 3
    endloop
  endfacet
  facet normal 0 0 1
    outer loop
      vertex 1.57784 -79.0509 3
      vertex -1.30819 -78.7666 3
      vertex 1.51161 -79.4974 3
    endloop
  endfacet
  facet normal 0 0 1
    outer loop
      vertex 0.299999 -0.299999 3
      vertex -2.39999 -1.55573 3
      vertex 0.299999 -75.3 3
    endloop
  endfacet
  facet normal 0 0 1
    outer loop
      vertex -1.79792 4.20208 3
      vertex 0.252686 6.25269 3
      vertex -0.0817871 6.55585 3
    endloop
  endfacet
  facet normal -0 0 1
    outer loop
      vertex -2.39999 -74.0443 3
      vertex 0.299999 -75.3 3
      vertex -2.39999 -1.55573 3
    endloop
  endfacet
  facet normal 0 0 1
    outer loop
      vertex -1.92153 4.31412 3
      vertex -0.0817871 6.55585 3
      vertex -0.444366 6.82475 3
    endloop
  endfacet
  facet normal 0 0 1
    outer loop
      vertex 0.252686 6.25269 3
      vertex -1.33266 2.66835 3
      vertex -1.3732 2.50652 3
    endloop
  endfacet
  facet normal 0 0 1
    outer loop
      vertex -2.05553 4.4135 3
      vertex -0.444366 6.82475 3
      vertex -0.831573 7.05682 3
    endloop
  endfacet
  facet normal 0 0 1
    outer loop
      vertex 0.252686 6.25269 3
      vertex -1.30819 2.83337 3
      vertex -1.33266 2.66835 3
    endloop
  endfacet
  facet normal 0 0 1
    outer loop
      vertex -2.19862 4.49927 3
      vertex -0.831573 7.05682 3
      vertex -1.23965 7.24983 3
    endloop
  endfacet
  facet normal 0 0 1
    outer loop
      vertex 0.252686 6.25269 3
      vertex -1.3 3 3
      vertex -1.30819 2.83337 3
    endloop
  endfacet
  facet normal 0 0 1
    outer loop
      vertex 0.252686 6.25269 3
      vertex -1.3732 2.50652 3
      vertex -2.39999 -1.55573 3
    endloop
  endfacet
  facet normal 0 0 1
    outer loop
      vertex 0.252686 6.25269 3
      vertex -1.30819 3.16663 3
      vertex -1.3 3 3
    endloop
  endfacet
  facet normal 0 0 1
    outer loop
      vertex 0.252686 6.25269 3
      vertex -1.33266 3.33165 3
      vertex -1.30819 3.16663 3
    endloop
  endfacet
  facet normal 0 0 1
    outer loop
      vertex 0.252686 6.25269 3
      vertex -1.3732 3.49348 3
      vertex -1.33266 3.33165 3
    endloop
  endfacet
  facet normal 0 0 1
    outer loop
      vertex 0.252686 6.25269 3
      vertex -1.4294 3.65056 3
      vertex -1.3732 3.49348 3
    endloop
  endfacet
  facet normal 0 0 1
    outer loop
      vertex 0.252686 6.25269 3
      vertex -1.50073 3.80137 3
      vertex -1.4294 3.65056 3
    endloop
  endfacet
  facet normal 0 0 1
    outer loop
      vertex 0.252686 6.25269 3
      vertex -1.5865 3.94447 3
      vertex -1.50073 3.80137 3
    endloop
  endfacet
  facet normal 0 0 1
    outer loop
      vertex -2.34944 4.57059 3
      vertex -1.23965 7.24983 3
      vertex -1.66469 7.40192 3
    endloop
  endfacet
  facet normal 0 0 1
    outer loop
      vertex 0.252686 6.25269 3
      vertex -1.68588 4.07847 3
      vertex -1.5865 3.94447 3
    endloop
  endfacet
  facet normal 0 0 1
    outer loop
      vertex 0.252686 6.25269 3
      vertex -1.79792 4.20208 3
      vertex -1.68588 4.07847 3
    endloop
  endfacet
  facet normal 0 0 1
    outer loop
      vertex -0.0817871 6.55585 3
      vertex -1.92153 4.31412 3
      vertex -1.79792 4.20208 3
    endloop
  endfacet
  facet normal 0 0 1
    outer loop
      vertex -0.444366 6.82475 3
      vertex -2.05553 4.4135 3
      vertex -1.92153 4.31412 3
    endloop
  endfacet
  facet normal 0 0 1
    outer loop
      vertex -2.50652 4.6268 3
      vertex -1.66469 7.40192 3
      vertex -2.10257 7.51161 3
    endloop
  endfacet
  facet normal 0 0 1
    outer loop
      vertex -0.831573 7.05682 3
      vertex -2.19862 4.49927 3
      vertex -2.05553 4.4135 3
    endloop
  endfacet
  facet normal 0 0 1
    outer loop
      vertex -1.23965 7.24983 3
      vertex -2.34944 4.57059 3
      vertex -2.19862 4.49927 3
    endloop
  endfacet
  facet normal 0 0 1
    outer loop
      vertex -1.66469 7.40192 3
      vertex -2.50652 4.6268 3
      vertex -2.34944 4.57059 3
    endloop
  endfacet
  facet normal 0 0 1
    outer loop
      vertex -2.66835 4.66733 3
      vertex -2.10257 7.51161 3
      vertex -2.54912 7.57784 3
    endloop
  endfacet
  facet normal 0 0 1
    outer loop
      vertex -2.10257 7.51161 3
      vertex -2.66835 4.66733 3
      vertex -2.50652 4.6268 3
    endloop
  endfacet
  facet normal 0 0 1
    outer loop
      vertex -2.54912 7.57784 3
      vertex -2.83337 4.69181 3
      vertex -2.66835 4.66733 3
    endloop
  endfacet
  facet normal 0 0 1
    outer loop
      vertex -3 7.59999 3
      vertex -2.83337 4.69181 3
      vertex -2.54912 7.57784 3
    endloop
  endfacet
  facet normal 0 0 1
    outer loop
      vertex -3 7.59999 3
      vertex -3 4.7 3
      vertex -2.83337 4.69181 3
    endloop
  endfacet
  facet normal 0 0 1
    outer loop
      vertex -3 7.59999 3
      vertex -3.16663 4.69181 3
      vertex -3 4.7 3
    endloop
  endfacet
  facet normal -0 0 1
    outer loop
      vertex -3.45087 7.57784 3
      vertex -3.16663 4.69181 3
      vertex -3 7.59999 3
    endloop
  endfacet
  facet normal 0 0 1
    outer loop
      vertex -3.16663 4.69181 3
      vertex -3.45087 7.57784 3
      vertex -3.33165 4.66733 3
    endloop
  endfacet
  facet normal -0 0 1
    outer loop
      vertex -3.89742 7.51161 3
      vertex -3.33165 4.66733 3
      vertex -3.45087 7.57784 3
    endloop
  endfacet
  facet normal 0 0 1
    outer loop
      vertex -3.33165 4.66733 3
      vertex -3.89742 7.51161 3
      vertex -3.49348 4.6268 3
    endloop
  endfacet
  facet normal -0 0 1
    outer loop
      vertex -4.3353 7.40192 3
      vertex -3.49348 4.6268 3
      vertex -3.89742 7.51161 3
    endloop
  endfacet
  facet normal 0 0 1
    outer loop
      vertex -3.49348 4.6268 3
      vertex -4.3353 7.40192 3
      vertex -3.65056 4.57059 3
    endloop
  endfacet
  facet normal -0 0 1
    outer loop
      vertex -4.76033 7.24983 3
      vertex -3.65056 4.57059 3
      vertex -4.3353 7.40192 3
    endloop
  endfacet
  facet normal 0 0 1
    outer loop
      vertex -3.65056 4.57059 3
      vertex -4.76033 7.24983 3
      vertex -3.80137 4.49927 3
    endloop
  endfacet
  facet normal -0 0 1
    outer loop
      vertex -5.16841 7.05682 3
      vertex -3.80137 4.49927 3
      vertex -4.76033 7.24983 3
    endloop
  endfacet
  facet normal 0 0 1
    outer loop
      vertex -3.80137 4.49927 3
      vertex -5.16841 7.05682 3
      vertex -3.94447 4.4135 3
    endloop
  endfacet
  facet normal -0 0 1
    outer loop
      vertex -5.55562 6.82475 3
      vertex -3.94447 4.4135 3
      vertex -5.16841 7.05682 3
    endloop
  endfacet
  facet normal 0 0 1
    outer loop
      vertex -3.94447 4.4135 3
      vertex -5.55562 6.82475 3
      vertex -4.07847 4.31412 3
    endloop
  endfacet
  facet normal -0 0 1
    outer loop
      vertex -5.9182 6.55585 3
      vertex -4.07847 4.31412 3
      vertex -5.55562 6.82475 3
    endloop
  endfacet
  facet normal 0 0 1
    outer loop
      vertex -4.07847 4.31412 3
      vertex -5.9182 6.55585 3
      vertex -4.20208 4.20208 3
    endloop
  endfacet
  facet normal -0 0 1
    outer loop
      vertex -6.25269 6.25269 3
      vertex -4.20208 4.20208 3
      vertex -5.9182 6.55585 3
    endloop
  endfacet
  facet normal 0 0 1
    outer loop
      vertex -4.20208 4.20208 3
      vertex -6.25269 6.25269 3
      vertex -4.31412 4.07847 3
    endloop
  endfacet
  facet normal -0 0 1
    outer loop
      vertex -6.55585 5.9182 3
      vertex -4.31412 4.07847 3
      vertex -6.25269 6.25269 3
    endloop
  endfacet
  facet normal -0 0 1
    outer loop
      vertex -6.82475 5.55562 3
      vertex -4.4135 3.94447 3
      vertex -6.55585 5.9182 3
    endloop
  endfacet
  facet normal 0 0 1
    outer loop
      vertex -4.31412 4.07847 3
      vertex -6.55585 5.9182 3
      vertex -4.4135 3.94447 3
    endloop
  endfacet
  facet normal 0 0 1
    outer loop
      vertex 156.9 -78.6 3
      vertex 154.022 -78.1491 3
      vertex 154 -78.6 3
    endloop
  endfacet
  facet normal 0 0 1
    outer loop
      vertex 156.908 -78.7666 3
      vertex 154.022 -79.0509 3
      vertex 154.088 -79.4974 3
    endloop
  endfacet
  facet normal 0 0 1
    outer loop
      vertex 156.9 -78.6 3
      vertex 154 -78.6 3
      vertex 154.022 -79.0509 3
    endloop
  endfacet
  facet normal 0 0 1
    outer loop
      vertex 154.044 2.39999 3
      vertex 127.1 1 3
      vertex 145.1 1 3
    endloop
  endfacet
  facet normal -0 0 1
    outer loop
      vertex 1.55573 2.39999 3
      vertex 127.1 1 3
      vertex 154.044 2.39999 3
    endloop
  endfacet
  facet normal 0 0 1
    outer loop
      vertex 1.55573 2.39999 3
      vertex 127.1 -0.299999 3
      vertex 127.1 1 3
    endloop
  endfacet
  facet normal 0 0 1
    outer loop
      vertex 1.40192 4.3353 3
      vertex 1.55573 2.39999 3
      vertex 1.51161 3.89742 3
    endloop
  endfacet
  facet normal 0 0 1
    outer loop
      vertex 1.24983 4.76033 3
      vertex 1.55573 2.39999 3
      vertex 1.40192 4.3353 3
    endloop
  endfacet
  facet normal 0 0 1
    outer loop
      vertex 1.05682 5.16841 3
      vertex 1.55573 2.39999 3
      vertex 1.24983 4.76033 3
    endloop
  endfacet
  facet normal 0 0 1
    outer loop
      vertex 0.824753 5.55562 3
      vertex 1.55573 2.39999 3
      vertex 1.05682 5.16841 3
    endloop
  endfacet
  facet normal 0 0 1
    outer loop
      vertex 0.555847 5.9182 3
      vertex 1.55573 2.39999 3
      vertex 0.824753 5.55562 3
    endloop
  endfacet
  facet normal 0 0 1
    outer loop
      vertex 1.55573 2.39999 3
      vertex 0.299999 -0.299999 3
      vertex 127.1 -0.299999 3
    endloop
  endfacet
  facet normal 0 0 1
    outer loop
      vertex 0.252686 6.25269 3
      vertex 1.55573 2.39999 3
      vertex 0.555847 5.9182 3
    endloop
  endfacet
  facet normal 0 0 1
    outer loop
      vertex 1.55573 2.39999 3
      vertex -2.39999 -1.55573 3
      vertex 0.299999 -0.299999 3
    endloop
  endfacet
  facet normal 0 0 1
    outer loop
      vertex -2.39999 -1.55573 3
      vertex 1.55573 2.39999 3
      vertex 0.252686 6.25269 3
    endloop
  endfacet
  facet normal -0 0 1
    outer loop
      vertex -1.50073 -79.4014 3
      vertex 1.05682 -80.7684 3
      vertex -1.4294 -79.2506 3
    endloop
  endfacet
  facet normal 0 0 1
    outer loop
      vertex 1.05682 -80.7684 3
      vertex -1.50073 -79.4014 3
      vertex 0.824753 -81.1556 3
    endloop
  endfacet
  facet normal -0 0 1
    outer loop
      vertex -1.3732 -79.0935 3
      vertex 1.40192 -79.9353 3
      vertex -1.33266 -78.9317 3
    endloop
  endfacet
  facet normal 0 0 1
    outer loop
      vertex 1.24983 -80.3603 3
      vertex -1.4294 -79.2506 3
      vertex 1.05682 -80.7684 3
    endloop
  endfacet
  facet normal 0 -0 1
    outer loop
      vertex -2.19862 -77.1007 3
      vertex 0.299999 -75.3 3
      vertex -2.39999 -74.0443 3
    endloop
  endfacet
  facet normal 0 0 1
    outer loop
      vertex 1.55573 -78 3
      vertex -1.30819 -78.4334 3
      vertex -1.3 -78.6 3
    endloop
  endfacet
  facet normal 0 0 1
    outer loop
      vertex -2.39999 -1.55573 3
      vertex -1.3732 2.50652 3
      vertex -1.4294 2.34944 3
    endloop
  endfacet
  facet normal 0 0 1
    outer loop
      vertex 1.55573 -78 3
      vertex -1.3732 -78.1065 3
      vertex -1.33266 -78.2683 3
    endloop
  endfacet
  facet normal 0 0 1
    outer loop
      vertex -2.39999 -1.55573 3
      vertex -1.4294 2.34944 3
      vertex -1.50073 2.19862 3
    endloop
  endfacet
  facet normal 0 0 1
    outer loop
      vertex 1.55573 -78 3
      vertex -1.33266 -78.2683 3
      vertex -1.30819 -78.4334 3
    endloop
  endfacet
  facet normal 0 0 1
    outer loop
      vertex -2.39999 -1.55573 3
      vertex -1.50073 2.19862 3
      vertex -1.5865 2.05553 3
    endloop
  endfacet
  facet normal 0 0 1
    outer loop
      vertex 1.55573 -78 3
      vertex -1.4294 -77.9494 3
      vertex -1.3732 -78.1065 3
    endloop
  endfacet
  facet normal 0 0 1
    outer loop
      vertex -2.39999 -1.55573 3
      vertex -1.5865 2.05553 3
      vertex -1.68588 1.92153 3
    endloop
  endfacet
  facet normal 0 0 1
    outer loop
      vertex 1.55573 -78 3
      vertex -1.50073 -77.7986 3
      vertex -1.4294 -77.9494 3
    endloop
  endfacet
  facet normal 0 0 1
    outer loop
      vertex -2.39999 -1.55573 3
      vertex -1.68588 1.92153 3
      vertex -1.79792 1.79792 3
    endloop
  endfacet
  facet normal 0 0 1
    outer loop
      vertex 0.299999 -75.3 3
      vertex -1.5865 -77.6555 3
      vertex -1.50073 -77.7986 3
    endloop
  endfacet
  facet normal 0 0 1
    outer loop
      vertex -2.39999 -1.55573 3
      vertex -1.79792 1.79792 3
      vertex -1.92153 1.68588 3
    endloop
  endfacet
  facet normal 0 0 1
    outer loop
      vertex 0.299999 -75.3 3
      vertex -1.68588 -77.5215 3
      vertex -1.5865 -77.6555 3
    endloop
  endfacet
  facet normal 0 0 1
    outer loop
      vertex -2.39999 -1.55573 3
      vertex -1.92153 1.68588 3
      vertex -2.05553 1.5865 3
    endloop
  endfacet
  facet normal 0 0 1
    outer loop
      vertex 0.299999 -75.3 3
      vertex -1.79792 -77.3979 3
      vertex -1.68588 -77.5215 3
    endloop
  endfacet
  facet normal 0 0 1
    outer loop
      vertex -2.39999 -1.55573 3
      vertex -2.05553 1.5865 3
      vertex -2.19862 1.50073 3
    endloop
  endfacet
  facet normal 0 0 1
    outer loop
      vertex 0.299999 -75.3 3
      vertex -1.92153 -77.2859 3
      vertex -1.79792 -77.3979 3
    endloop
  endfacet
  facet normal 0 0 1
    outer loop
      vertex -2.39999 -1.55573 3
      vertex -2.19862 1.50073 3
      vertex -2.34944 1.4294 3
    endloop
  endfacet
  facet normal 0 0 1
    outer loop
      vertex 0.299999 -75.3 3
      vertex -2.05553 -77.1865 3
      vertex -1.92153 -77.2859 3
    endloop
  endfacet
  facet normal 0 0 1
    outer loop
      vertex 0.299999 -75.3 3
      vertex -2.19862 -77.1007 3
      vertex -2.05553 -77.1865 3
    endloop
  endfacet
  facet normal -0 0 1
    outer loop
      vertex -2.50652 1.3732 3
      vertex -2.39999 -1.55573 3
      vertex -2.34944 1.4294 3
    endloop
  endfacet
  facet normal -0 0 1
    outer loop
      vertex -2.66835 1.33266 3
      vertex -2.39999 -1.55573 3
      vertex -2.50652 1.3732 3
    endloop
  endfacet
  facet normal -0 0 1
    outer loop
      vertex -2.83337 1.30819 3
      vertex -2.39999 -1.55573 3
      vertex -2.66835 1.33266 3
    endloop
  endfacet
  facet normal 0 0 1
    outer loop
      vertex -2.39999 -1.55573 3
      vertex -2.83337 1.30819 3
      vertex -2.54912 -1.57784 3
    endloop
  endfacet
  facet normal -0 0 1
    outer loop
      vertex -3 1.3 3
      vertex -2.54912 -1.57784 3
      vertex -2.83337 1.30819 3
    endloop
  endfacet
  facet normal 0 0 1
    outer loop
      vertex -3 1.3 3
      vertex -3 -1.59999 3
      vertex -2.54912 -1.57784 3
    endloop
  endfacet
  facet normal 0 0 1
    outer loop
      vertex -3.16663 1.30819 3
      vertex -3 -1.59999 3
      vertex -3 1.3 3
    endloop
  endfacet
  facet normal 0 0 1
    outer loop
      vertex -3.45087 -1.57784 3
      vertex -3.16663 1.30819 3
      vertex -3.33165 1.33266 3
    endloop
  endfacet
  facet normal 0 0 1
    outer loop
      vertex -3.16663 1.30819 3
      vertex -3.45087 -1.57784 3
      vertex -3 -1.59999 3
    endloop
  endfacet
  facet normal 0 0 1
    outer loop
      vertex -3.89742 -1.51161 3
      vertex -3.33165 1.33266 3
      vertex -3.49348 1.3732 3
    endloop
  endfacet
  facet normal 0 0 1
    outer loop
      vertex -4.3353 -1.40192 3
      vertex -3.49348 1.3732 3
      vertex -3.65056 1.4294 3
    endloop
  endfacet
  facet normal 0 0 1
    outer loop
      vertex -4.76033 -1.24983 3
      vertex -3.65056 1.4294 3
      vertex -3.80137 1.50073 3
    endloop
  endfacet
  facet normal 0 0 1
    outer loop
      vertex -3.33165 1.33266 3
      vertex -3.89742 -1.51161 3
      vertex -3.45087 -1.57784 3
    endloop
  endfacet
  facet normal 0 0 1
    outer loop
      vertex -5.16841 -1.05682 3
      vertex -3.80137 1.50073 3
      vertex -3.94447 1.5865 3
    endloop
  endfacet
  facet normal 0 0 1
    outer loop
      vertex -5.55562 -0.824753 3
      vertex -3.94447 1.5865 3
      vertex -4.07847 1.68588 3
    endloop
  endfacet
  facet normal 0 0 1
    outer loop
      vertex -5.9182 -0.555847 3
      vertex -4.07847 1.68588 3
      vertex -4.20208 1.79792 3
    endloop
  endfacet
  facet normal 0 0 1
    outer loop
      vertex -6.25269 -0.252686 3
      vertex -4.20208 1.79792 3
      vertex -4.31412 1.92153 3
    endloop
  endfacet
  facet normal 0 0 1
    outer loop
      vertex -3.49348 1.3732 3
      vertex -4.3353 -1.40192 3
      vertex -3.89742 -1.51161 3
    endloop
  endfacet
  facet normal 0 0 1
    outer loop
      vertex -6.55585 0.0817871 3
      vertex -4.31412 1.92153 3
      vertex -4.4135 2.05553 3
    endloop
  endfacet
  facet normal 0 0 1
    outer loop
      vertex -6.82475 0.444366 3
      vertex -4.4135 2.05553 3
      vertex -4.49927 2.19862 3
    endloop
  endfacet
  facet normal 0 0 1
    outer loop
      vertex -7.05682 0.831573 3
      vertex -4.49927 2.19862 3
      vertex -4.57059 2.34944 3
    endloop
  endfacet
  facet normal 0 0 1
    outer loop
      vertex -7.24983 1.23965 3
      vertex -4.57059 2.34944 3
      vertex -4.6268 2.50652 3
    endloop
  endfacet
  facet normal 0 0 1
    outer loop
      vertex -7.40192 1.66469 3
      vertex -4.6268 2.50652 3
      vertex -4.66733 2.66835 3
    endloop
  endfacet
  facet normal 0 0 1
    outer loop
      vertex -7.51161 2.10257 3
      vertex -4.66733 2.66835 3
      vertex -4.69181 2.83337 3
    endloop
  endfacet
  facet normal 0 0 1
    outer loop
      vertex -3.65056 1.4294 3
      vertex -4.76033 -1.24983 3
      vertex -4.3353 -1.40192 3
    endloop
  endfacet
  facet normal 0 0 1
    outer loop
      vertex -7.57784 2.54912 3
      vertex -4.69181 2.83337 3
      vertex -4.7 3 3
    endloop
  endfacet
  facet normal 0 0 1
    outer loop
      vertex -4.4135 3.94447 3
      vertex -6.82475 5.55562 3
      vertex -4.49927 3.80137 3
    endloop
  endfacet
  facet normal -0 0 1
    outer loop
      vertex -7.05682 5.16841 3
      vertex -4.49927 3.80137 3
      vertex -6.82475 5.55562 3
    endloop
  endfacet
  facet normal 0 0 1
    outer loop
      vertex -3.80137 1.50073 3
      vertex -5.16841 -1.05682 3
      vertex -4.76033 -1.24983 3
    endloop
  endfacet
  facet normal 0 0 1
    outer loop
      vertex -4.49927 3.80137 3
      vertex -7.05682 5.16841 3
      vertex -4.57059 3.65056 3
    endloop
  endfacet
  facet normal 0 0 1
    outer loop
      vertex -3.94447 1.5865 3
      vertex -5.55562 -0.824753 3
      vertex -5.16841 -1.05682 3
    endloop
  endfacet
  facet normal -0 0 1
    outer loop
      vertex -7.24983 4.76033 3
      vertex -4.57059 3.65056 3
      vertex -7.05682 5.16841 3
    endloop
  endfacet
  facet normal 0 0 1
    outer loop
      vertex -4.07847 1.68588 3
      vertex -5.9182 -0.555847 3
      vertex -5.55562 -0.824753 3
    endloop
  endfacet
  facet normal 0 0 1
    outer loop
      vertex -4.57059 3.65056 3
      vertex -7.24983 4.76033 3
      vertex -4.6268 3.49348 3
    endloop
  endfacet
  facet normal 0 0 1
    outer loop
      vertex -4.20208 1.79792 3
      vertex -6.25269 -0.252686 3
      vertex -5.9182 -0.555847 3
    endloop
  endfacet
  facet normal -0 0 1
    outer loop
      vertex -7.40192 4.3353 3
      vertex -4.6268 3.49348 3
      vertex -7.24983 4.76033 3
    endloop
  endfacet
  facet normal 0 0 1
    outer loop
      vertex -4.31412 1.92153 3
      vertex -6.55585 0.0817871 3
      vertex -6.25269 -0.252686 3
    endloop
  endfacet
  facet normal 0 0 1
    outer loop
      vertex -4.6268 3.49348 3
      vertex -7.40192 4.3353 3
      vertex -4.66733 3.33165 3
    endloop
  endfacet
  facet normal 0 0 1
    outer loop
      vertex -4.4135 2.05553 3
      vertex -6.82475 0.444366 3
      vertex -6.55585 0.0817871 3
    endloop
  endfacet
  facet normal -0 0 1
    outer loop
      vertex -7.51161 3.89742 3
      vertex -4.66733 3.33165 3
      vertex -7.40192 4.3353 3
    endloop
  endfacet
  facet normal 0 0 1
    outer loop
      vertex -4.49927 2.19862 3
      vertex -7.05682 0.831573 3
      vertex -6.82475 0.444366 3
    endloop
  endfacet
  facet normal 0 0 1
    outer loop
      vertex -4.66733 3.33165 3
      vertex -7.51161 3.89742 3
      vertex -4.69181 3.16663 3
    endloop
  endfacet
  facet normal 0 0 1
    outer loop
      vertex -4.57059 2.34944 3
      vertex -7.24983 1.23965 3
      vertex -7.05682 0.831573 3
    endloop
  endfacet
  facet normal -0 0 1
    outer loop
      vertex -7.57784 3.45087 3
      vertex -4.69181 3.16663 3
      vertex -7.51161 3.89742 3
    endloop
  endfacet
  facet normal 0 0 1
    outer loop
      vertex -4.6268 2.50652 3
      vertex -7.40192 1.66469 3
      vertex -7.24983 1.23965 3
    endloop
  endfacet
  facet normal 0 0 1
    outer loop
      vertex -4.69181 3.16663 3
      vertex -7.57784 3.45087 3
      vertex -4.7 3 3
    endloop
  endfacet
  facet normal 0 0 1
    outer loop
      vertex -4.66733 2.66835 3
      vertex -7.51161 2.10257 3
      vertex -7.40192 1.66469 3
    endloop
  endfacet
  facet normal 0 0 1
    outer loop
      vertex -7.59999 3 3
      vertex -4.7 3 3
      vertex -7.57784 3.45087 3
    endloop
  endfacet
  facet normal 0 0 1
    outer loop
      vertex -4.69181 2.83337 3
      vertex -7.57784 2.54912 3
      vertex -7.51161 2.10257 3
    endloop
  endfacet
  facet normal 0 0 1
    outer loop
      vertex -4.7 3 3
      vertex -7.59999 3 3
      vertex -7.57784 2.54912 3
    endloop
  endfacet
  facet normal -0 0 1
    outer loop
      vertex -1.5865 -79.5445 3
      vertex 0.824753 -81.1556 3
      vertex -1.50073 -79.4014 3
    endloop
  endfacet
  facet normal 0 0 1
    outer loop
      vertex 0.824753 -81.1556 3
      vertex -1.5865 -79.5445 3
      vertex 0.555847 -81.5182 3
    endloop
  endfacet
  facet normal -0 0 1
    outer loop
      vertex -1.68588 -79.6785 3
      vertex 0.555847 -81.5182 3
      vertex -1.5865 -79.5445 3
    endloop
  endfacet
  facet normal 0 0 1
    outer loop
      vertex 0.555847 -81.5182 3
      vertex -1.68588 -79.6785 3
      vertex 0.252686 -81.8527 3
    endloop
  endfacet
  facet normal -0 0 1
    outer loop
      vertex -1.79792 -79.8021 3
      vertex 0.252686 -81.8527 3
      vertex -1.68588 -79.6785 3
    endloop
  endfacet
  facet normal 0 0 1
    outer loop
      vertex 0.252686 -81.8527 3
      vertex -1.79792 -79.8021 3
      vertex -0.0817871 -82.1558 3
    endloop
  endfacet
  facet normal -0 0 1
    outer loop
      vertex -1.92153 -79.9141 3
      vertex -0.0817871 -82.1558 3
      vertex -1.79792 -79.8021 3
    endloop
  endfacet
  facet normal 0 0 1
    outer loop
      vertex -0.0817871 -82.1558 3
      vertex -1.92153 -79.9141 3
      vertex -0.444366 -82.4248 3
    endloop
  endfacet
  facet normal -0 0 1
    outer loop
      vertex -2.05553 -80.0135 3
      vertex -0.444366 -82.4248 3
      vertex -1.92153 -79.9141 3
    endloop
  endfacet
  facet normal 0 0 1
    outer loop
      vertex -0.444366 -82.4248 3
      vertex -2.05553 -80.0135 3
      vertex -0.831573 -82.6568 3
    endloop
  endfacet
  facet normal -0 0 1
    outer loop
      vertex -2.19862 -80.0993 3
      vertex -0.831573 -82.6568 3
      vertex -2.05553 -80.0135 3
    endloop
  endfacet
  facet normal 0 0 1
    outer loop
      vertex -0.831573 -82.6568 3
      vertex -2.19862 -80.0993 3
      vertex -1.23965 -82.8498 3
    endloop
  endfacet
  facet normal -0 0 1
    outer loop
      vertex -2.34944 -80.1706 3
      vertex -1.23965 -82.8498 3
      vertex -2.19862 -80.0993 3
    endloop
  endfacet
  facet normal 0 0 1
    outer loop
      vertex -1.23965 -82.8498 3
      vertex -2.34944 -80.1706 3
      vertex -1.66469 -83.0019 3
    endloop
  endfacet
  facet normal -0 0 1
    outer loop
      vertex -2.50652 -80.2268 3
      vertex -1.66469 -83.0019 3
      vertex -2.34944 -80.1706 3
    endloop
  endfacet
  facet normal 0 0 1
    outer loop
      vertex -1.66469 -83.0019 3
      vertex -2.50652 -80.2268 3
      vertex -2.10257 -83.1116 3
    endloop
  endfacet
  facet normal -0 0 1
    outer loop
      vertex -2.66835 -80.2673 3
      vertex -2.10257 -83.1116 3
      vertex -2.50652 -80.2268 3
    endloop
  endfacet
  facet normal 0 0 1
    outer loop
      vertex -2.10257 -83.1116 3
      vertex -2.66835 -80.2673 3
      vertex -2.54912 -83.1778 3
    endloop
  endfacet
  facet normal -0 0 1
    outer loop
      vertex -2.83337 -80.2918 3
      vertex -2.54912 -83.1778 3
      vertex -2.66835 -80.2673 3
    endloop
  endfacet
  facet normal -0 0 1
    outer loop
      vertex -3 -80.3 3
      vertex -2.54912 -83.1778 3
      vertex -2.83337 -80.2918 3
    endloop
  endfacet
  facet normal 0 0 1
    outer loop
      vertex -3 -80.3 3
      vertex -3 -83.2 3
      vertex -2.54912 -83.1778 3
    endloop
  endfacet
  facet normal 0 0 1
    outer loop
      vertex -3.16663 -80.2918 3
      vertex -3 -83.2 3
      vertex -3 -80.3 3
    endloop
  endfacet
  facet normal 0 0 1
    outer loop
      vertex -3.45087 -83.1778 3
      vertex -3.16663 -80.2918 3
      vertex -3.33165 -80.2673 3
    endloop
  endfacet
  facet normal 0 0 1
    outer loop
      vertex -3.16663 -80.2918 3
      vertex -3.45087 -83.1778 3
      vertex -3 -83.2 3
    endloop
  endfacet
  facet normal 0 0 1
    outer loop
      vertex -3.89742 -83.1116 3
      vertex -3.33165 -80.2673 3
      vertex -3.49348 -80.2268 3
    endloop
  endfacet
  facet normal 0 0 1
    outer loop
      vertex -4.3353 -83.0019 3
      vertex -3.49348 -80.2268 3
      vertex -3.65056 -80.1706 3
    endloop
  endfacet
  facet normal 0 0 1
    outer loop
      vertex -4.76033 -82.8498 3
      vertex -3.65056 -80.1706 3
      vertex -3.80137 -80.0993 3
    endloop
  endfacet
  facet normal 0 0 1
    outer loop
      vertex -3.33165 -80.2673 3
      vertex -3.89742 -83.1116 3
      vertex -3.45087 -83.1778 3
    endloop
  endfacet
  facet normal 0 0 1
    outer loop
      vertex -5.16841 -82.6568 3
      vertex -3.80137 -80.0993 3
      vertex -3.94447 -80.0135 3
    endloop
  endfacet
  facet normal 0 0 1
    outer loop
      vertex -5.55562 -82.4248 3
      vertex -3.94447 -80.0135 3
      vertex -4.07847 -79.9141 3
    endloop
  endfacet
  facet normal 0 0 1
    outer loop
      vertex -5.9182 -82.1558 3
      vertex -4.07847 -79.9141 3
      vertex -4.20208 -79.8021 3
    endloop
  endfacet
  facet normal 0 0 1
    outer loop
      vertex -6.25269 -81.8527 3
      vertex -4.20208 -79.8021 3
      vertex -4.31412 -79.6785 3
    endloop
  endfacet
  facet normal 0 0 1
    outer loop
      vertex -3.49348 -80.2268 3
      vertex -4.3353 -83.0019 3
      vertex -3.89742 -83.1116 3
    endloop
  endfacet
  facet normal 0 0 1
    outer loop
      vertex -6.55585 -81.5182 3
      vertex -4.31412 -79.6785 3
      vertex -4.4135 -79.5445 3
    endloop
  endfacet
  facet normal 0 0 1
    outer loop
      vertex -6.82475 -81.1556 3
      vertex -4.4135 -79.5445 3
      vertex -4.49927 -79.4014 3
    endloop
  endfacet
  facet normal 0 0 1
    outer loop
      vertex -7.05682 -80.7684 3
      vertex -4.49927 -79.4014 3
      vertex -4.57059 -79.2506 3
    endloop
  endfacet
  facet normal 0 0 1
    outer loop
      vertex -7.24983 -80.3603 3
      vertex -4.57059 -79.2506 3
      vertex -4.6268 -79.0935 3
    endloop
  endfacet
  facet normal 0 0 1
    outer loop
      vertex -7.40192 -79.9353 3
      vertex -4.6268 -79.0935 3
      vertex -4.66733 -78.9317 3
    endloop
  endfacet
  facet normal 0 0 1
    outer loop
      vertex -7.51161 -79.4974 3
      vertex -4.66733 -78.9317 3
      vertex -4.69181 -78.7666 3
    endloop
  endfacet
  facet normal 0 0 1
    outer loop
      vertex -3.65056 -80.1706 3
      vertex -4.76033 -82.8498 3
      vertex -4.3353 -83.0019 3
    endloop
  endfacet
  facet normal 0 0 1
    outer loop
      vertex -7.57784 -79.0509 3
      vertex -4.69181 -78.7666 3
      vertex -4.7 -78.6 3
    endloop
  endfacet
  facet normal 0 0 1
    outer loop
      vertex -4.4135 -77.6555 3
      vertex -6.82475 -76.0444 3
      vertex -4.49927 -77.7986 3
    endloop
  endfacet
  facet normal -0 0 1
    outer loop
      vertex -7.05682 -76.4316 3
      vertex -4.49927 -77.7986 3
      vertex -6.82475 -76.0444 3
    endloop
  endfacet
  facet normal 0 0 1
    outer loop
      vertex -3.80137 -80.0993 3
      vertex -5.16841 -82.6568 3
      vertex -4.76033 -82.8498 3
    endloop
  endfacet
  facet normal 0 0 1
    outer loop
      vertex -4.49927 -77.7986 3
      vertex -7.05682 -76.4316 3
      vertex -4.57059 -77.9494 3
    endloop
  endfacet
  facet normal 0 0 1
    outer loop
      vertex -3.94447 -80.0135 3
      vertex -5.55562 -82.4248 3
      vertex -5.16841 -82.6568 3
    endloop
  endfacet
  facet normal -0 0 1
    outer loop
      vertex -7.24983 -76.8396 3
      vertex -4.57059 -77.9494 3
      vertex -7.05682 -76.4316 3
    endloop
  endfacet
  facet normal 0 0 1
    outer loop
      vertex -4.07847 -79.9141 3
      vertex -5.9182 -82.1558 3
      vertex -5.55562 -82.4248 3
    endloop
  endfacet
  facet normal 0 0 1
    outer loop
      vertex -4.57059 -77.9494 3
      vertex -7.24983 -76.8396 3
      vertex -4.6268 -78.1065 3
    endloop
  endfacet
  facet normal 0 0 1
    outer loop
      vertex -4.20208 -79.8021 3
      vertex -6.25269 -81.8527 3
      vertex -5.9182 -82.1558 3
    endloop
  endfacet
  facet normal -0 0 1
    outer loop
      vertex -7.40192 -77.2647 3
      vertex -4.6268 -78.1065 3
      vertex -7.24983 -76.8396 3
    endloop
  endfacet
  facet normal 0 0 1
    outer loop
      vertex -4.31412 -79.6785 3
      vertex -6.55585 -81.5182 3
      vertex -6.25269 -81.8527 3
    endloop
  endfacet
  facet normal 0 0 1
    outer loop
      vertex -4.6268 -78.1065 3
      vertex -7.40192 -77.2647 3
      vertex -4.66733 -78.2683 3
    endloop
  endfacet
  facet normal 0 0 1
    outer loop
      vertex -4.4135 -79.5445 3
      vertex -6.82475 -81.1556 3
      vertex -6.55585 -81.5182 3
    endloop
  endfacet
  facet normal -0 0 1
    outer loop
      vertex -7.51161 -77.7026 3
      vertex -4.66733 -78.2683 3
      vertex -7.40192 -77.2647 3
    endloop
  endfacet
  facet normal 0 0 1
    outer loop
      vertex -4.49927 -79.4014 3
      vertex -7.05682 -80.7684 3
      vertex -6.82475 -81.1556 3
    endloop
  endfacet
  facet normal 0 0 1
    outer loop
      vertex -4.66733 -78.2683 3
      vertex -7.51161 -77.7026 3
      vertex -4.69181 -78.4334 3
    endloop
  endfacet
  facet normal 0 0 1
    outer loop
      vertex -4.57059 -79.2506 3
      vertex -7.24983 -80.3603 3
      vertex -7.05682 -80.7684 3
    endloop
  endfacet
  facet normal -0 0 1
    outer loop
      vertex -7.57784 -78.1491 3
      vertex -4.69181 -78.4334 3
      vertex -7.51161 -77.7026 3
    endloop
  endfacet
  facet normal 0 0 1
    outer loop
      vertex -4.6268 -79.0935 3
      vertex -7.40192 -79.9353 3
      vertex -7.24983 -80.3603 3
    endloop
  endfacet
  facet normal 0 0 1
    outer loop
      vertex -4.69181 -78.4334 3
      vertex -7.57784 -78.1491 3
      vertex -4.7 -78.6 3
    endloop
  endfacet
  facet normal 0 0 1
    outer loop
      vertex -4.66733 -78.9317 3
      vertex -7.51161 -79.4974 3
      vertex -7.40192 -79.9353 3
    endloop
  endfacet
  facet normal 0 0 1
    outer loop
      vertex -7.59999 -78.6 3
      vertex -4.7 -78.6 3
      vertex -7.57784 -78.1491 3
    endloop
  endfacet
  facet normal 0 0 1
    outer loop
      vertex -4.69181 -78.7666 3
      vertex -7.57784 -79.0509 3
      vertex -7.51161 -79.4974 3
    endloop
  endfacet
  facet normal 0 0 1
    outer loop
      vertex -4.7 -78.6 3
      vertex -7.59999 -78.6 3
      vertex -7.57784 -79.0509 3
    endloop
  endfacet
  facet normal 0 0 1
    outer loop
      vertex -2.19862 -77.1007 3
      vertex -2.39999 -74.0443 3
      vertex -2.34944 -77.0294 3
    endloop
  endfacet
  facet normal 0 0 1
    outer loop
      vertex -2.39999 -74.0443 3
      vertex -2.50652 -76.9732 3
      vertex -2.34944 -77.0294 3
    endloop
  endfacet
  facet normal 0 0 1
    outer loop
      vertex -2.83337 -76.9082 3
      vertex -2.39999 -74.0443 3
      vertex -2.54912 -74.0221 3
    endloop
  endfacet
  facet normal 0 0 1
    outer loop
      vertex -2.39999 -74.0443 3
      vertex -2.66835 -76.9327 3
      vertex -2.50652 -76.9732 3
    endloop
  endfacet
  facet normal 0 0 1
    outer loop
      vertex -2.39999 -74.0443 3
      vertex -2.83337 -76.9082 3
      vertex -2.66835 -76.9327 3
    endloop
  endfacet
  facet normal 0 0 1
    outer loop
      vertex -3 -74 3
      vertex -2.83337 -76.9082 3
      vertex -2.54912 -74.0221 3
    endloop
  endfacet
  facet normal 0 0 1
    outer loop
      vertex -3 -74 3
      vertex -3 -76.9 3
      vertex -2.83337 -76.9082 3
    endloop
  endfacet
  facet normal 0 0 1
    outer loop
      vertex -3 -74 3
      vertex -3.16663 -76.9082 3
      vertex -3 -76.9 3
    endloop
  endfacet
  facet normal -0 0 1
    outer loop
      vertex -3.45087 -74.0221 3
      vertex -3.16663 -76.9082 3
      vertex -3 -74 3
    endloop
  endfacet
  facet normal 0 0 1
    outer loop
      vertex -3.16663 -76.9082 3
      vertex -3.45087 -74.0221 3
      vertex -3.33165 -76.9327 3
    endloop
  endfacet
  facet normal -0 0 1
    outer loop
      vertex -3.89742 -74.0884 3
      vertex -3.33165 -76.9327 3
      vertex -3.45087 -74.0221 3
    endloop
  endfacet
  facet normal 0 0 1
    outer loop
      vertex -3.33165 -76.9327 3
      vertex -3.89742 -74.0884 3
      vertex -3.49348 -76.9732 3
    endloop
  endfacet
  facet normal -0 0 1
    outer loop
      vertex -4.3353 -74.1981 3
      vertex -3.49348 -76.9732 3
      vertex -3.89742 -74.0884 3
    endloop
  endfacet
  facet normal 0 0 1
    outer loop
      vertex -3.49348 -76.9732 3
      vertex -4.3353 -74.1981 3
      vertex -3.65056 -77.0294 3
    endloop
  endfacet
  facet normal -0 0 1
    outer loop
      vertex -4.76033 -74.3501 3
      vertex -3.65056 -77.0294 3
      vertex -4.3353 -74.1981 3
    endloop
  endfacet
  facet normal 0 0 1
    outer loop
      vertex -3.65056 -77.0294 3
      vertex -4.76033 -74.3501 3
      vertex -3.80137 -77.1007 3
    endloop
  endfacet
  facet normal -0 0 1
    outer loop
      vertex -5.16841 -74.5432 3
      vertex -3.80137 -77.1007 3
      vertex -4.76033 -74.3501 3
    endloop
  endfacet
  facet normal 0 0 1
    outer loop
      vertex -3.80137 -77.1007 3
      vertex -5.16841 -74.5432 3
      vertex -3.94447 -77.1865 3
    endloop
  endfacet
  facet normal -0 0 1
    outer loop
      vertex -5.55562 -74.7752 3
      vertex -3.94447 -77.1865 3
      vertex -5.16841 -74.5432 3
    endloop
  endfacet
  facet normal 0 0 1
    outer loop
      vertex -3.94447 -77.1865 3
      vertex -5.55562 -74.7752 3
      vertex -4.07847 -77.2859 3
    endloop
  endfacet
  facet normal -0 0 1
    outer loop
      vertex -5.9182 -75.0441 3
      vertex -4.07847 -77.2859 3
      vertex -5.55562 -74.7752 3
    endloop
  endfacet
  facet normal 0 0 1
    outer loop
      vertex -4.07847 -77.2859 3
      vertex -5.9182 -75.0441 3
      vertex -4.20208 -77.3979 3
    endloop
  endfacet
  facet normal -0 0 1
    outer loop
      vertex -6.25269 -75.3473 3
      vertex -4.20208 -77.3979 3
      vertex -5.9182 -75.0441 3
    endloop
  endfacet
  facet normal 0 0 1
    outer loop
      vertex -4.20208 -77.3979 3
      vertex -6.25269 -75.3473 3
      vertex -4.31412 -77.5215 3
    endloop
  endfacet
  facet normal -0 0 1
    outer loop
      vertex -6.55585 -75.6818 3
      vertex -4.31412 -77.5215 3
      vertex -6.25269 -75.3473 3
    endloop
  endfacet
  facet normal -0 0 1
    outer loop
      vertex -6.82475 -76.0444 3
      vertex -4.4135 -77.6555 3
      vertex -6.55585 -75.6818 3
    endloop
  endfacet
  facet normal 0 0 1
    outer loop
      vertex -4.31412 -77.5215 3
      vertex -6.55585 -75.6818 3
      vertex -4.4135 -77.6555 3
    endloop
  endfacet
  facet normal 0 0 1
    outer loop
      vertex -1.3 -78.6 3
      vertex 1.57784 -78.1491 3
      vertex 1.55573 -78 3
    endloop
  endfacet
  facet normal 0 0 1
    outer loop
      vertex 1.57784 -78.1491 3
      vertex -1.3 -78.6 3
      vertex 1.59999 -78.6 3
    endloop
  endfacet
  facet normal 0 0 1
    outer loop
      vertex 1.59999 -78.6 3
      vertex -1.3 -78.6 3
      vertex 1.57784 -79.0509 3
    endloop
  endfacet
  facet normal 0 0 1
    outer loop
      vertex 127.1 -0.299999 3
      vertex 145.1 -0.299999 3
      vertex 145.1 1 3
    endloop
  endfacet
  facet normal 0 0 1
    outer loop
      vertex 145.1 -0.299999 3
      vertex 127.1 -0.299999 3
      vertex 145.1 -1.9 3
    endloop
  endfacet
  facet normal 0 0 1
    outer loop
      vertex 127.1 -0.299999 3
      vertex 145.1 1 3
      vertex 127.1 1 3
    endloop
  endfacet
  facet normal 0 0 1
    outer loop
      vertex 127.1 -1.9 3
      vertex 145.1 -1.9 3
      vertex 127.1 -0.299999 3
    endloop
  endfacet
  facet normal 0 0 1
    outer loop
      vertex 145.1 -1.9 3
      vertex 127.1 -1.9 3
      vertex 145.1 -2.9 3
    endloop
  endfacet
  facet normal 0 0 1
    outer loop
      vertex 145.1 -2.9 3
      vertex 127.1 -1.9 3
      vertex 127.1 -2.9 3
    endloop
  endfacet
  facet normal 0 0 1
    outer loop
      vertex 127.1 -0.299999 6
      vertex 1.9 -1.9 6
      vertex 127.1 -1.9 6
    endloop
  endfacet
  facet normal 0 0 1
    outer loop
      vertex 1.9 -1.9 6
      vertex 0.299999 -0.299999 6
      vertex 1.9 -73.7 6
    endloop
  endfacet
  facet normal -0 0 1
    outer loop
      vertex 0.299999 -0.299999 6
      vertex 1.9 -1.9 6
      vertex 127.1 -0.299999 6
    endloop
  endfacet
  facet normal 0 0 1
    outer loop
      vertex 155.3 -0.299999 6
      vertex 153.7 -1.9 6
      vertex 155.3 -75.3 6
    endloop
  endfacet
  facet normal -0 0 1
    outer loop
      vertex 145.1 -0.299999 6
      vertex 153.7 -1.9 6
      vertex 155.3 -0.299999 6
    endloop
  endfacet
  facet normal 0 0 1
    outer loop
      vertex 153.7 -1.9 6
      vertex 145.1 -0.299999 6
      vertex 145.1 -1.9 6
    endloop
  endfacet
  facet normal -0 0 1
    outer loop
      vertex 153.7 -73.7 6
      vertex 155.3 -75.3 6
      vertex 153.7 -1.9 6
    endloop
  endfacet
  facet normal -0 0 1
    outer loop
      vertex 1.9 -73.7 6
      vertex 155.3 -75.3 6
      vertex 153.7 -73.7 6
    endloop
  endfacet
  facet normal 0 0 1
    outer loop
      vertex 1.9 -73.7 6
      vertex 0.299999 -75.3 6
      vertex 155.3 -75.3 6
    endloop
  endfacet
  facet normal 0 0 1
    outer loop
      vertex 0.299999 -75.3 6
      vertex 1.9 -73.7 6
      vertex 0.299999 -0.299999 6
    endloop
  endfacet
  facet normal -1 0 0
    outer loop
      vertex 0.299999 -75.3 3
      vertex 0.299999 -0.299999 6
      vertex 0.299999 -0.299999 3
    endloop
  endfacet
  facet normal -1 -0 0
    outer loop
      vertex 0.299999 -0.299999 6
      vertex 0.299999 -75.3 3
      vertex 0.299999 -75.3 6
    endloop
  endfacet
  facet normal 0 -1 0
    outer loop
      vertex 0.299999 -75.3 3
      vertex 155.3 -75.3 6
      vertex 0.299999 -75.3 6
    endloop
  endfacet
  facet normal 0 -1 -0
    outer loop
      vertex 155.3 -75.3 6
      vertex 0.299999 -75.3 3
      vertex 155.3 -75.3 3
    endloop
  endfacet
  facet normal 0 1 -0
    outer loop
      vertex 127.1 -0.299999 3
      vertex 0.299999 -0.299999 6
      vertex 127.1 -0.299999 6
    endloop
  endfacet
  facet normal 0 1 0
    outer loop
      vertex 0.299999 -0.299999 6
      vertex 127.1 -0.299999 3
      vertex 0.299999 -0.299999 3
    endloop
  endfacet
  facet normal 0 1 -0
    outer loop
      vertex 155.3 -0.299999 3
      vertex 145.1 -0.299999 6
      vertex 155.3 -0.299999 6
    endloop
  endfacet
  facet normal 0 1 0
    outer loop
      vertex 145.1 -0.299999 6
      vertex 155.3 -0.299999 3
      vertex 145.1 -0.299999 3
    endloop
  endfacet
  facet normal -1 0 0
    outer loop
      vertex 153.7 -73.7 3
      vertex 153.7 -1.9 6
      vertex 153.7 -1.9 3
    endloop
  endfacet
  facet normal -1 -0 0
    outer loop
      vertex 153.7 -1.9 6
      vertex 153.7 -73.7 3
      vertex 153.7 -73.7 6
    endloop
  endfacet
  facet normal 1 -0 0
    outer loop
      vertex 1.9 -73.7 6
      vertex 1.9 -1.9 3
      vertex 1.9 -1.9 6
    endloop
  endfacet
  facet normal 1 0 0
    outer loop
      vertex 1.9 -1.9 3
      vertex 1.9 -73.7 6
      vertex 1.9 -73.7 3
    endloop
  endfacet
  facet normal 0 1 -0
    outer loop
      vertex 153.7 -73.7 3
      vertex 1.9 -73.7 6
      vertex 153.7 -73.7 6
    endloop
  endfacet
  facet normal 0 1 0
    outer loop
      vertex 1.9 -73.7 6
      vertex 153.7 -73.7 3
      vertex 1.9 -73.7 3
    endloop
  endfacet
  facet normal 0 -1 0
    outer loop
      vertex 1.9 -1.9 3
      vertex 127.1 -1.9 6
      vertex 1.9 -1.9 6
    endloop
  endfacet
  facet normal 0 -1 -0
    outer loop
      vertex 127.1 -1.9 6
      vertex 1.9 -1.9 3
      vertex 127.1 -1.9 3
    endloop
  endfacet
  facet normal 0 -1 0
    outer loop
      vertex 145.1 -1.9 3
      vertex 153.7 -1.9 6
      vertex 145.1 -1.9 6
    endloop
  endfacet
  facet normal 0 -1 -0
    outer loop
      vertex 153.7 -1.9 6
      vertex 145.1 -1.9 3
      vertex 153.7 -1.9 3
    endloop
  endfacet
  facet normal 1 -0 0
    outer loop
      vertex 103.8 -24.8 9.6
      vertex 103.8 -22.8 3
      vertex 103.8 -22.8 9.6
    endloop
  endfacet
  facet normal 1 0 0
    outer loop
      vertex 103.8 -22.8 3
      vertex 103.8 -24.8 9.6
      vertex 103.8 -24.8 3
    endloop
  endfacet
  facet normal -0 0 1
    outer loop
      vertex 10.8 -22.8 9.6
      vertex 103.8 -24.8 9.6
      vertex 103.8 -22.8 9.6
    endloop
  endfacet
  facet normal 0 0 1
    outer loop
      vertex 103.8 -24.8 9.6
      vertex 10.8 -22.8 9.6
      vertex 10.8 -24.8 9.6
    endloop
  endfacet
  facet normal -1 0 0
    outer loop
      vertex 10.8 -24.8 3
      vertex 10.8 -22.8 9.6
      vertex 10.8 -22.8 3
    endloop
  endfacet
  facet normal -1 -0 0
    outer loop
      vertex 10.8 -22.8 9.6
      vertex 10.8 -24.8 3
      vertex 10.8 -24.8 9.6
    endloop
  endfacet
  facet normal 0 -1 0
    outer loop
      vertex 10.8 -24.8 3
      vertex 103.8 -24.8 9.6
      vertex 10.8 -24.8 9.6
    endloop
  endfacet
  facet normal 0 -1 -0
    outer loop
      vertex 103.8 -24.8 9.6
      vertex 10.8 -24.8 3
      vertex 103.8 -24.8 3
    endloop
  endfacet
  facet normal 0 1 -0
    outer loop
      vertex 103.8 -22.8 3
      vertex 10.8 -22.8 9.6
      vertex 103.8 -22.8 9.6
    endloop
  endfacet
  facet normal 0 1 0
    outer loop
      vertex 10.8 -22.8 9.6
      vertex 103.8 -22.8 3
      vertex 10.8 -22.8 3
    endloop
  endfacet
  facet normal 1 -0 0
    outer loop
      vertex 103.8 -52.8 9.6
      vertex 103.8 -50.8 3
      vertex 103.8 -50.8 9.6
    endloop
  endfacet
  facet normal 1 0 0
    outer loop
      vertex 103.8 -50.8 3
      vertex 103.8 -52.8 9.6
      vertex 103.8 -52.8 3
    endloop
  endfacet
  facet normal -0 0 1
    outer loop
      vertex 10.8 -50.8 9.6
      vertex 103.8 -52.8 9.6
      vertex 103.8 -50.8 9.6
    endloop
  endfacet
  facet normal 0 0 1
    outer loop
      vertex 103.8 -52.8 9.6
      vertex 10.8 -50.8 9.6
      vertex 10.8 -52.8 9.6
    endloop
  endfacet
  facet normal -1 0 0
    outer loop
      vertex 10.8 -52.8 3
      vertex 10.8 -50.8 9.6
      vertex 10.8 -50.8 3
    endloop
  endfacet
  facet normal -1 -0 0
    outer loop
      vertex 10.8 -50.8 9.6
      vertex 10.8 -52.8 3
      vertex 10.8 -52.8 9.6
    endloop
  endfacet
  facet normal 0 -1 0
    outer loop
      vertex 10.8 -52.8 3
      vertex 103.8 -52.8 9.6
      vertex 10.8 -52.8 9.6
    endloop
  endfacet
  facet normal 0 -1 -0
    outer loop
      vertex 103.8 -52.8 9.6
      vertex 10.8 -52.8 3
      vertex 103.8 -52.8 3
    endloop
  endfacet
  facet normal 0 1 -0
    outer loop
      vertex 103.8 -50.8 3
      vertex 10.8 -50.8 9.6
      vertex 103.8 -50.8 9.6
    endloop
  endfacet
  facet normal 0 1 0
    outer loop
      vertex 10.8 -50.8 9.6
      vertex 103.8 -50.8 3
      vertex 10.8 -50.8 3
    endloop
  endfacet
  facet normal 0 0 -1
    outer loop
      vertex 0.0999994 -78.6 0
      vertex 1.59999 -78.6 0
      vertex 1.57784 -79.0509 0
    endloop
  endfacet
  facet normal 0 0 -1
    outer loop
      vertex 1.59999 -78.6 0
      vertex 0.0999994 -78.6 0
      vertex 1.57784 -78.1491 0
    endloop
  endfacet
  facet normal 0 0 -1
    outer loop
      vertex 0.0850725 -78.2961 0
      vertex 1.57784 -78.1491 0
      vertex 0.0999994 -78.6 0
    endloop
  endfacet
  facet normal 0 0 -1
    outer loop
      vertex 0.0999994 -78.6 0
      vertex 1.57784 -79.0509 0
      vertex 1.51161 -79.4974 0
    endloop
  endfacet
  facet normal 0 0 -1
    outer loop
      vertex 161.7 -78.6 0
      vertex 163.2 -78.6 0
      vertex 163.178 -79.0509 0
    endloop
  endfacet
  facet normal 0 0 -1
    outer loop
      vertex 161.685 -78.9039 0
      vertex 163.178 -79.0509 0
      vertex 163.112 -79.4974 0
    endloop
  endfacet
  facet normal 0 0 -1
    outer loop
      vertex 163.2 -78.6 0
      vertex 161.7 -78.6 0
      vertex 163.178 -78.1491 0
    endloop
  endfacet
  facet normal 0 0 -1
    outer loop
      vertex 161.64 -79.2048 0
      vertex 163.112 -79.4974 0
      vertex 163.002 -79.9353 0
    endloop
  endfacet
  facet normal 0 0 -1
    outer loop
      vertex 161.685 -78.2961 0
      vertex 163.178 -78.1491 0
      vertex 161.7 -78.6 0
    endloop
  endfacet
  facet normal 0 0 -1
    outer loop
      vertex 161.567 -79.4999 0
      vertex 163.002 -79.9353 0
      vertex 162.85 -80.3603 0
    endloop
  endfacet
  facet normal -0 0 -1
    outer loop
      vertex 163.178 -78.1491 0
      vertex 161.685 -78.2961 0
      vertex 163.112 -77.7026 0
    endloop
  endfacet
  facet normal 0 0 -1
    outer loop
      vertex 161.464 -79.7863 0
      vertex 162.85 -80.3603 0
      vertex 162.657 -80.7684 0
    endloop
  endfacet
  facet normal 0 0 -1
    outer loop
      vertex 161.64 -77.9952 0
      vertex 163.112 -77.7026 0
      vertex 161.685 -78.2961 0
    endloop
  endfacet
  facet normal 0 0 -1
    outer loop
      vertex 161.334 -80.0613 0
      vertex 162.657 -80.7684 0
      vertex 162.425 -81.1556 0
    endloop
  endfacet
  facet normal -0 0 -1
    outer loop
      vertex 163.112 -77.7026 0
      vertex 161.64 -77.9952 0
      vertex 163.002 -77.2647 0
    endloop
  endfacet
  facet normal 0 0 -1
    outer loop
      vertex 161.178 -80.3223 0
      vertex 162.425 -81.1556 0
      vertex 162.156 -81.5182 0
    endloop
  endfacet
  facet normal 0 0 -1
    outer loop
      vertex 161.567 -77.7001 0
      vertex 163.002 -77.2647 0
      vertex 161.64 -77.9952 0
    endloop
  endfacet
  facet normal 0 0 -1
    outer loop
      vertex 160.996 -80.5666 0
      vertex 162.156 -81.5182 0
      vertex 161.853 -81.8527 0
    endloop
  endfacet
  facet normal -0 0 -1
    outer loop
      vertex 163.002 -77.2647 0
      vertex 161.567 -77.7001 0
      vertex 162.85 -76.8396 0
    endloop
  endfacet
  facet normal 0 0 -1
    outer loop
      vertex 161.464 -77.4137 0
      vertex 162.85 -76.8396 0
      vertex 161.567 -77.7001 0
    endloop
  endfacet
  facet normal 0 0 -1
    outer loop
      vertex 163.178 -79.0509 0
      vertex 161.685 -78.9039 0
      vertex 161.7 -78.6 0
    endloop
  endfacet
  facet normal 0 0 -1
    outer loop
      vertex 163.112 -79.4974 0
      vertex 161.64 -79.2048 0
      vertex 161.685 -78.9039 0
    endloop
  endfacet
  facet normal 0 0 -1
    outer loop
      vertex 163.002 -79.9353 0
      vertex 161.567 -79.4999 0
      vertex 161.64 -79.2048 0
    endloop
  endfacet
  facet normal 0 0 -1
    outer loop
      vertex 160.792 -80.792 0
      vertex 161.853 -81.8527 0
      vertex 161.518 -82.1558 0
    endloop
  endfacet
  facet normal 0 0 -1
    outer loop
      vertex 162.85 -80.3603 0
      vertex 161.464 -79.7863 0
      vertex 161.567 -79.4999 0
    endloop
  endfacet
  facet normal 0 0 -1
    outer loop
      vertex 162.657 -80.7684 0
      vertex 161.334 -80.0613 0
      vertex 161.464 -79.7863 0
    endloop
  endfacet
  facet normal 0 0 -1
    outer loop
      vertex 162.425 -81.1556 0
      vertex 161.178 -80.3223 0
      vertex 161.334 -80.0613 0
    endloop
  endfacet
  facet normal 0 0 -1
    outer loop
      vertex 160.567 -80.9963 0
      vertex 161.518 -82.1558 0
      vertex 161.156 -82.4248 0
    endloop
  endfacet
  facet normal 0 0 -1
    outer loop
      vertex 162.156 -81.5182 0
      vertex 160.996 -80.5666 0
      vertex 161.178 -80.3223 0
    endloop
  endfacet
  facet normal 0 0 -1
    outer loop
      vertex 161.853 -81.8527 0
      vertex 160.792 -80.792 0
      vertex 160.996 -80.5666 0
    endloop
  endfacet
  facet normal 0 0 -1
    outer loop
      vertex 160.322 -81.1776 0
      vertex 161.156 -82.4248 0
      vertex 160.768 -82.6568 0
    endloop
  endfacet
  facet normal 0 0 -1
    outer loop
      vertex 161.518 -82.1558 0
      vertex 160.567 -80.9963 0
      vertex 160.792 -80.792 0
    endloop
  endfacet
  facet normal 0 0 -1
    outer loop
      vertex 160.061 -81.334 0
      vertex 160.768 -82.6568 0
      vertex 160.36 -82.8498 0
    endloop
  endfacet
  facet normal 0 0 -1
    outer loop
      vertex 161.156 -82.4248 0
      vertex 160.322 -81.1776 0
      vertex 160.567 -80.9963 0
    endloop
  endfacet
  facet normal 0 0 -1
    outer loop
      vertex 160.768 -82.6568 0
      vertex 160.061 -81.334 0
      vertex 160.322 -81.1776 0
    endloop
  endfacet
  facet normal 0 0 -1
    outer loop
      vertex 159.786 -81.464 0
      vertex 160.36 -82.8498 0
      vertex 159.935 -83.0019 0
    endloop
  endfacet
  facet normal 0 0 -1
    outer loop
      vertex 160.36 -82.8498 0
      vertex 159.786 -81.464 0
      vertex 160.061 -81.334 0
    endloop
  endfacet
  facet normal 0 0 -1
    outer loop
      vertex 159.935 -83.0019 0
      vertex 159.5 -81.5665 0
      vertex 159.786 -81.464 0
    endloop
  endfacet
  facet normal 0 0 -1
    outer loop
      vertex 159.497 -83.1116 0
      vertex 159.5 -81.5665 0
      vertex 159.935 -83.0019 0
    endloop
  endfacet
  facet normal 0 0 -1
    outer loop
      vertex 159.497 -83.1116 0
      vertex 159.205 -81.6404 0
      vertex 159.5 -81.5665 0
    endloop
  endfacet
  facet normal 0 0 -1
    outer loop
      vertex 159.051 -83.1778 0
      vertex 159.205 -81.6404 0
      vertex 159.497 -83.1116 0
    endloop
  endfacet
  facet normal 0 0 -1
    outer loop
      vertex 159.051 -83.1778 0
      vertex 158.904 -81.6851 0
      vertex 159.205 -81.6404 0
    endloop
  endfacet
  facet normal 0 0 -1
    outer loop
      vertex 159.051 -83.1778 0
      vertex 158.6 -81.7 0
      vertex 158.904 -81.6851 0
    endloop
  endfacet
  facet normal 0 0 -1
    outer loop
      vertex 158.6 -83.2 0
      vertex 158.6 -81.7 0
      vertex 159.051 -83.1778 0
    endloop
  endfacet
  facet normal 0 0 -1
    outer loop
      vertex 158.6 -83.2 0
      vertex 158.296 -81.6851 0
      vertex 158.6 -81.7 0
    endloop
  endfacet
  facet normal 0 0 -1
    outer loop
      vertex 158.149 -83.1778 0
      vertex 158.296 -81.6851 0
      vertex 158.6 -83.2 0
    endloop
  endfacet
  facet normal 0 0 -1
    outer loop
      vertex 158.149 -83.1778 0
      vertex 157.995 -81.6404 0
      vertex 158.296 -81.6851 0
    endloop
  endfacet
  facet normal 0 0 -1
    outer loop
      vertex 157.703 -83.1116 0
      vertex 157.995 -81.6404 0
      vertex 158.149 -83.1778 0
    endloop
  endfacet
  facet normal 0 0 -1
    outer loop
      vertex 157.703 -83.1116 0
      vertex 157.7 -81.5665 0
      vertex 157.995 -81.6404 0
    endloop
  endfacet
  facet normal 0 0 -1
    outer loop
      vertex 157.265 -83.0019 0
      vertex 157.7 -81.5665 0
      vertex 157.703 -83.1116 0
    endloop
  endfacet
  facet normal -0 0 -1
    outer loop
      vertex 157.7 -81.5665 0
      vertex 157.265 -83.0019 0
      vertex 157.414 -81.464 0
    endloop
  endfacet
  facet normal 0 0 -1
    outer loop
      vertex 156.84 -82.8498 0
      vertex 157.414 -81.464 0
      vertex 157.265 -83.0019 0
    endloop
  endfacet
  facet normal -0 0 -1
    outer loop
      vertex 157.414 -81.464 0
      vertex 156.84 -82.8498 0
      vertex 157.139 -81.334 0
    endloop
  endfacet
  facet normal 0 0 -1
    outer loop
      vertex 156.432 -82.6568 0
      vertex 157.139 -81.334 0
      vertex 156.84 -82.8498 0
    endloop
  endfacet
  facet normal -0 0 -1
    outer loop
      vertex 157.139 -81.334 0
      vertex 156.432 -82.6568 0
      vertex 156.878 -81.1776 0
    endloop
  endfacet
  facet normal 0 0 -1
    outer loop
      vertex 156.044 -82.4248 0
      vertex 156.878 -81.1776 0
      vertex 156.432 -82.6568 0
    endloop
  endfacet
  facet normal -0 0 -1
    outer loop
      vertex 156.878 -81.1776 0
      vertex 156.044 -82.4248 0
      vertex 156.633 -80.9963 0
    endloop
  endfacet
  facet normal 0 0 -1
    outer loop
      vertex 155.682 -82.1558 0
      vertex 156.633 -80.9963 0
      vertex 156.044 -82.4248 0
    endloop
  endfacet
  facet normal -0 0 -1
    outer loop
      vertex 156.633 -80.9963 0
      vertex 155.682 -82.1558 0
      vertex 156.408 -80.792 0
    endloop
  endfacet
  facet normal 0 0 -1
    outer loop
      vertex 155.347 -81.8527 0
      vertex 156.408 -80.792 0
      vertex 155.682 -82.1558 0
    endloop
  endfacet
  facet normal -0 0 -1
    outer loop
      vertex 156.408 -80.792 0
      vertex 155.347 -81.8527 0
      vertex 156.204 -80.5666 0
    endloop
  endfacet
  facet normal 0 0 -1
    outer loop
      vertex 155.044 -81.5182 0
      vertex 156.204 -80.5666 0
      vertex 155.347 -81.8527 0
    endloop
  endfacet
  facet normal -0 0 -1
    outer loop
      vertex 156.204 -80.5666 0
      vertex 155.044 -81.5182 0
      vertex 156.022 -80.3223 0
    endloop
  endfacet
  facet normal 0 0 -1
    outer loop
      vertex 154.775 -81.1556 0
      vertex 156.022 -80.3223 0
      vertex 155.044 -81.5182 0
    endloop
  endfacet
  facet normal -0 0 -1
    outer loop
      vertex 156.022 -80.3223 0
      vertex 154.775 -81.1556 0
      vertex 155.866 -80.0613 0
    endloop
  endfacet
  facet normal 0 0 -1
    outer loop
      vertex 154.543 -80.7684 0
      vertex 155.866 -80.0613 0
      vertex 154.775 -81.1556 0
    endloop
  endfacet
  facet normal -0 0 -1
    outer loop
      vertex 155.736 -79.7863 0
      vertex 154.35 -80.3603 0
      vertex 155.633 -79.4999 0
    endloop
  endfacet
  facet normal 0 0 -1
    outer loop
      vertex 154.35 -80.3603 0
      vertex 155.736 -79.7863 0
      vertex 154.543 -80.7684 0
    endloop
  endfacet
  facet normal -0 0 -1
    outer loop
      vertex 155.866 -80.0613 0
      vertex 154.543 -80.7684 0
      vertex 155.736 -79.7863 0
    endloop
  endfacet
  facet normal -0 0 -1
    outer loop
      vertex 162.85 -76.8396 0
      vertex 161.464 -77.4137 0
      vertex 162.657 -76.4316 0
    endloop
  endfacet
  facet normal 0 0 -1
    outer loop
      vertex 161.334 -77.1387 0
      vertex 162.657 -76.4316 0
      vertex 161.464 -77.4137 0
    endloop
  endfacet
  facet normal -0 0 -1
    outer loop
      vertex 162.657 -76.4316 0
      vertex 161.334 -77.1387 0
      vertex 162.425 -76.0444 0
    endloop
  endfacet
  facet normal 0 0 -1
    outer loop
      vertex 161.178 -76.8777 0
      vertex 162.425 -76.0444 0
      vertex 161.334 -77.1387 0
    endloop
  endfacet
  facet normal -0 0 -1
    outer loop
      vertex 162.425 -76.0444 0
      vertex 161.178 -76.8777 0
      vertex 162.156 -75.6818 0
    endloop
  endfacet
  facet normal 0 0 -1
    outer loop
      vertex 160.996 -76.6334 0
      vertex 162.156 -75.6818 0
      vertex 161.178 -76.8777 0
    endloop
  endfacet
  facet normal -0 0 -1
    outer loop
      vertex 162.156 -75.6818 0
      vertex 160.996 -76.6334 0
      vertex 161.853 -75.3473 0
    endloop
  endfacet
  facet normal 0 0 -1
    outer loop
      vertex 160.792 -76.408 0
      vertex 161.853 -75.3473 0
      vertex 160.996 -76.6334 0
    endloop
  endfacet
  facet normal -0 0 -1
    outer loop
      vertex 161.853 -75.3473 0
      vertex 160.792 -76.408 0
      vertex 161.518 -75.0441 0
    endloop
  endfacet
  facet normal 0 0 -1
    outer loop
      vertex 160.567 -76.2037 0
      vertex 161.518 -75.0441 0
      vertex 160.792 -76.408 0
    endloop
  endfacet
  facet normal -0 0 -1
    outer loop
      vertex 161.518 -75.0441 0
      vertex 160.567 -76.2037 0
      vertex 161.156 -74.7752 0
    endloop
  endfacet
  facet normal 0 0 -1
    outer loop
      vertex 160.322 -76.0224 0
      vertex 161.156 -74.7752 0
      vertex 160.567 -76.2037 0
    endloop
  endfacet
  facet normal -0 0 -1
    outer loop
      vertex 161.156 -74.7752 0
      vertex 160.322 -76.0224 0
      vertex 160.768 -74.5432 0
    endloop
  endfacet
  facet normal 0 0 -1
    outer loop
      vertex 160.061 -75.866 0
      vertex 160.768 -74.5432 0
      vertex 160.322 -76.0224 0
    endloop
  endfacet
  facet normal -0 0 -1
    outer loop
      vertex 160.768 -74.5432 0
      vertex 160.061 -75.866 0
      vertex 160.36 -74.3501 0
    endloop
  endfacet
  facet normal 0 0 -1
    outer loop
      vertex 159.786 -75.736 0
      vertex 160.36 -74.3501 0
      vertex 160.061 -75.866 0
    endloop
  endfacet
  facet normal -0 0 -1
    outer loop
      vertex 160.36 -74.3501 0
      vertex 159.786 -75.736 0
      vertex 159.935 -74.1981 0
    endloop
  endfacet
  facet normal 0 0 -1
    outer loop
      vertex 159.5 -75.6335 0
      vertex 159.935 -74.1981 0
      vertex 159.786 -75.736 0
    endloop
  endfacet
  facet normal 0 0 -1
    outer loop
      vertex 159.5 -75.6335 0
      vertex 159.497 -74.0884 0
      vertex 159.935 -74.1981 0
    endloop
  endfacet
  facet normal 0 0 -1
    outer loop
      vertex 159.205 -75.5596 0
      vertex 159.497 -74.0884 0
      vertex 159.5 -75.6335 0
    endloop
  endfacet
  facet normal 0 0 -1
    outer loop
      vertex 159.205 -75.5596 0
      vertex 159.051 -74.0221 0
      vertex 159.497 -74.0884 0
    endloop
  endfacet
  facet normal 0 0 -1
    outer loop
      vertex 158.904 -75.5149 0
      vertex 159.051 -74.0221 0
      vertex 159.205 -75.5596 0
    endloop
  endfacet
  facet normal 0 0 -1
    outer loop
      vertex 158.6 -75.5 0
      vertex 159.051 -74.0221 0
      vertex 158.904 -75.5149 0
    endloop
  endfacet
  facet normal 0 0 -1
    outer loop
      vertex 158.6 -75.5 0
      vertex 158.6 -74 0
      vertex 159.051 -74.0221 0
    endloop
  endfacet
  facet normal 0 0 -1
    outer loop
      vertex 158.296 -75.5149 0
      vertex 158.6 -74 0
      vertex 158.6 -75.5 0
    endloop
  endfacet
  facet normal 0 0 -1
    outer loop
      vertex 158.296 -75.5149 0
      vertex 158.149 -74.0221 0
      vertex 158.6 -74 0
    endloop
  endfacet
  facet normal 0 0 -1
    outer loop
      vertex 158.296 -75.5149 0
      vertex 158 -74.0443 0
      vertex 158.149 -74.0221 0
    endloop
  endfacet
  facet normal 0 0 -1
    outer loop
      vertex 157.7 -75.6335 0
      vertex 158 -74.0443 0
      vertex 157.995 -75.5596 0
    endloop
  endfacet
  facet normal 0 0 -1
    outer loop
      vertex 157.995 -75.5596 0
      vertex 158 -74.0443 0
      vertex 158.296 -75.5149 0
    endloop
  endfacet
  facet normal 0 0 -1
    outer loop
      vertex 161.7 3 0
      vertex 163.2 3 0
      vertex 163.178 2.54912 0
    endloop
  endfacet
  facet normal 0 0 -1
    outer loop
      vertex 161.685 2.69615 0
      vertex 163.178 2.54912 0
      vertex 163.112 2.10257 0
    endloop
  endfacet
  facet normal 0 0 -1
    outer loop
      vertex 163.2 3 0
      vertex 161.7 3 0
      vertex 163.178 3.45087 0
    endloop
  endfacet
  facet normal 0 0 -1
    outer loop
      vertex 161.64 2.39522 0
      vertex 163.112 2.10257 0
      vertex 163.002 1.66469 0
    endloop
  endfacet
  facet normal 0 0 -1
    outer loop
      vertex 161.685 3.30385 0
      vertex 163.178 3.45087 0
      vertex 161.7 3 0
    endloop
  endfacet
  facet normal 0 0 -1
    outer loop
      vertex 161.567 2.10012 0
      vertex 163.002 1.66469 0
      vertex 162.85 1.23965 0
    endloop
  endfacet
  facet normal -0 0 -1
    outer loop
      vertex 163.178 3.45087 0
      vertex 161.685 3.30385 0
      vertex 163.112 3.89742 0
    endloop
  endfacet
  facet normal 0 0 -1
    outer loop
      vertex 161.464 1.81368 0
      vertex 162.85 1.23965 0
      vertex 162.657 0.831573 0
    endloop
  endfacet
  facet normal 0 0 -1
    outer loop
      vertex 161.64 3.60478 0
      vertex 163.112 3.89742 0
      vertex 161.685 3.30385 0
    endloop
  endfacet
  facet normal 0 0 -1
    outer loop
      vertex 161.334 1.53867 0
      vertex 162.657 0.831573 0
      vertex 162.425 0.444366 0
    endloop
  endfacet
  facet normal -0 0 -1
    outer loop
      vertex 163.112 3.89742 0
      vertex 161.64 3.60478 0
      vertex 163.002 4.3353 0
    endloop
  endfacet
  facet normal 0 0 -1
    outer loop
      vertex 161.178 1.27773 0
      vertex 162.425 0.444366 0
      vertex 162.156 0.0817871 0
    endloop
  endfacet
  facet normal 0 0 -1
    outer loop
      vertex 161.567 3.89988 0
      vertex 163.002 4.3353 0
      vertex 161.64 3.60478 0
    endloop
  endfacet
  facet normal 0 0 -1
    outer loop
      vertex 160.996 1.03338 0
      vertex 162.156 0.0817871 0
      vertex 161.853 -0.252686 0
    endloop
  endfacet
  facet normal -0 0 -1
    outer loop
      vertex 163.002 4.3353 0
      vertex 161.567 3.89988 0
      vertex 162.85 4.76033 0
    endloop
  endfacet
  facet normal 0 0 -1
    outer loop
      vertex 161.464 4.18632 0
      vertex 162.85 4.76033 0
      vertex 161.567 3.89988 0
    endloop
  endfacet
  facet normal 0 0 -1
    outer loop
      vertex 163.178 2.54912 0
      vertex 161.685 2.69615 0
      vertex 161.7 3 0
    endloop
  endfacet
  facet normal 0 0 -1
    outer loop
      vertex 163.112 2.10257 0
      vertex 161.64 2.39522 0
      vertex 161.685 2.69615 0
    endloop
  endfacet
  facet normal 0 0 -1
    outer loop
      vertex 163.002 1.66469 0
      vertex 161.567 2.10012 0
      vertex 161.64 2.39522 0
    endloop
  endfacet
  facet normal 0 0 -1
    outer loop
      vertex 160.792 0.807968 0
      vertex 161.853 -0.252686 0
      vertex 161.518 -0.555847 0
    endloop
  endfacet
  facet normal 0 0 -1
    outer loop
      vertex 162.85 1.23965 0
      vertex 161.464 1.81368 0
      vertex 161.567 2.10012 0
    endloop
  endfacet
  facet normal 0 0 -1
    outer loop
      vertex 162.657 0.831573 0
      vertex 161.334 1.53867 0
      vertex 161.464 1.81368 0
    endloop
  endfacet
  facet normal 0 0 -1
    outer loop
      vertex 162.425 0.444366 0
      vertex 161.178 1.27773 0
      vertex 161.334 1.53867 0
    endloop
  endfacet
  facet normal 0 0 -1
    outer loop
      vertex 160.567 0.603667 0
      vertex 161.518 -0.555847 0
      vertex 161.156 -0.824753 0
    endloop
  endfacet
  facet normal 0 0 -1
    outer loop
      vertex 162.156 0.0817871 0
      vertex 160.996 1.03338 0
      vertex 161.178 1.27773 0
    endloop
  endfacet
  facet normal 0 0 -1
    outer loop
      vertex 161.853 -0.252686 0
      vertex 160.792 0.807968 0
      vertex 160.996 1.03338 0
    endloop
  endfacet
  facet normal 0 0 -1
    outer loop
      vertex 160.322 0.422443 0
      vertex 161.156 -0.824753 0
      vertex 160.768 -1.05682 0
    endloop
  endfacet
  facet normal 0 0 -1
    outer loop
      vertex 161.518 -0.555847 0
      vertex 160.567 0.603667 0
      vertex 160.792 0.807968 0
    endloop
  endfacet
  facet normal 0 0 -1
    outer loop
      vertex 160.061 0.266044 0
      vertex 160.768 -1.05682 0
      vertex 160.36 -1.24983 0
    endloop
  endfacet
  facet normal 0 0 -1
    outer loop
      vertex 161.156 -0.824753 0
      vertex 160.322 0.422443 0
      vertex 160.567 0.603667 0
    endloop
  endfacet
  facet normal 0 0 -1
    outer loop
      vertex 160.768 -1.05682 0
      vertex 160.061 0.266044 0
      vertex 160.322 0.422443 0
    endloop
  endfacet
  facet normal 0 0 -1
    outer loop
      vertex 159.786 0.135973 0
      vertex 160.36 -1.24983 0
      vertex 159.935 -1.40192 0
    endloop
  endfacet
  facet normal 0 0 -1
    outer loop
      vertex 160.36 -1.24983 0
      vertex 159.786 0.135973 0
      vertex 160.061 0.266044 0
    endloop
  endfacet
  facet normal 0 0 -1
    outer loop
      vertex 159.935 -1.40192 0
      vertex 159.5 0.0334845 0
      vertex 159.786 0.135973 0
    endloop
  endfacet
  facet normal 0 0 -1
    outer loop
      vertex 159.497 -1.51161 0
      vertex 159.5 0.0334845 0
      vertex 159.935 -1.40192 0
    endloop
  endfacet
  facet normal 0 0 -1
    outer loop
      vertex 159.497 -1.51161 0
      vertex 159.205 -0.0404339 0
      vertex 159.5 0.0334845 0
    endloop
  endfacet
  facet normal 0 0 -1
    outer loop
      vertex 159.051 -1.57784 0
      vertex 159.205 -0.0404339 0
      vertex 159.497 -1.51161 0
    endloop
  endfacet
  facet normal 0 0 -1
    outer loop
      vertex 159.051 -1.57784 0
      vertex 158.904 -0.0850725 0
      vertex 159.205 -0.0404339 0
    endloop
  endfacet
  facet normal 0 0 -1
    outer loop
      vertex 159.051 -1.57784 0
      vertex 158.6 -0.0999994 0
      vertex 158.904 -0.0850725 0
    endloop
  endfacet
  facet normal 0 0 -1
    outer loop
      vertex 158.6 -1.59999 0
      vertex 158.6 -0.0999994 0
      vertex 159.051 -1.57784 0
    endloop
  endfacet
  facet normal 0 0 -1
    outer loop
      vertex 158.6 -1.59999 0
      vertex 158.296 -0.0850725 0
      vertex 158.6 -0.0999994 0
    endloop
  endfacet
  facet normal 0 0 -1
    outer loop
      vertex 158.149 -1.57784 0
      vertex 158.296 -0.0850725 0
      vertex 158.6 -1.59999 0
    endloop
  endfacet
  facet normal 0 0 -1
    outer loop
      vertex 158 -1.55573 0
      vertex 158.296 -0.0850725 0
      vertex 158.149 -1.57784 0
    endloop
  endfacet
  facet normal 0 0 -1
    outer loop
      vertex 158 -1.55573 0
      vertex 157.995 -0.0404339 0
      vertex 158.296 -0.0850725 0
    endloop
  endfacet
  facet normal 0 0 -1
    outer loop
      vertex 157.414 -75.736 0
      vertex 158 -74.0443 0
      vertex 157.7 -75.6335 0
    endloop
  endfacet
  facet normal 0 0 -1
    outer loop
      vertex 157.139 -75.866 0
      vertex 158 -74.0443 0
      vertex 157.414 -75.736 0
    endloop
  endfacet
  facet normal 0 0 -1
    outer loop
      vertex 158 -1.55573 0
      vertex 157.7 0.0334845 0
      vertex 157.995 -0.0404339 0
    endloop
  endfacet
  facet normal 0 0 -1
    outer loop
      vertex 156.878 -76.0224 0
      vertex 158 -74.0443 0
      vertex 157.139 -75.866 0
    endloop
  endfacet
  facet normal 0 0 -1
    outer loop
      vertex 158 -1.55573 0
      vertex 157.414 0.135973 0
      vertex 157.7 0.0334845 0
    endloop
  endfacet
  facet normal 0 0 -1
    outer loop
      vertex 156.633 -76.2037 0
      vertex 158 -74.0443 0
      vertex 156.878 -76.0224 0
    endloop
  endfacet
  facet normal 0 0 -1
    outer loop
      vertex 158 -1.55573 0
      vertex 157.139 0.266044 0
      vertex 157.414 0.135973 0
    endloop
  endfacet
  facet normal 0 0 -1
    outer loop
      vertex 156.408 -76.408 0
      vertex 158 -74.0443 0
      vertex 156.633 -76.2037 0
    endloop
  endfacet
  facet normal 0 0 -1
    outer loop
      vertex 158 -1.55573 0
      vertex 156.878 0.422443 0
      vertex 157.139 0.266044 0
    endloop
  endfacet
  facet normal 0 0 -1
    outer loop
      vertex 156.204 -76.6334 0
      vertex 158 -74.0443 0
      vertex 156.408 -76.408 0
    endloop
  endfacet
  facet normal 0 0 -1
    outer loop
      vertex 158 -1.55573 0
      vertex 156.633 0.603667 0
      vertex 156.878 0.422443 0
    endloop
  endfacet
  facet normal -0 0 -1
    outer loop
      vertex 158 -74.0443 0
      vertex 156.204 -76.6334 0
      vertex 158 -1.55573 0
    endloop
  endfacet
  facet normal 0 0 -1
    outer loop
      vertex 158 -1.55573 0
      vertex 156.408 0.807968 0
      vertex 156.633 0.603667 0
    endloop
  endfacet
  facet normal 0 0 -1
    outer loop
      vertex 156.204 1.03338 0
      vertex 158 -1.55573 0
      vertex 156.204 -76.6334 0
    endloop
  endfacet
  facet normal 0 0 -1
    outer loop
      vertex 158 -1.55573 0
      vertex 156.204 1.03338 0
      vertex 156.408 0.807968 0
    endloop
  endfacet
  facet normal 0 0 -1
    outer loop
      vertex 156.022 -76.8777 0
      vertex 156.204 1.03338 0
      vertex 156.204 -76.6334 0
    endloop
  endfacet
  facet normal 0 0 -1
    outer loop
      vertex 156.022 -76.8777 0
      vertex 156.022 1.27773 0
      vertex 156.204 1.03338 0
    endloop
  endfacet
  facet normal 0 0 -1
    outer loop
      vertex 155.866 -77.1387 0
      vertex 156.022 1.27773 0
      vertex 156.022 -76.8777 0
    endloop
  endfacet
  facet normal 0 0 -1
    outer loop
      vertex 155.866 -77.1387 0
      vertex 155.866 1.53867 0
      vertex 156.022 1.27773 0
    endloop
  endfacet
  facet normal 0 0 -1
    outer loop
      vertex 155.736 -77.4137 0
      vertex 155.866 1.53867 0
      vertex 155.866 -77.1387 0
    endloop
  endfacet
  facet normal 0 0 -1
    outer loop
      vertex 155.736 -77.4137 0
      vertex 155.736 1.81368 0
      vertex 155.866 1.53867 0
    endloop
  endfacet
  facet normal 0 0 -1
    outer loop
      vertex 155.633 -77.7001 0
      vertex 155.736 1.81368 0
      vertex 155.736 -77.4137 0
    endloop
  endfacet
  facet normal 0 0 -1
    outer loop
      vertex 155.633 -77.7001 0
      vertex 155.633 2.10012 0
      vertex 155.736 1.81368 0
    endloop
  endfacet
  facet normal 0 0 -1
    outer loop
      vertex 155.56 -77.9952 0
      vertex 155.633 2.10012 0
      vertex 155.633 -77.7001 0
    endloop
  endfacet
  facet normal 0 0 -1
    outer loop
      vertex 155.56 -77.9952 0
      vertex 155.56 2.39522 0
      vertex 155.633 2.10012 0
    endloop
  endfacet
  facet normal 0 0 -1
    outer loop
      vertex 155.515 -78.2961 0
      vertex 155.56 2.39522 0
      vertex 155.56 -77.9952 0
    endloop
  endfacet
  facet normal 0 0 -1
    outer loop
      vertex 155.515 -78.2961 0
      vertex 155.515 2.69615 0
      vertex 155.56 2.39522 0
    endloop
  endfacet
  facet normal 0 0 -1
    outer loop
      vertex 155.5 -78.6 0
      vertex 155.515 2.69615 0
      vertex 155.515 -78.2961 0
    endloop
  endfacet
  facet normal -0 0 -1
    outer loop
      vertex 155.515 2.69615 0
      vertex 155.5 -78.6 0
      vertex 155.5 3 0
    endloop
  endfacet
  facet normal -0 0 -1
    outer loop
      vertex 162.85 4.76033 0
      vertex 161.464 4.18632 0
      vertex 162.657 5.16841 0
    endloop
  endfacet
  facet normal 0 0 -1
    outer loop
      vertex 161.334 4.46133 0
      vertex 162.657 5.16841 0
      vertex 161.464 4.18632 0
    endloop
  endfacet
  facet normal -0 0 -1
    outer loop
      vertex 162.657 5.16841 0
      vertex 161.334 4.46133 0
      vertex 162.425 5.55562 0
    endloop
  endfacet
  facet normal 0 0 -1
    outer loop
      vertex 161.178 4.72227 0
      vertex 162.425 5.55562 0
      vertex 161.334 4.46133 0
    endloop
  endfacet
  facet normal -0 0 -1
    outer loop
      vertex 162.425 5.55562 0
      vertex 161.178 4.72227 0
      vertex 162.156 5.9182 0
    endloop
  endfacet
  facet normal 0 0 -1
    outer loop
      vertex 160.996 4.96662 0
      vertex 162.156 5.9182 0
      vertex 161.178 4.72227 0
    endloop
  endfacet
  facet normal -0 0 -1
    outer loop
      vertex 162.156 5.9182 0
      vertex 160.996 4.96662 0
      vertex 161.853 6.25269 0
    endloop
  endfacet
  facet normal 0 0 -1
    outer loop
      vertex 160.792 5.19203 0
      vertex 161.853 6.25269 0
      vertex 160.996 4.96662 0
    endloop
  endfacet
  facet normal -0 0 -1
    outer loop
      vertex 161.853 6.25269 0
      vertex 160.792 5.19203 0
      vertex 161.518 6.55585 0
    endloop
  endfacet
  facet normal 0 0 -1
    outer loop
      vertex 160.567 5.39633 0
      vertex 161.518 6.55585 0
      vertex 160.792 5.19203 0
    endloop
  endfacet
  facet normal -0 0 -1
    outer loop
      vertex 161.518 6.55585 0
      vertex 160.567 5.39633 0
      vertex 161.156 6.82475 0
    endloop
  endfacet
  facet normal 0 0 -1
    outer loop
      vertex 160.322 5.57756 0
      vertex 161.156 6.82475 0
      vertex 160.567 5.39633 0
    endloop
  endfacet
  facet normal -0 0 -1
    outer loop
      vertex 161.156 6.82475 0
      vertex 160.322 5.57756 0
      vertex 160.768 7.05682 0
    endloop
  endfacet
  facet normal 0 0 -1
    outer loop
      vertex 160.061 5.73396 0
      vertex 160.768 7.05682 0
      vertex 160.322 5.57756 0
    endloop
  endfacet
  facet normal -0 0 -1
    outer loop
      vertex 160.768 7.05682 0
      vertex 160.061 5.73396 0
      vertex 160.36 7.24983 0
    endloop
  endfacet
  facet normal 0 0 -1
    outer loop
      vertex 159.786 5.86403 0
      vertex 160.36 7.24983 0
      vertex 160.061 5.73396 0
    endloop
  endfacet
  facet normal -0 0 -1
    outer loop
      vertex 160.36 7.24983 0
      vertex 159.786 5.86403 0
      vertex 159.935 7.40192 0
    endloop
  endfacet
  facet normal 0 0 -1
    outer loop
      vertex 159.5 5.96651 0
      vertex 159.935 7.40192 0
      vertex 159.786 5.86403 0
    endloop
  endfacet
  facet normal 0 0 -1
    outer loop
      vertex 159.5 5.96651 0
      vertex 159.497 7.51161 0
      vertex 159.935 7.40192 0
    endloop
  endfacet
  facet normal 0 0 -1
    outer loop
      vertex 159.205 6.04043 0
      vertex 159.497 7.51161 0
      vertex 159.5 5.96651 0
    endloop
  endfacet
  facet normal 0 0 -1
    outer loop
      vertex 159.205 6.04043 0
      vertex 159.051 7.57784 0
      vertex 159.497 7.51161 0
    endloop
  endfacet
  facet normal 0 0 -1
    outer loop
      vertex 158.904 6.08507 0
      vertex 159.051 7.57784 0
      vertex 159.205 6.04043 0
    endloop
  endfacet
  facet normal 0 0 -1
    outer loop
      vertex 158.6 6.1 0
      vertex 159.051 7.57784 0
      vertex 158.904 6.08507 0
    endloop
  endfacet
  facet normal 0 0 -1
    outer loop
      vertex 158.6 6.1 0
      vertex 158.6 7.59999 0
      vertex 159.051 7.57784 0
    endloop
  endfacet
  facet normal 0 0 -1
    outer loop
      vertex 158.296 6.08507 0
      vertex 158.6 7.59999 0
      vertex 158.6 6.1 0
    endloop
  endfacet
  facet normal 0 0 -1
    outer loop
      vertex 158.296 6.08507 0
      vertex 158.149 7.57784 0
      vertex 158.6 7.59999 0
    endloop
  endfacet
  facet normal 0 0 -1
    outer loop
      vertex 157.995 6.04043 0
      vertex 158.149 7.57784 0
      vertex 158.296 6.08507 0
    endloop
  endfacet
  facet normal 0 0 -1
    outer loop
      vertex 157.995 6.04043 0
      vertex 157.703 7.51161 0
      vertex 158.149 7.57784 0
    endloop
  endfacet
  facet normal 0 0 -1
    outer loop
      vertex 157.7 5.96651 0
      vertex 157.703 7.51161 0
      vertex 157.995 6.04043 0
    endloop
  endfacet
  facet normal 0 0 -1
    outer loop
      vertex 157.265 7.40192 0
      vertex 157.7 5.96651 0
      vertex 157.414 5.86403 0
    endloop
  endfacet
  facet normal 0 0 -1
    outer loop
      vertex 157.7 5.96651 0
      vertex 157.265 7.40192 0
      vertex 157.703 7.51161 0
    endloop
  endfacet
  facet normal 0 0 -1
    outer loop
      vertex 156.84 7.24983 0
      vertex 157.414 5.86403 0
      vertex 157.139 5.73396 0
    endloop
  endfacet
  facet normal 0 0 -1
    outer loop
      vertex 156.432 7.05682 0
      vertex 157.139 5.73396 0
      vertex 156.878 5.57756 0
    endloop
  endfacet
  facet normal 0 0 -1
    outer loop
      vertex 157.414 5.86403 0
      vertex 156.84 7.24983 0
      vertex 157.265 7.40192 0
    endloop
  endfacet
  facet normal 0 0 -1
    outer loop
      vertex 156.044 6.82475 0
      vertex 156.878 5.57756 0
      vertex 156.633 5.39633 0
    endloop
  endfacet
  facet normal 0 0 -1
    outer loop
      vertex 157.139 5.73396 0
      vertex 156.432 7.05682 0
      vertex 156.84 7.24983 0
    endloop
  endfacet
  facet normal 0 0 -1
    outer loop
      vertex 155.682 6.55585 0
      vertex 156.633 5.39633 0
      vertex 156.408 5.19203 0
    endloop
  endfacet
  facet normal 0 0 -1
    outer loop
      vertex 155.347 6.25269 0
      vertex 156.408 5.19203 0
      vertex 156.204 4.96662 0
    endloop
  endfacet
  facet normal 0 0 -1
    outer loop
      vertex 156.878 5.57756 0
      vertex 156.044 6.82475 0
      vertex 156.432 7.05682 0
    endloop
  endfacet
  facet normal 0 0 -1
    outer loop
      vertex 155.044 5.9182 0
      vertex 156.204 4.96662 0
      vertex 156.022 4.72227 0
    endloop
  endfacet
  facet normal 0 0 -1
    outer loop
      vertex 154.775 5.55562 0
      vertex 156.022 4.72227 0
      vertex 155.866 4.46133 0
    endloop
  endfacet
  facet normal 0 0 -1
    outer loop
      vertex 154.543 5.16841 0
      vertex 155.866 4.46133 0
      vertex 155.736 4.18632 0
    endloop
  endfacet
  facet normal 0 0 -1
    outer loop
      vertex 156.633 5.39633 0
      vertex 155.682 6.55585 0
      vertex 156.044 6.82475 0
    endloop
  endfacet
  facet normal 0 0 -1
    outer loop
      vertex 154.35 4.76033 0
      vertex 155.736 4.18632 0
      vertex 155.633 3.89988 0
    endloop
  endfacet
  facet normal 0 0 -1
    outer loop
      vertex 154.198 4.3353 0
      vertex 155.633 3.89988 0
      vertex 155.56 3.60478 0
    endloop
  endfacet
  facet normal 0 0 -1
    outer loop
      vertex 154.088 3.89742 0
      vertex 155.56 3.60478 0
      vertex 155.515 3.30385 0
    endloop
  endfacet
  facet normal 0 0 -1
    outer loop
      vertex 156.408 5.19203 0
      vertex 155.347 6.25269 0
      vertex 155.682 6.55585 0
    endloop
  endfacet
  facet normal 0 0 -1
    outer loop
      vertex 154.022 3.45087 0
      vertex 155.515 3.30385 0
      vertex 155.5 3 0
    endloop
  endfacet
  facet normal 0 0 -1
    outer loop
      vertex 145.412 -44.0224 0
      vertex 155.5 -78.6 0
      vertex 154.044 -78 0
    endloop
  endfacet
  facet normal 0 0 -1
    outer loop
      vertex 154.198 -79.9353 0
      vertex 155.633 -79.4999 0
      vertex 154.35 -80.3603 0
    endloop
  endfacet
  facet normal 0 0 -1
    outer loop
      vertex 155.5 -78.6 0
      vertex 147.3 -37.8 0
      vertex 155.5 3 0
    endloop
  endfacet
  facet normal -0 0 -1
    outer loop
      vertex 155.633 -79.4999 0
      vertex 154.198 -79.9353 0
      vertex 155.56 -79.2048 0
    endloop
  endfacet
  facet normal 0 0 -1
    outer loop
      vertex 154.022 2.54912 0
      vertex 155.5 3 0
      vertex 154.044 2.39999 0
    endloop
  endfacet
  facet normal 0 0 -1
    outer loop
      vertex 154.088 -79.4974 0
      vertex 155.56 -79.2048 0
      vertex 154.198 -79.9353 0
    endloop
  endfacet
  facet normal 0 0 -1
    outer loop
      vertex 156.204 4.96662 0
      vertex 155.044 5.9182 0
      vertex 155.347 6.25269 0
    endloop
  endfacet
  facet normal -0 0 -1
    outer loop
      vertex 155.56 -79.2048 0
      vertex 154.088 -79.4974 0
      vertex 155.515 -78.9039 0
    endloop
  endfacet
  facet normal 0 0 -1
    outer loop
      vertex 156.022 4.72227 0
      vertex 154.775 5.55562 0
      vertex 155.044 5.9182 0
    endloop
  endfacet
  facet normal 0 0 -1
    outer loop
      vertex 154.022 -79.0509 0
      vertex 155.515 -78.9039 0
      vertex 154.088 -79.4974 0
    endloop
  endfacet
  facet normal 0 0 -1
    outer loop
      vertex 155.866 4.46133 0
      vertex 154.543 5.16841 0
      vertex 154.775 5.55562 0
    endloop
  endfacet
  facet normal -0 0 -1
    outer loop
      vertex 155.515 -78.9039 0
      vertex 154.022 -79.0509 0
      vertex 155.5 -78.6 0
    endloop
  endfacet
  facet normal 0 0 -1
    outer loop
      vertex 155.736 4.18632 0
      vertex 154.35 4.76033 0
      vertex 154.543 5.16841 0
    endloop
  endfacet
  facet normal 0 0 -1
    outer loop
      vertex 155.633 3.89988 0
      vertex 154.198 4.3353 0
      vertex 154.35 4.76033 0
    endloop
  endfacet
  facet normal 0 0 -1
    outer loop
      vertex 154 -78.6 0
      vertex 155.5 -78.6 0
      vertex 154.022 -79.0509 0
    endloop
  endfacet
  facet normal 0 -0 -1
    outer loop
      vertex 154.022 -78.1491 0
      vertex 155.5 -78.6 0
      vertex 154 -78.6 0
    endloop
  endfacet
  facet normal 0 0 -1
    outer loop
      vertex 155.5 -78.6 0
      vertex 154.022 -78.1491 0
      vertex 154.044 -78 0
    endloop
  endfacet
  facet normal 0 0 -1
    outer loop
      vertex 147.246 -36.7022 0
      vertex 155.5 3 0
      vertex 147.3 -37.8 0
    endloop
  endfacet
  facet normal 0 0 -1
    outer loop
      vertex 155.5 -78.6 0
      vertex 147.246 -38.8978 0
      vertex 147.3 -37.8 0
    endloop
  endfacet
  facet normal 0 0 -1
    outer loop
      vertex 155.5 -78.6 0
      vertex 147.085 -39.985 0
      vertex 147.246 -38.8978 0
    endloop
  endfacet
  facet normal 0 0 -1
    outer loop
      vertex 155.5 -78.6 0
      vertex 146.818 -41.0512 0
      vertex 147.085 -39.985 0
    endloop
  endfacet
  facet normal 0 0 -1
    outer loop
      vertex 155.5 -78.6 0
      vertex 146.447 -42.0861 0
      vertex 146.818 -41.0512 0
    endloop
  endfacet
  facet normal 0 0 -1
    outer loop
      vertex 155.5 -78.6 0
      vertex 145.978 -43.0796 0
      vertex 146.447 -42.0861 0
    endloop
  endfacet
  facet normal 0 0 -1
    outer loop
      vertex 155.5 -78.6 0
      vertex 145.412 -44.0224 0
      vertex 145.978 -43.0796 0
    endloop
  endfacet
  facet normal 0 0 -1
    outer loop
      vertex 154.044 -78 0
      vertex 144.758 -44.9052 0
      vertex 145.412 -44.0224 0
    endloop
  endfacet
  facet normal 0 0 -1
    outer loop
      vertex 154.044 -78 0
      vertex 144.02 -45.7196 0
      vertex 144.758 -44.9052 0
    endloop
  endfacet
  facet normal 0 0 -1
    outer loop
      vertex 154.044 -78 0
      vertex 143.205 -46.4577 0
      vertex 144.02 -45.7196 0
    endloop
  endfacet
  facet normal 0 0 -1
    outer loop
      vertex 154.044 -78 0
      vertex 142.322 -47.1125 0
      vertex 143.205 -46.4577 0
    endloop
  endfacet
  facet normal 0 0 -1
    outer loop
      vertex 154.044 -78 0
      vertex 141.38 -47.6775 0
      vertex 142.322 -47.1125 0
    endloop
  endfacet
  facet normal 0 0 -1
    outer loop
      vertex 154.044 -78 0
      vertex 140.386 -48.1474 0
      vertex 141.38 -47.6775 0
    endloop
  endfacet
  facet normal 0 0 -1
    outer loop
      vertex 154.044 -78 0
      vertex 139.351 -48.5177 0
      vertex 140.386 -48.1474 0
    endloop
  endfacet
  facet normal 0 0 -1
    outer loop
      vertex 154.044 -78 0
      vertex 138.285 -48.7848 0
      vertex 139.351 -48.5177 0
    endloop
  endfacet
  facet normal 0 0 -1
    outer loop
      vertex 154.044 -78 0
      vertex 137.198 -48.9461 0
      vertex 138.285 -48.7848 0
    endloop
  endfacet
  facet normal 0 0 -1
    outer loop
      vertex 154.044 -78 0
      vertex 136.1 -49 0
      vertex 137.198 -48.9461 0
    endloop
  endfacet
  facet normal 0 0 -1
    outer loop
      vertex 154.044 -78 0
      vertex 135.002 -48.9461 0
      vertex 136.1 -49 0
    endloop
  endfacet
  facet normal 0 0 -1
    outer loop
      vertex 154.044 -78 0
      vertex 133.915 -48.7848 0
      vertex 135.002 -48.9461 0
    endloop
  endfacet
  facet normal 0 0 -1
    outer loop
      vertex 154.044 -78 0
      vertex 132.849 -48.5177 0
      vertex 133.915 -48.7848 0
    endloop
  endfacet
  facet normal 0 0 -1
    outer loop
      vertex 154.044 -78 0
      vertex 131.814 -48.1474 0
      vertex 132.849 -48.5177 0
    endloop
  endfacet
  facet normal 0 0 -1
    outer loop
      vertex 154.044 -78 0
      vertex 130.82 -47.6775 0
      vertex 131.814 -48.1474 0
    endloop
  endfacet
  facet normal 0 0 -1
    outer loop
      vertex 154.044 -78 0
      vertex 129.878 -47.1125 0
      vertex 130.82 -47.6775 0
    endloop
  endfacet
  facet normal 0 0 -1
    outer loop
      vertex 154.044 -78 0
      vertex 128.995 -46.4577 0
      vertex 129.878 -47.1125 0
    endloop
  endfacet
  facet normal 0 0 -1
    outer loop
      vertex 1.55573 -78 0
      vertex 128.995 -46.4577 0
      vertex 154.044 -78 0
    endloop
  endfacet
  facet normal -0 0 -1
    outer loop
      vertex 128.995 -46.4577 0
      vertex 1.55573 -78 0
      vertex 128.18 -45.7196 0
    endloop
  endfacet
  facet normal -0 0 -1
    outer loop
      vertex 124.954 -38.8978 0
      vertex 1.55573 -78 0
      vertex 124.9 -37.8 0
    endloop
  endfacet
  facet normal -0 0 -1
    outer loop
      vertex 125.115 -39.985 0
      vertex 1.55573 -78 0
      vertex 124.954 -38.8978 0
    endloop
  endfacet
  facet normal -0 0 -1
    outer loop
      vertex 125.382 -41.0512 0
      vertex 1.55573 -78 0
      vertex 125.115 -39.985 0
    endloop
  endfacet
  facet normal -0 0 -1
    outer loop
      vertex 125.753 -42.0861 0
      vertex 1.55573 -78 0
      vertex 125.382 -41.0512 0
    endloop
  endfacet
  facet normal -0 0 -1
    outer loop
      vertex 126.222 -43.0796 0
      vertex 1.55573 -78 0
      vertex 125.753 -42.0861 0
    endloop
  endfacet
  facet normal -0 0 -1
    outer loop
      vertex 126.788 -44.0224 0
      vertex 1.55573 -78 0
      vertex 126.222 -43.0796 0
    endloop
  endfacet
  facet normal -0 0 -1
    outer loop
      vertex 127.442 -44.9052 0
      vertex 1.55573 -78 0
      vertex 126.788 -44.0224 0
    endloop
  endfacet
  facet normal -0 0 -1
    outer loop
      vertex 128.18 -45.7196 0
      vertex 1.55573 -78 0
      vertex 127.442 -44.9052 0
    endloop
  endfacet
  facet normal 0 0 -1
    outer loop
      vertex 155.56 3.60478 0
      vertex 154.088 3.89742 0
      vertex 154.198 4.3353 0
    endloop
  endfacet
  facet normal -0 0 -1
    outer loop
      vertex 155.5 3 0
      vertex 154.022 2.54912 0
      vertex 154 3 0
    endloop
  endfacet
  facet normal 0 0 -1
    outer loop
      vertex 155.515 3.30385 0
      vertex 154.022 3.45087 0
      vertex 154.088 3.89742 0
    endloop
  endfacet
  facet normal 0 0 -1
    outer loop
      vertex 155.5 3 0
      vertex 154 3 0
      vertex 154.022 3.45087 0
    endloop
  endfacet
  facet normal 0 0 -1
    outer loop
      vertex 0.0999994 3 0
      vertex 1.59999 3 0
      vertex 1.57784 2.54912 0
    endloop
  endfacet
  facet normal 0 0 -1
    outer loop
      vertex 0.0850725 2.69615 0
      vertex 1.57784 2.54912 0
      vertex 1.55573 2.39999 0
    endloop
  endfacet
  facet normal 0 0 -1
    outer loop
      vertex 1.59999 3 0
      vertex 0.0999994 3 0
      vertex 1.57784 3.45087 0
    endloop
  endfacet
  facet normal 0 0 -1
    outer loop
      vertex -0.603667 -76.6334 0
      vertex 1.55573 -78 0
      vertex -0.422443 -76.8777 0
    endloop
  endfacet
  facet normal 0 0 -1
    outer loop
      vertex 0.0404339 -79.2048 0
      vertex 1.51161 -79.4974 0
      vertex 1.40192 -79.9353 0
    endloop
  endfacet
  facet normal 0 0 -1
    outer loop
      vertex 1.55573 -78 0
      vertex -0.266044 -77.1387 0
      vertex -0.422443 -76.8777 0
    endloop
  endfacet
  facet normal 0 0 -1
    outer loop
      vertex -0.0334845 -79.4999 0
      vertex 1.40192 -79.9353 0
      vertex 1.24983 -80.3603 0
    endloop
  endfacet
  facet normal 0 0 -1
    outer loop
      vertex 1.55573 -78 0
      vertex -0.135973 -77.4137 0
      vertex -0.266044 -77.1387 0
    endloop
  endfacet
  facet normal 0 0 -1
    outer loop
      vertex -0.135973 -79.7863 0
      vertex 1.24983 -80.3603 0
      vertex 1.05682 -80.7684 0
    endloop
  endfacet
  facet normal 0 0 -1
    outer loop
      vertex 1.55573 -78 0
      vertex -0.0334845 -77.7001 0
      vertex -0.135973 -77.4137 0
    endloop
  endfacet
  facet normal 0 0 -1
    outer loop
      vertex -0.266044 -80.0613 0
      vertex 1.05682 -80.7684 0
      vertex 0.824753 -81.1556 0
    endloop
  endfacet
  facet normal 0 0 -1
    outer loop
      vertex 1.55573 -78 0
      vertex 0.0404339 -77.9952 0
      vertex -0.0334845 -77.7001 0
    endloop
  endfacet
  facet normal 0 0 -1
    outer loop
      vertex -0.422443 -80.3223 0
      vertex 0.824753 -81.1556 0
      vertex 0.555847 -81.5182 0
    endloop
  endfacet
  facet normal -0 0 -1
    outer loop
      vertex 1.55573 -78 0
      vertex 0.0850725 -78.2961 0
      vertex 0.0404339 -77.9952 0
    endloop
  endfacet
  facet normal 0 0 -1
    outer loop
      vertex -0.603667 -80.5666 0
      vertex 0.555847 -81.5182 0
      vertex 0.252686 -81.8527 0
    endloop
  endfacet
  facet normal -0 0 -1
    outer loop
      vertex 1.57784 -78.1491 0
      vertex 0.0850725 -78.2961 0
      vertex 1.55573 -78 0
    endloop
  endfacet
  facet normal 0 0 -1
    outer loop
      vertex -0.807968 -76.408 0
      vertex 1.55573 -78 0
      vertex -0.603667 -76.6334 0
    endloop
  endfacet
  facet normal 0 0 -1
    outer loop
      vertex 1.51161 -79.4974 0
      vertex 0.0850725 -78.9039 0
      vertex 0.0999994 -78.6 0
    endloop
  endfacet
  facet normal 0 0 -1
    outer loop
      vertex 1.51161 -79.4974 0
      vertex 0.0404339 -79.2048 0
      vertex 0.0850725 -78.9039 0
    endloop
  endfacet
  facet normal 0 0 -1
    outer loop
      vertex 1.40192 -79.9353 0
      vertex -0.0334845 -79.4999 0
      vertex 0.0404339 -79.2048 0
    endloop
  endfacet
  facet normal 0 0 -1
    outer loop
      vertex -0.807968 -80.792 0
      vertex 0.252686 -81.8527 0
      vertex -0.0817871 -82.1558 0
    endloop
  endfacet
  facet normal 0 0 -1
    outer loop
      vertex 1.24983 -80.3603 0
      vertex -0.135973 -79.7863 0
      vertex -0.0334845 -79.4999 0
    endloop
  endfacet
  facet normal 0 0 -1
    outer loop
      vertex 1.05682 -80.7684 0
      vertex -0.266044 -80.0613 0
      vertex -0.135973 -79.7863 0
    endloop
  endfacet
  facet normal 0 0 -1
    outer loop
      vertex 0.824753 -81.1556 0
      vertex -0.422443 -80.3223 0
      vertex -0.266044 -80.0613 0
    endloop
  endfacet
  facet normal 0 0 -1
    outer loop
      vertex -1.03338 -80.9963 0
      vertex -0.0817871 -82.1558 0
      vertex -0.444366 -82.4248 0
    endloop
  endfacet
  facet normal 0 0 -1
    outer loop
      vertex 0.555847 -81.5182 0
      vertex -0.603667 -80.5666 0
      vertex -0.422443 -80.3223 0
    endloop
  endfacet
  facet normal 0 0 -1
    outer loop
      vertex 0.252686 -81.8527 0
      vertex -0.807968 -80.792 0
      vertex -0.603667 -80.5666 0
    endloop
  endfacet
  facet normal 0 0 -1
    outer loop
      vertex -1.27773 -81.1776 0
      vertex -0.444366 -82.4248 0
      vertex -0.831573 -82.6568 0
    endloop
  endfacet
  facet normal 0 0 -1
    outer loop
      vertex -0.0817871 -82.1558 0
      vertex -1.03338 -80.9963 0
      vertex -0.807968 -80.792 0
    endloop
  endfacet
  facet normal 0 0 -1
    outer loop
      vertex -1.53867 -81.334 0
      vertex -0.831573 -82.6568 0
      vertex -1.23965 -82.8498 0
    endloop
  endfacet
  facet normal 0 0 -1
    outer loop
      vertex -0.444366 -82.4248 0
      vertex -1.27773 -81.1776 0
      vertex -1.03338 -80.9963 0
    endloop
  endfacet
  facet normal 0 0 -1
    outer loop
      vertex -0.831573 -82.6568 0
      vertex -1.53867 -81.334 0
      vertex -1.27773 -81.1776 0
    endloop
  endfacet
  facet normal 0 0 -1
    outer loop
      vertex -1.81368 -81.464 0
      vertex -1.23965 -82.8498 0
      vertex -1.66469 -83.0019 0
    endloop
  endfacet
  facet normal 0 0 -1
    outer loop
      vertex -1.23965 -82.8498 0
      vertex -1.81368 -81.464 0
      vertex -1.53867 -81.334 0
    endloop
  endfacet
  facet normal 0 0 -1
    outer loop
      vertex -1.66469 -83.0019 0
      vertex -2.10012 -81.5665 0
      vertex -1.81368 -81.464 0
    endloop
  endfacet
  facet normal 0 0 -1
    outer loop
      vertex -2.10257 -83.1116 0
      vertex -2.10012 -81.5665 0
      vertex -1.66469 -83.0019 0
    endloop
  endfacet
  facet normal 0 0 -1
    outer loop
      vertex -2.10257 -83.1116 0
      vertex -2.39522 -81.6404 0
      vertex -2.10012 -81.5665 0
    endloop
  endfacet
  facet normal 0 0 -1
    outer loop
      vertex -2.54912 -83.1778 0
      vertex -2.39522 -81.6404 0
      vertex -2.10257 -83.1116 0
    endloop
  endfacet
  facet normal 0 0 -1
    outer loop
      vertex -2.54912 -83.1778 0
      vertex -2.69615 -81.6851 0
      vertex -2.39522 -81.6404 0
    endloop
  endfacet
  facet normal 0 0 -1
    outer loop
      vertex -3 -83.2 0
      vertex -2.69615 -81.6851 0
      vertex -2.54912 -83.1778 0
    endloop
  endfacet
  facet normal 0 0 -1
    outer loop
      vertex -3 -83.2 0
      vertex -3 -81.7 0
      vertex -2.69615 -81.6851 0
    endloop
  endfacet
  facet normal 0 0 -1
    outer loop
      vertex -3 -83.2 0
      vertex -3.30385 -81.6851 0
      vertex -3 -81.7 0
    endloop
  endfacet
  facet normal 0 0 -1
    outer loop
      vertex -3.45087 -83.1778 0
      vertex -3.30385 -81.6851 0
      vertex -3 -83.2 0
    endloop
  endfacet
  facet normal 0 0 -1
    outer loop
      vertex -3.45087 -83.1778 0
      vertex -3.60478 -81.6404 0
      vertex -3.30385 -81.6851 0
    endloop
  endfacet
  facet normal 0 0 -1
    outer loop
      vertex -3.89742 -83.1116 0
      vertex -3.60478 -81.6404 0
      vertex -3.45087 -83.1778 0
    endloop
  endfacet
  facet normal 0 0 -1
    outer loop
      vertex -3.89742 -83.1116 0
      vertex -3.89988 -81.5665 0
      vertex -3.60478 -81.6404 0
    endloop
  endfacet
  facet normal 0 0 -1
    outer loop
      vertex -4.3353 -83.0019 0
      vertex -3.89988 -81.5665 0
      vertex -3.89742 -83.1116 0
    endloop
  endfacet
  facet normal -0 0 -1
    outer loop
      vertex -3.89988 -81.5665 0
      vertex -4.3353 -83.0019 0
      vertex -4.18632 -81.464 0
    endloop
  endfacet
  facet normal 0 0 -1
    outer loop
      vertex -4.76033 -82.8498 0
      vertex -4.18632 -81.464 0
      vertex -4.3353 -83.0019 0
    endloop
  endfacet
  facet normal -0 0 -1
    outer loop
      vertex -4.18632 -81.464 0
      vertex -4.76033 -82.8498 0
      vertex -4.46133 -81.334 0
    endloop
  endfacet
  facet normal 0 0 -1
    outer loop
      vertex -5.16841 -82.6568 0
      vertex -4.46133 -81.334 0
      vertex -4.76033 -82.8498 0
    endloop
  endfacet
  facet normal -0 0 -1
    outer loop
      vertex -4.46133 -81.334 0
      vertex -5.16841 -82.6568 0
      vertex -4.72227 -81.1776 0
    endloop
  endfacet
  facet normal 0 0 -1
    outer loop
      vertex -5.55562 -82.4248 0
      vertex -4.72227 -81.1776 0
      vertex -5.16841 -82.6568 0
    endloop
  endfacet
  facet normal -0 0 -1
    outer loop
      vertex -4.72227 -81.1776 0
      vertex -5.55562 -82.4248 0
      vertex -4.96662 -80.9963 0
    endloop
  endfacet
  facet normal 0 0 -1
    outer loop
      vertex -5.9182 -82.1558 0
      vertex -4.96662 -80.9963 0
      vertex -5.55562 -82.4248 0
    endloop
  endfacet
  facet normal -0 0 -1
    outer loop
      vertex -4.96662 -80.9963 0
      vertex -5.9182 -82.1558 0
      vertex -5.19203 -80.792 0
    endloop
  endfacet
  facet normal 0 0 -1
    outer loop
      vertex -6.25269 -81.8527 0
      vertex -5.19203 -80.792 0
      vertex -5.9182 -82.1558 0
    endloop
  endfacet
  facet normal -0 0 -1
    outer loop
      vertex -5.19203 -80.792 0
      vertex -6.25269 -81.8527 0
      vertex -5.39633 -80.5666 0
    endloop
  endfacet
  facet normal 0 0 -1
    outer loop
      vertex -6.55585 -81.5182 0
      vertex -5.39633 -80.5666 0
      vertex -6.25269 -81.8527 0
    endloop
  endfacet
  facet normal -0 0 -1
    outer loop
      vertex -5.39633 -80.5666 0
      vertex -6.55585 -81.5182 0
      vertex -5.57756 -80.3223 0
    endloop
  endfacet
  facet normal 0 0 -1
    outer loop
      vertex -6.82475 -81.1556 0
      vertex -5.57756 -80.3223 0
      vertex -6.55585 -81.5182 0
    endloop
  endfacet
  facet normal -0 0 -1
    outer loop
      vertex -5.57756 -80.3223 0
      vertex -6.82475 -81.1556 0
      vertex -5.73396 -80.0613 0
    endloop
  endfacet
  facet normal 0 0 -1
    outer loop
      vertex -7.05682 -80.7684 0
      vertex -5.73396 -80.0613 0
      vertex -6.82475 -81.1556 0
    endloop
  endfacet
  facet normal 0 0 -1
    outer loop
      vertex -7.24983 -80.3603 0
      vertex -5.86403 -79.7863 0
      vertex -7.05682 -80.7684 0
    endloop
  endfacet
  facet normal -0 0 -1
    outer loop
      vertex -5.73396 -80.0613 0
      vertex -7.05682 -80.7684 0
      vertex -5.86403 -79.7863 0
    endloop
  endfacet
  facet normal 0 0 -1
    outer loop
      vertex -0.0334845 3.89988 0
      vertex 1.40192 4.3353 0
      vertex 0.0404339 3.60478 0
    endloop
  endfacet
  facet normal -0 0 -1
    outer loop
      vertex 1.40192 4.3353 0
      vertex -0.0334845 3.89988 0
      vertex 1.24983 4.76033 0
    endloop
  endfacet
  facet normal 0 0 -1
    outer loop
      vertex 0.0404339 3.60478 0
      vertex 1.51161 3.89742 0
      vertex 0.0850725 3.30385 0
    endloop
  endfacet
  facet normal -0 0 -1
    outer loop
      vertex 1.51161 3.89742 0
      vertex 0.0404339 3.60478 0
      vertex 1.40192 4.3353 0
    endloop
  endfacet
  facet normal 0 0 -1
    outer loop
      vertex 0.0850725 3.30385 0
      vertex 1.57784 3.45087 0
      vertex 0.0999994 3 0
    endloop
  endfacet
  facet normal -0 0 -1
    outer loop
      vertex 1.57784 3.45087 0
      vertex 0.0850725 3.30385 0
      vertex 1.51161 3.89742 0
    endloop
  endfacet
  facet normal 0 -0 -1
    outer loop
      vertex 0.0850725 2.69615 0
      vertex 1.55573 2.39999 0
      vertex 0.0404339 2.39522 0
    endloop
  endfacet
  facet normal 0 0 -1
    outer loop
      vertex 1.57784 2.54912 0
      vertex 0.0850725 2.69615 0
      vertex 0.0999994 3 0
    endloop
  endfacet
  facet normal 0 -0 -1
    outer loop
      vertex -0.0334845 2.10012 0
      vertex 1.55573 2.39999 0
      vertex -0.135973 1.81368 0
    endloop
  endfacet
  facet normal 0 -0 -1
    outer loop
      vertex 0.0404339 2.39522 0
      vertex 1.55573 2.39999 0
      vertex -0.0334845 2.10012 0
    endloop
  endfacet
  facet normal 0 -0 -1
    outer loop
      vertex -0.266044 1.53867 0
      vertex 1.55573 2.39999 0
      vertex -0.422443 1.27773 0
    endloop
  endfacet
  facet normal 0 -0 -1
    outer loop
      vertex -0.135973 1.81368 0
      vertex 1.55573 2.39999 0
      vertex -0.266044 1.53867 0
    endloop
  endfacet
  facet normal 0 0 -1
    outer loop
      vertex 1.55573 -78 0
      vertex -2.39999 -74.0443 0
      vertex 1.55573 2.39999 0
    endloop
  endfacet
  facet normal 0 0 -1
    outer loop
      vertex 1.55573 2.39999 0
      vertex -0.603667 1.03338 0
      vertex -0.422443 1.27773 0
    endloop
  endfacet
  facet normal 0 0 -1
    outer loop
      vertex 1.55573 -78 0
      vertex -0.807968 -76.408 0
      vertex -2.39999 -74.0443 0
    endloop
  endfacet
  facet normal 0 0 -1
    outer loop
      vertex -2.39999 -1.55573 0
      vertex 1.55573 2.39999 0
      vertex -2.39999 -74.0443 0
    endloop
  endfacet
  facet normal 0 0 -1
    outer loop
      vertex -2.39999 -74.0443 0
      vertex -0.807968 -76.408 0
      vertex -1.03338 -76.2037 0
    endloop
  endfacet
  facet normal 0 -0 -1
    outer loop
      vertex -0.807968 0.807968 0
      vertex 1.55573 2.39999 0
      vertex -2.39999 -1.55573 0
    endloop
  endfacet
  facet normal 0 0 -1
    outer loop
      vertex -2.39999 -74.0443 0
      vertex -1.03338 -76.2037 0
      vertex -1.27773 -76.0224 0
    endloop
  endfacet
  facet normal 0 0 -1
    outer loop
      vertex 1.55573 2.39999 0
      vertex -0.807968 0.807968 0
      vertex -0.603667 1.03338 0
    endloop
  endfacet
  facet normal 0 0 -1
    outer loop
      vertex -2.39999 -74.0443 0
      vertex -1.27773 -76.0224 0
      vertex -1.53867 -75.866 0
    endloop
  endfacet
  facet normal 0 0 -1
    outer loop
      vertex -0.807968 0.807968 0
      vertex -2.39999 -1.55573 0
      vertex -1.03338 0.603667 0
    endloop
  endfacet
  facet normal 0 0 -1
    outer loop
      vertex -2.39999 -74.0443 0
      vertex -1.53867 -75.866 0
      vertex -1.81368 -75.736 0
    endloop
  endfacet
  facet normal 0 0 -1
    outer loop
      vertex -1.03338 0.603667 0
      vertex -2.39999 -1.55573 0
      vertex -1.27773 0.422443 0
    endloop
  endfacet
  facet normal 0 0 -1
    outer loop
      vertex -2.39999 -74.0443 0
      vertex -1.81368 -75.736 0
      vertex -2.10012 -75.6335 0
    endloop
  endfacet
  facet normal 0 0 -1
    outer loop
      vertex -1.27773 0.422443 0
      vertex -2.39999 -1.55573 0
      vertex -1.53867 0.266044 0
    endloop
  endfacet
  facet normal 0 0 -1
    outer loop
      vertex -2.39999 -74.0443 0
      vertex -2.10012 -75.6335 0
      vertex -2.39522 -75.5596 0
    endloop
  endfacet
  facet normal 0 0 -1
    outer loop
      vertex -1.53867 0.266044 0
      vertex -2.39999 -1.55573 0
      vertex -1.81368 0.135973 0
    endloop
  endfacet
  facet normal 0 0 -1
    outer loop
      vertex -1.81368 0.135973 0
      vertex -2.39999 -1.55573 0
      vertex -2.10012 0.0334845 0
    endloop
  endfacet
  facet normal 0 0 -1
    outer loop
      vertex -2.69615 -75.5149 0
      vertex -2.39999 -74.0443 0
      vertex -2.39522 -75.5596 0
    endloop
  endfacet
  facet normal -0 0 -1
    outer loop
      vertex -2.39999 -74.0443 0
      vertex -2.69615 -75.5149 0
      vertex -2.54912 -74.0221 0
    endloop
  endfacet
  facet normal 0 0 -1
    outer loop
      vertex -3 -75.5 0
      vertex -2.54912 -74.0221 0
      vertex -2.69615 -75.5149 0
    endloop
  endfacet
  facet normal 0 0 -1
    outer loop
      vertex -3 -75.5 0
      vertex -3 -74 0
      vertex -2.54912 -74.0221 0
    endloop
  endfacet
  facet normal 0 0 -1
    outer loop
      vertex -3.30385 -75.5149 0
      vertex -3 -74 0
      vertex -3 -75.5 0
    endloop
  endfacet
  facet normal 0 0 -1
    outer loop
      vertex -3.30385 -75.5149 0
      vertex -3.45087 -74.0221 0
      vertex -3 -74 0
    endloop
  endfacet
  facet normal 0 0 -1
    outer loop
      vertex -3.60478 -75.5596 0
      vertex -3.45087 -74.0221 0
      vertex -3.30385 -75.5149 0
    endloop
  endfacet
  facet normal 0 0 -1
    outer loop
      vertex -3.60478 -75.5596 0
      vertex -3.89742 -74.0884 0
      vertex -3.45087 -74.0221 0
    endloop
  endfacet
  facet normal 0 0 -1
    outer loop
      vertex -3.89988 -75.6335 0
      vertex -3.89742 -74.0884 0
      vertex -3.60478 -75.5596 0
    endloop
  endfacet
  facet normal 0 0 -1
    outer loop
      vertex -4.3353 -74.1981 0
      vertex -3.89988 -75.6335 0
      vertex -4.18632 -75.736 0
    endloop
  endfacet
  facet normal 0 0 -1
    outer loop
      vertex -3.89988 -75.6335 0
      vertex -4.3353 -74.1981 0
      vertex -3.89742 -74.0884 0
    endloop
  endfacet
  facet normal 0 0 -1
    outer loop
      vertex -4.76033 -74.3501 0
      vertex -4.18632 -75.736 0
      vertex -4.46133 -75.866 0
    endloop
  endfacet
  facet normal 0 0 -1
    outer loop
      vertex -5.16841 -74.5432 0
      vertex -4.46133 -75.866 0
      vertex -4.72227 -76.0224 0
    endloop
  endfacet
  facet normal 0 0 -1
    outer loop
      vertex -4.18632 -75.736 0
      vertex -4.76033 -74.3501 0
      vertex -4.3353 -74.1981 0
    endloop
  endfacet
  facet normal 0 0 -1
    outer loop
      vertex -5.55562 -74.7752 0
      vertex -4.72227 -76.0224 0
      vertex -4.96662 -76.2037 0
    endloop
  endfacet
  facet normal 0 0 -1
    outer loop
      vertex -4.46133 -75.866 0
      vertex -5.16841 -74.5432 0
      vertex -4.76033 -74.3501 0
    endloop
  endfacet
  facet normal 0 0 -1
    outer loop
      vertex -5.9182 -75.0441 0
      vertex -4.96662 -76.2037 0
      vertex -5.19203 -76.408 0
    endloop
  endfacet
  facet normal 0 0 -1
    outer loop
      vertex -6.25269 -75.3473 0
      vertex -5.19203 -76.408 0
      vertex -5.39633 -76.6334 0
    endloop
  endfacet
  facet normal 0 0 -1
    outer loop
      vertex -4.72227 -76.0224 0
      vertex -5.55562 -74.7752 0
      vertex -5.16841 -74.5432 0
    endloop
  endfacet
  facet normal 0 0 -1
    outer loop
      vertex -6.55585 -75.6818 0
      vertex -5.39633 -76.6334 0
      vertex -5.57756 -76.8777 0
    endloop
  endfacet
  facet normal 0 0 -1
    outer loop
      vertex -6.82475 -76.0444 0
      vertex -5.57756 -76.8777 0
      vertex -5.73396 -77.1387 0
    endloop
  endfacet
  facet normal 0 0 -1
    outer loop
      vertex -7.05682 -76.4316 0
      vertex -5.73396 -77.1387 0
      vertex -5.86403 -77.4137 0
    endloop
  endfacet
  facet normal 0 0 -1
    outer loop
      vertex -4.96662 -76.2037 0
      vertex -5.9182 -75.0441 0
      vertex -5.55562 -74.7752 0
    endloop
  endfacet
  facet normal 0 0 -1
    outer loop
      vertex -7.24983 -76.8396 0
      vertex -5.86403 -77.4137 0
      vertex -5.96651 -77.7001 0
    endloop
  endfacet
  facet normal 0 0 -1
    outer loop
      vertex -7.40192 -77.2647 0
      vertex -5.96651 -77.7001 0
      vertex -6.04043 -77.9952 0
    endloop
  endfacet
  facet normal 0 0 -1
    outer loop
      vertex -7.51161 -77.7026 0
      vertex -6.04043 -77.9952 0
      vertex -6.08507 -78.2961 0
    endloop
  endfacet
  facet normal 0 0 -1
    outer loop
      vertex -5.19203 -76.408 0
      vertex -6.25269 -75.3473 0
      vertex -5.9182 -75.0441 0
    endloop
  endfacet
  facet normal 0 0 -1
    outer loop
      vertex -7.57784 -78.1491 0
      vertex -6.08507 -78.2961 0
      vertex -6.1 -78.6 0
    endloop
  endfacet
  facet normal -0 0 -1
    outer loop
      vertex -5.86403 -79.7863 0
      vertex -7.24983 -80.3603 0
      vertex -5.96651 -79.4999 0
    endloop
  endfacet
  facet normal 0 0 -1
    outer loop
      vertex -7.40192 -79.9353 0
      vertex -5.96651 -79.4999 0
      vertex -7.24983 -80.3603 0
    endloop
  endfacet
  facet normal 0 0 -1
    outer loop
      vertex -5.39633 -76.6334 0
      vertex -6.55585 -75.6818 0
      vertex -6.25269 -75.3473 0
    endloop
  endfacet
  facet normal -0 0 -1
    outer loop
      vertex -5.96651 -79.4999 0
      vertex -7.40192 -79.9353 0
      vertex -6.04043 -79.2048 0
    endloop
  endfacet
  facet normal 0 0 -1
    outer loop
      vertex -5.57756 -76.8777 0
      vertex -6.82475 -76.0444 0
      vertex -6.55585 -75.6818 0
    endloop
  endfacet
  facet normal 0 0 -1
    outer loop
      vertex -7.51161 -79.4974 0
      vertex -6.04043 -79.2048 0
      vertex -7.40192 -79.9353 0
    endloop
  endfacet
  facet normal 0 0 -1
    outer loop
      vertex -5.73396 -77.1387 0
      vertex -7.05682 -76.4316 0
      vertex -6.82475 -76.0444 0
    endloop
  endfacet
  facet normal -0 0 -1
    outer loop
      vertex -6.04043 -79.2048 0
      vertex -7.51161 -79.4974 0
      vertex -6.08507 -78.9039 0
    endloop
  endfacet
  facet normal 0 0 -1
    outer loop
      vertex -5.86403 -77.4137 0
      vertex -7.24983 -76.8396 0
      vertex -7.05682 -76.4316 0
    endloop
  endfacet
  facet normal 0 0 -1
    outer loop
      vertex -7.57784 -79.0509 0
      vertex -6.08507 -78.9039 0
      vertex -7.51161 -79.4974 0
    endloop
  endfacet
  facet normal 0 0 -1
    outer loop
      vertex -5.96651 -77.7001 0
      vertex -7.40192 -77.2647 0
      vertex -7.24983 -76.8396 0
    endloop
  endfacet
  facet normal -0 0 -1
    outer loop
      vertex -6.08507 -78.9039 0
      vertex -7.57784 -79.0509 0
      vertex -6.1 -78.6 0
    endloop
  endfacet
  facet normal 0 0 -1
    outer loop
      vertex -6.04043 -77.9952 0
      vertex -7.51161 -77.7026 0
      vertex -7.40192 -77.2647 0
    endloop
  endfacet
  facet normal 0 0 -1
    outer loop
      vertex -7.59999 -78.6 0
      vertex -6.1 -78.6 0
      vertex -7.57784 -79.0509 0
    endloop
  endfacet
  facet normal 0 0 -1
    outer loop
      vertex -6.08507 -78.2961 0
      vertex -7.57784 -78.1491 0
      vertex -7.51161 -77.7026 0
    endloop
  endfacet
  facet normal 0 0 -1
    outer loop
      vertex -6.1 -78.6 0
      vertex -7.59999 -78.6 0
      vertex -7.57784 -78.1491 0
    endloop
  endfacet
  facet normal 0 0 -1
    outer loop
      vertex -0.135973 4.18632 0
      vertex 1.24983 4.76033 0
      vertex -0.0334845 3.89988 0
    endloop
  endfacet
  facet normal -0 0 -1
    outer loop
      vertex 1.24983 4.76033 0
      vertex -0.135973 4.18632 0
      vertex 1.05682 5.16841 0
    endloop
  endfacet
  facet normal 0 0 -1
    outer loop
      vertex -0.266044 4.46133 0
      vertex 1.05682 5.16841 0
      vertex -0.135973 4.18632 0
    endloop
  endfacet
  facet normal -0 0 -1
    outer loop
      vertex 1.05682 5.16841 0
      vertex -0.266044 4.46133 0
      vertex 0.824753 5.55562 0
    endloop
  endfacet
  facet normal 0 0 -1
    outer loop
      vertex -0.422443 4.72227 0
      vertex 0.824753 5.55562 0
      vertex -0.266044 4.46133 0
    endloop
  endfacet
  facet normal -0 0 -1
    outer loop
      vertex 0.824753 5.55562 0
      vertex -0.422443 4.72227 0
      vertex 0.555847 5.9182 0
    endloop
  endfacet
  facet normal 0 0 -1
    outer loop
      vertex -0.603667 4.96662 0
      vertex 0.555847 5.9182 0
      vertex -0.422443 4.72227 0
    endloop
  endfacet
  facet normal -0 0 -1
    outer loop
      vertex 0.555847 5.9182 0
      vertex -0.603667 4.96662 0
      vertex 0.252686 6.25269 0
    endloop
  endfacet
  facet normal 0 0 -1
    outer loop
      vertex -0.807968 5.19203 0
      vertex 0.252686 6.25269 0
      vertex -0.603667 4.96662 0
    endloop
  endfacet
  facet normal -0 0 -1
    outer loop
      vertex 0.252686 6.25269 0
      vertex -0.807968 5.19203 0
      vertex -0.0817871 6.55585 0
    endloop
  endfacet
  facet normal 0 0 -1
    outer loop
      vertex -1.03338 5.39633 0
      vertex -0.0817871 6.55585 0
      vertex -0.807968 5.19203 0
    endloop
  endfacet
  facet normal -0 0 -1
    outer loop
      vertex -0.0817871 6.55585 0
      vertex -1.03338 5.39633 0
      vertex -0.444366 6.82475 0
    endloop
  endfacet
  facet normal 0 0 -1
    outer loop
      vertex -1.27773 5.57756 0
      vertex -0.444366 6.82475 0
      vertex -1.03338 5.39633 0
    endloop
  endfacet
  facet normal -0 0 -1
    outer loop
      vertex -0.444366 6.82475 0
      vertex -1.27773 5.57756 0
      vertex -0.831573 7.05682 0
    endloop
  endfacet
  facet normal 0 0 -1
    outer loop
      vertex -1.53867 5.73396 0
      vertex -0.831573 7.05682 0
      vertex -1.27773 5.57756 0
    endloop
  endfacet
  facet normal -0 0 -1
    outer loop
      vertex -0.831573 7.05682 0
      vertex -1.53867 5.73396 0
      vertex -1.23965 7.24983 0
    endloop
  endfacet
  facet normal 0 0 -1
    outer loop
      vertex -1.81368 5.86403 0
      vertex -1.23965 7.24983 0
      vertex -1.53867 5.73396 0
    endloop
  endfacet
  facet normal -0 0 -1
    outer loop
      vertex -1.23965 7.24983 0
      vertex -1.81368 5.86403 0
      vertex -1.66469 7.40192 0
    endloop
  endfacet
  facet normal 0 0 -1
    outer loop
      vertex -2.10012 5.96651 0
      vertex -1.66469 7.40192 0
      vertex -1.81368 5.86403 0
    endloop
  endfacet
  facet normal 0 0 -1
    outer loop
      vertex -2.10012 5.96651 0
      vertex -2.10257 7.51161 0
      vertex -1.66469 7.40192 0
    endloop
  endfacet
  facet normal 0 0 -1
    outer loop
      vertex -2.39522 6.04043 0
      vertex -2.10257 7.51161 0
      vertex -2.10012 5.96651 0
    endloop
  endfacet
  facet normal 0 0 -1
    outer loop
      vertex -2.39522 6.04043 0
      vertex -2.54912 7.57784 0
      vertex -2.10257 7.51161 0
    endloop
  endfacet
  facet normal 0 0 -1
    outer loop
      vertex -2.69615 6.08507 0
      vertex -2.54912 7.57784 0
      vertex -2.39522 6.04043 0
    endloop
  endfacet
  facet normal 0 0 -1
    outer loop
      vertex -3 6.1 0
      vertex -2.54912 7.57784 0
      vertex -2.69615 6.08507 0
    endloop
  endfacet
  facet normal 0 0 -1
    outer loop
      vertex -3 6.1 0
      vertex -3 7.59999 0
      vertex -2.54912 7.57784 0
    endloop
  endfacet
  facet normal 0 0 -1
    outer loop
      vertex -3.30385 6.08507 0
      vertex -3 7.59999 0
      vertex -3 6.1 0
    endloop
  endfacet
  facet normal 0 0 -1
    outer loop
      vertex -3.30385 6.08507 0
      vertex -3.45087 7.57784 0
      vertex -3 7.59999 0
    endloop
  endfacet
  facet normal 0 0 -1
    outer loop
      vertex -3.60478 6.04043 0
      vertex -3.45087 7.57784 0
      vertex -3.30385 6.08507 0
    endloop
  endfacet
  facet normal 0 0 -1
    outer loop
      vertex -3.60478 6.04043 0
      vertex -3.89742 7.51161 0
      vertex -3.45087 7.57784 0
    endloop
  endfacet
  facet normal 0 0 -1
    outer loop
      vertex -3.89988 5.96651 0
      vertex -3.89742 7.51161 0
      vertex -3.60478 6.04043 0
    endloop
  endfacet
  facet normal 0 0 -1
    outer loop
      vertex -4.3353 7.40192 0
      vertex -3.89988 5.96651 0
      vertex -4.18632 5.86403 0
    endloop
  endfacet
  facet normal 0 0 -1
    outer loop
      vertex -3.89988 5.96651 0
      vertex -4.3353 7.40192 0
      vertex -3.89742 7.51161 0
    endloop
  endfacet
  facet normal 0 0 -1
    outer loop
      vertex -4.76033 7.24983 0
      vertex -4.18632 5.86403 0
      vertex -4.46133 5.73396 0
    endloop
  endfacet
  facet normal 0 0 -1
    outer loop
      vertex -5.16841 7.05682 0
      vertex -4.46133 5.73396 0
      vertex -4.72227 5.57756 0
    endloop
  endfacet
  facet normal 0 0 -1
    outer loop
      vertex -4.18632 5.86403 0
      vertex -4.76033 7.24983 0
      vertex -4.3353 7.40192 0
    endloop
  endfacet
  facet normal 0 0 -1
    outer loop
      vertex -5.55562 6.82475 0
      vertex -4.72227 5.57756 0
      vertex -4.96662 5.39633 0
    endloop
  endfacet
  facet normal 0 0 -1
    outer loop
      vertex -4.46133 5.73396 0
      vertex -5.16841 7.05682 0
      vertex -4.76033 7.24983 0
    endloop
  endfacet
  facet normal 0 0 -1
    outer loop
      vertex -5.9182 6.55585 0
      vertex -4.96662 5.39633 0
      vertex -5.19203 5.19203 0
    endloop
  endfacet
  facet normal 0 0 -1
    outer loop
      vertex -6.25269 6.25269 0
      vertex -5.19203 5.19203 0
      vertex -5.39633 4.96662 0
    endloop
  endfacet
  facet normal 0 0 -1
    outer loop
      vertex -4.72227 5.57756 0
      vertex -5.55562 6.82475 0
      vertex -5.16841 7.05682 0
    endloop
  endfacet
  facet normal 0 0 -1
    outer loop
      vertex -6.55585 5.9182 0
      vertex -5.39633 4.96662 0
      vertex -5.57756 4.72227 0
    endloop
  endfacet
  facet normal 0 0 -1
    outer loop
      vertex -6.82475 5.55562 0
      vertex -5.57756 4.72227 0
      vertex -5.73396 4.46133 0
    endloop
  endfacet
  facet normal 0 0 -1
    outer loop
      vertex -7.05682 5.16841 0
      vertex -5.73396 4.46133 0
      vertex -5.86403 4.18632 0
    endloop
  endfacet
  facet normal 0 0 -1
    outer loop
      vertex -4.96662 5.39633 0
      vertex -5.9182 6.55585 0
      vertex -5.55562 6.82475 0
    endloop
  endfacet
  facet normal 0 0 -1
    outer loop
      vertex -7.24983 4.76033 0
      vertex -5.86403 4.18632 0
      vertex -5.96651 3.89988 0
    endloop
  endfacet
  facet normal 0 0 -1
    outer loop
      vertex -7.40192 4.3353 0
      vertex -5.96651 3.89988 0
      vertex -6.04043 3.60478 0
    endloop
  endfacet
  facet normal 0 0 -1
    outer loop
      vertex -7.51161 3.89742 0
      vertex -6.04043 3.60478 0
      vertex -6.08507 3.30385 0
    endloop
  endfacet
  facet normal 0 0 -1
    outer loop
      vertex -5.19203 5.19203 0
      vertex -6.25269 6.25269 0
      vertex -5.9182 6.55585 0
    endloop
  endfacet
  facet normal 0 0 -1
    outer loop
      vertex -7.57784 3.45087 0
      vertex -6.08507 3.30385 0
      vertex -6.1 3 0
    endloop
  endfacet
  facet normal -0 0 -1
    outer loop
      vertex -5.86403 1.81368 0
      vertex -7.24983 1.23965 0
      vertex -5.96651 2.10012 0
    endloop
  endfacet
  facet normal 0 0 -1
    outer loop
      vertex -7.40192 1.66469 0
      vertex -5.96651 2.10012 0
      vertex -7.24983 1.23965 0
    endloop
  endfacet
  facet normal 0 0 -1
    outer loop
      vertex -5.39633 4.96662 0
      vertex -6.55585 5.9182 0
      vertex -6.25269 6.25269 0
    endloop
  endfacet
  facet normal -0 0 -1
    outer loop
      vertex -5.96651 2.10012 0
      vertex -7.40192 1.66469 0
      vertex -6.04043 2.39522 0
    endloop
  endfacet
  facet normal 0 0 -1
    outer loop
      vertex -5.57756 4.72227 0
      vertex -6.82475 5.55562 0
      vertex -6.55585 5.9182 0
    endloop
  endfacet
  facet normal 0 0 -1
    outer loop
      vertex -7.51161 2.10257 0
      vertex -6.04043 2.39522 0
      vertex -7.40192 1.66469 0
    endloop
  endfacet
  facet normal 0 0 -1
    outer loop
      vertex -5.73396 4.46133 0
      vertex -7.05682 5.16841 0
      vertex -6.82475 5.55562 0
    endloop
  endfacet
  facet normal -0 0 -1
    outer loop
      vertex -6.04043 2.39522 0
      vertex -7.51161 2.10257 0
      vertex -6.08507 2.69615 0
    endloop
  endfacet
  facet normal 0 0 -1
    outer loop
      vertex -5.86403 4.18632 0
      vertex -7.24983 4.76033 0
      vertex -7.05682 5.16841 0
    endloop
  endfacet
  facet normal 0 0 -1
    outer loop
      vertex -7.57784 2.54912 0
      vertex -6.08507 2.69615 0
      vertex -7.51161 2.10257 0
    endloop
  endfacet
  facet normal 0 0 -1
    outer loop
      vertex -5.96651 3.89988 0
      vertex -7.40192 4.3353 0
      vertex -7.24983 4.76033 0
    endloop
  endfacet
  facet normal -0 0 -1
    outer loop
      vertex -6.08507 2.69615 0
      vertex -7.57784 2.54912 0
      vertex -6.1 3 0
    endloop
  endfacet
  facet normal 0 0 -1
    outer loop
      vertex -6.04043 3.60478 0
      vertex -7.51161 3.89742 0
      vertex -7.40192 4.3353 0
    endloop
  endfacet
  facet normal 0 0 -1
    outer loop
      vertex -7.59999 3 0
      vertex -6.1 3 0
      vertex -7.57784 2.54912 0
    endloop
  endfacet
  facet normal 0 0 -1
    outer loop
      vertex -6.08507 3.30385 0
      vertex -7.57784 3.45087 0
      vertex -7.51161 3.89742 0
    endloop
  endfacet
  facet normal 0 0 -1
    outer loop
      vertex -6.1 3 0
      vertex -7.59999 3 0
      vertex -7.57784 3.45087 0
    endloop
  endfacet
  facet normal 0 0 -1
    outer loop
      vertex -2.10012 0.0334845 0
      vertex -2.39999 -1.55573 0
      vertex -2.39522 -0.0404339 0
    endloop
  endfacet
  facet normal 0 0 -1
    outer loop
      vertex -2.69615 -0.0850725 0
      vertex -2.39999 -1.55573 0
      vertex -2.54912 -1.57784 0
    endloop
  endfacet
  facet normal 0 0 -1
    outer loop
      vertex -2.39999 -1.55573 0
      vertex -2.69615 -0.0850725 0
      vertex -2.39522 -0.0404339 0
    endloop
  endfacet
  facet normal 0 0 -1
    outer loop
      vertex -3 -1.59999 0
      vertex -2.69615 -0.0850725 0
      vertex -2.54912 -1.57784 0
    endloop
  endfacet
  facet normal 0 0 -1
    outer loop
      vertex -3 -1.59999 0
      vertex -3 -0.0999994 0
      vertex -2.69615 -0.0850725 0
    endloop
  endfacet
  facet normal 0 0 -1
    outer loop
      vertex -3 -1.59999 0
      vertex -3.30385 -0.0850725 0
      vertex -3 -0.0999994 0
    endloop
  endfacet
  facet normal 0 0 -1
    outer loop
      vertex -3.45087 -1.57784 0
      vertex -3.30385 -0.0850725 0
      vertex -3 -1.59999 0
    endloop
  endfacet
  facet normal 0 0 -1
    outer loop
      vertex -3.45087 -1.57784 0
      vertex -3.60478 -0.0404339 0
      vertex -3.30385 -0.0850725 0
    endloop
  endfacet
  facet normal 0 0 -1
    outer loop
      vertex -3.89742 -1.51161 0
      vertex -3.60478 -0.0404339 0
      vertex -3.45087 -1.57784 0
    endloop
  endfacet
  facet normal 0 0 -1
    outer loop
      vertex -3.89742 -1.51161 0
      vertex -3.89988 0.0334845 0
      vertex -3.60478 -0.0404339 0
    endloop
  endfacet
  facet normal 0 0 -1
    outer loop
      vertex -4.3353 -1.40192 0
      vertex -3.89988 0.0334845 0
      vertex -3.89742 -1.51161 0
    endloop
  endfacet
  facet normal -0 0 -1
    outer loop
      vertex -3.89988 0.0334845 0
      vertex -4.3353 -1.40192 0
      vertex -4.18632 0.135973 0
    endloop
  endfacet
  facet normal 0 0 -1
    outer loop
      vertex -4.76033 -1.24983 0
      vertex -4.18632 0.135973 0
      vertex -4.3353 -1.40192 0
    endloop
  endfacet
  facet normal -0 0 -1
    outer loop
      vertex -4.18632 0.135973 0
      vertex -4.76033 -1.24983 0
      vertex -4.46133 0.266044 0
    endloop
  endfacet
  facet normal 0 0 -1
    outer loop
      vertex -5.16841 -1.05682 0
      vertex -4.46133 0.266044 0
      vertex -4.76033 -1.24983 0
    endloop
  endfacet
  facet normal -0 0 -1
    outer loop
      vertex -4.46133 0.266044 0
      vertex -5.16841 -1.05682 0
      vertex -4.72227 0.422443 0
    endloop
  endfacet
  facet normal 0 0 -1
    outer loop
      vertex -5.55562 -0.824753 0
      vertex -4.72227 0.422443 0
      vertex -5.16841 -1.05682 0
    endloop
  endfacet
  facet normal -0 0 -1
    outer loop
      vertex -4.72227 0.422443 0
      vertex -5.55562 -0.824753 0
      vertex -4.96662 0.603667 0
    endloop
  endfacet
  facet normal 0 0 -1
    outer loop
      vertex -5.9182 -0.555847 0
      vertex -4.96662 0.603667 0
      vertex -5.55562 -0.824753 0
    endloop
  endfacet
  facet normal -0 0 -1
    outer loop
      vertex -4.96662 0.603667 0
      vertex -5.9182 -0.555847 0
      vertex -5.19203 0.807968 0
    endloop
  endfacet
  facet normal 0 0 -1
    outer loop
      vertex -6.25269 -0.252686 0
      vertex -5.19203 0.807968 0
      vertex -5.9182 -0.555847 0
    endloop
  endfacet
  facet normal -0 0 -1
    outer loop
      vertex -5.19203 0.807968 0
      vertex -6.25269 -0.252686 0
      vertex -5.39633 1.03338 0
    endloop
  endfacet
  facet normal 0 0 -1
    outer loop
      vertex -6.55585 0.0817871 0
      vertex -5.39633 1.03338 0
      vertex -6.25269 -0.252686 0
    endloop
  endfacet
  facet normal -0 0 -1
    outer loop
      vertex -5.39633 1.03338 0
      vertex -6.55585 0.0817871 0
      vertex -5.57756 1.27773 0
    endloop
  endfacet
  facet normal 0 0 -1
    outer loop
      vertex -6.82475 0.444366 0
      vertex -5.57756 1.27773 0
      vertex -6.55585 0.0817871 0
    endloop
  endfacet
  facet normal -0 0 -1
    outer loop
      vertex -5.57756 1.27773 0
      vertex -6.82475 0.444366 0
      vertex -5.73396 1.53867 0
    endloop
  endfacet
  facet normal 0 0 -1
    outer loop
      vertex -7.05682 0.831573 0
      vertex -5.73396 1.53867 0
      vertex -6.82475 0.444366 0
    endloop
  endfacet
  facet normal 0 0 -1
    outer loop
      vertex -7.24983 1.23965 0
      vertex -5.86403 1.81368 0
      vertex -7.05682 0.831573 0
    endloop
  endfacet
  facet normal -0 0 -1
    outer loop
      vertex -5.73396 1.53867 0
      vertex -7.05682 0.831573 0
      vertex -5.86403 1.81368 0
    endloop
  endfacet
  facet normal 0 0 -1
    outer loop
      vertex 147.085 -35.615 0
      vertex 155.5 3 0
      vertex 147.246 -36.7022 0
    endloop
  endfacet
  facet normal 0 0 -1
    outer loop
      vertex 146.818 -34.5488 0
      vertex 155.5 3 0
      vertex 147.085 -35.615 0
    endloop
  endfacet
  facet normal 0 0 -1
    outer loop
      vertex 146.447 -33.5139 0
      vertex 155.5 3 0
      vertex 146.818 -34.5488 0
    endloop
  endfacet
  facet normal 0 0 -1
    outer loop
      vertex 145.978 -32.5204 0
      vertex 155.5 3 0
      vertex 146.447 -33.5139 0
    endloop
  endfacet
  facet normal 0 0 -1
    outer loop
      vertex 145.412 -31.5776 0
      vertex 155.5 3 0
      vertex 145.978 -32.5204 0
    endloop
  endfacet
  facet normal 0 0 -1
    outer loop
      vertex 155.5 3 0
      vertex 145.412 -31.5776 0
      vertex 154.044 2.39999 0
    endloop
  endfacet
  facet normal 0 0 -1
    outer loop
      vertex 144.758 -30.6948 0
      vertex 154.044 2.39999 0
      vertex 145.412 -31.5776 0
    endloop
  endfacet
  facet normal 0 0 -1
    outer loop
      vertex 144.02 -29.8804 0
      vertex 154.044 2.39999 0
      vertex 144.758 -30.6948 0
    endloop
  endfacet
  facet normal 0 0 -1
    outer loop
      vertex 143.205 -29.1423 0
      vertex 154.044 2.39999 0
      vertex 144.02 -29.8804 0
    endloop
  endfacet
  facet normal 0 0 -1
    outer loop
      vertex 142.322 -28.4875 0
      vertex 154.044 2.39999 0
      vertex 143.205 -29.1423 0
    endloop
  endfacet
  facet normal 0 0 -1
    outer loop
      vertex 141.38 -27.9225 0
      vertex 154.044 2.39999 0
      vertex 142.322 -28.4875 0
    endloop
  endfacet
  facet normal 0 0 -1
    outer loop
      vertex 140.386 -27.4525 0
      vertex 154.044 2.39999 0
      vertex 141.38 -27.9225 0
    endloop
  endfacet
  facet normal 0 0 -1
    outer loop
      vertex 139.351 -27.0823 0
      vertex 154.044 2.39999 0
      vertex 140.386 -27.4525 0
    endloop
  endfacet
  facet normal 0 0 -1
    outer loop
      vertex 138.285 -26.8152 0
      vertex 154.044 2.39999 0
      vertex 139.351 -27.0823 0
    endloop
  endfacet
  facet normal 0 0 -1
    outer loop
      vertex 137.198 -26.6539 0
      vertex 154.044 2.39999 0
      vertex 138.285 -26.8152 0
    endloop
  endfacet
  facet normal 0 0 -1
    outer loop
      vertex 136.1 -26.6 0
      vertex 154.044 2.39999 0
      vertex 137.198 -26.6539 0
    endloop
  endfacet
  facet normal 0 0 -1
    outer loop
      vertex 135.002 -26.6539 0
      vertex 154.044 2.39999 0
      vertex 136.1 -26.6 0
    endloop
  endfacet
  facet normal 0 0 -1
    outer loop
      vertex 133.915 -26.8152 0
      vertex 154.044 2.39999 0
      vertex 135.002 -26.6539 0
    endloop
  endfacet
  facet normal 0 0 -1
    outer loop
      vertex 132.849 -27.0823 0
      vertex 154.044 2.39999 0
      vertex 133.915 -26.8152 0
    endloop
  endfacet
  facet normal 0 0 -1
    outer loop
      vertex 131.814 -27.4525 0
      vertex 154.044 2.39999 0
      vertex 132.849 -27.0823 0
    endloop
  endfacet
  facet normal 0 0 -1
    outer loop
      vertex 130.82 -27.9225 0
      vertex 154.044 2.39999 0
      vertex 131.814 -27.4525 0
    endloop
  endfacet
  facet normal 0 0 -1
    outer loop
      vertex 129.878 -28.4875 0
      vertex 154.044 2.39999 0
      vertex 130.82 -27.9225 0
    endloop
  endfacet
  facet normal 0 0 -1
    outer loop
      vertex 128.995 -29.1423 0
      vertex 154.044 2.39999 0
      vertex 129.878 -28.4875 0
    endloop
  endfacet
  facet normal 0 0 -1
    outer loop
      vertex 1.55573 2.39999 0
      vertex 128.995 -29.1423 0
      vertex 128.18 -29.8804 0
    endloop
  endfacet
  facet normal 0 0 -1
    outer loop
      vertex 1.55573 2.39999 0
      vertex 128.18 -29.8804 0
      vertex 127.442 -30.6948 0
    endloop
  endfacet
  facet normal 0 0 -1
    outer loop
      vertex 1.55573 2.39999 0
      vertex 124.9 -37.8 0
      vertex 1.55573 -78 0
    endloop
  endfacet
  facet normal 0 0 -1
    outer loop
      vertex 124.9 -37.8 0
      vertex 1.55573 2.39999 0
      vertex 124.954 -36.7022 0
    endloop
  endfacet
  facet normal 0 0 -1
    outer loop
      vertex 124.954 -36.7022 0
      vertex 1.55573 2.39999 0
      vertex 125.115 -35.615 0
    endloop
  endfacet
  facet normal 0 0 -1
    outer loop
      vertex 125.115 -35.615 0
      vertex 1.55573 2.39999 0
      vertex 125.382 -34.5488 0
    endloop
  endfacet
  facet normal 0 0 -1
    outer loop
      vertex 125.382 -34.5488 0
      vertex 1.55573 2.39999 0
      vertex 125.753 -33.5139 0
    endloop
  endfacet
  facet normal 0 0 -1
    outer loop
      vertex 125.753 -33.5139 0
      vertex 1.55573 2.39999 0
      vertex 126.222 -32.5204 0
    endloop
  endfacet
  facet normal 0 0 -1
    outer loop
      vertex 126.222 -32.5204 0
      vertex 1.55573 2.39999 0
      vertex 126.788 -31.5776 0
    endloop
  endfacet
  facet normal 0 0 -1
    outer loop
      vertex 126.788 -31.5776 0
      vertex 1.55573 2.39999 0
      vertex 127.442 -30.6948 0
    endloop
  endfacet
  facet normal 0 0 -1
    outer loop
      vertex 128.995 -29.1423 0
      vertex 1.55573 2.39999 0
      vertex 154.044 2.39999 0
    endloop
  endfacet
  facet normal 0.146887 0.989153 -0
    outer loop
      vertex 159.497 7.51161 0
      vertex 159.051 7.57784 3
      vertex 159.497 7.51161 3
    endloop
  endfacet
  facet normal 0.146887 0.989153 0
    outer loop
      vertex 159.051 7.57784 3
      vertex 159.497 7.51161 0
      vertex 159.051 7.57784 0
    endloop
  endfacet
  facet normal 0.242932 0.970043 -0
    outer loop
      vertex 159.935 7.40192 0
      vertex 159.497 7.51161 3
      vertex 159.935 7.40192 3
    endloop
  endfacet
  facet normal 0.242932 0.970043 0
    outer loop
      vertex 159.497 7.51161 3
      vertex 159.935 7.40192 0
      vertex 159.497 7.51161 0
    endloop
  endfacet
  facet normal 0.336934 0.941528 -0
    outer loop
      vertex 160.36 7.24983 0
      vertex 159.935 7.40192 3
      vertex 160.36 7.24983 3
    endloop
  endfacet
  facet normal 0.336934 0.941528 0
    outer loop
      vertex 159.935 7.40192 3
      vertex 160.36 7.24983 0
      vertex 159.935 7.40192 0
    endloop
  endfacet
  facet normal 0.427628 0.903955 -0
    outer loop
      vertex 160.768 7.05682 0
      vertex 160.36 7.24983 3
      vertex 160.768 7.05682 3
    endloop
  endfacet
  facet normal 0.427628 0.903955 0
    outer loop
      vertex 160.36 7.24983 3
      vertex 160.768 7.05682 0
      vertex 160.36 7.24983 0
    endloop
  endfacet
  facet normal 0.513308 0.858204 -0
    outer loop
      vertex 161.156 6.82475 0
      vertex 160.768 7.05682 3
      vertex 161.156 6.82475 3
    endloop
  endfacet
  facet normal 0.513308 0.858204 0
    outer loop
      vertex 160.768 7.05682 3
      vertex 161.156 6.82475 0
      vertex 160.768 7.05682 0
    endloop
  endfacet
  facet normal 0.596304 0.802759 -0
    outer loop
      vertex 161.518 6.55585 0
      vertex 161.156 6.82475 3
      vertex 161.518 6.55585 3
    endloop
  endfacet
  facet normal 0.596304 0.802759 0
    outer loop
      vertex 161.156 6.82475 3
      vertex 161.518 6.55585 0
      vertex 161.156 6.82475 0
    endloop
  endfacet
  facet normal 0.670992 0.741464 -0
    outer loop
      vertex 161.853 6.25269 0
      vertex 161.518 6.55585 3
      vertex 161.853 6.25269 3
    endloop
  endfacet
  facet normal 0.670992 0.741464 0
    outer loop
      vertex 161.518 6.55585 3
      vertex 161.853 6.25269 0
      vertex 161.518 6.55585 0
    endloop
  endfacet
  facet normal 0.741132 0.671359 0
    outer loop
      vertex 162.156 5.9182 3
      vertex 161.853 6.25269 0
      vertex 161.853 6.25269 3
    endloop
  endfacet
  facet normal 0.741132 0.671359 0
    outer loop
      vertex 161.853 6.25269 0
      vertex 162.156 5.9182 3
      vertex 162.156 5.9182 0
    endloop
  endfacet
  facet normal 0.80311 0.595831 0
    outer loop
      vertex 162.425 5.55562 3
      vertex 162.156 5.9182 0
      vertex 162.156 5.9182 3
    endloop
  endfacet
  facet normal 0.80311 0.595831 0
    outer loop
      vertex 162.156 5.9182 0
      vertex 162.425 5.55562 3
      vertex 162.425 5.55562 0
    endloop
  endfacet
  facet normal 0.857811 0.513965 0
    outer loop
      vertex 162.657 5.16841 3
      vertex 162.425 5.55562 0
      vertex 162.425 5.55562 3
    endloop
  endfacet
  facet normal 0.857811 0.513965 0
    outer loop
      vertex 162.425 5.55562 0
      vertex 162.657 5.16841 3
      vertex 162.657 5.16841 0
    endloop
  endfacet
  facet normal 0.903996 0.427542 0
    outer loop
      vertex 162.85 4.76033 3
      vertex 162.657 5.16841 0
      vertex 162.657 5.16841 3
    endloop
  endfacet
  facet normal 0.903996 0.427542 0
    outer loop
      vertex 162.657 5.16841 0
      vertex 162.85 4.76033 3
      vertex 162.85 4.76033 0
    endloop
  endfacet
  facet normal 0.941599 0.336736 0
    outer loop
      vertex 163.002 4.3353 3
      vertex 162.85 4.76033 0
      vertex 162.85 4.76033 3
    endloop
  endfacet
  facet normal 0.941599 0.336736 0
    outer loop
      vertex 162.85 4.76033 0
      vertex 163.002 4.3353 3
      vertex 163.002 4.3353 0
    endloop
  endfacet
  facet normal 0.969866 0.24364 0
    outer loop
      vertex 163.112 3.89742 3
      vertex 163.002 4.3353 0
      vertex 163.002 4.3353 3
    endloop
  endfacet
  facet normal 0.969866 0.24364 0
    outer loop
      vertex 163.002 4.3353 0
      vertex 163.112 3.89742 3
      vertex 163.112 3.89742 0
    endloop
  endfacet
  facet normal 0.989253 0.146211 0
    outer loop
      vertex 163.178 3.45087 3
      vertex 163.112 3.89742 0
      vertex 163.112 3.89742 3
    endloop
  endfacet
  facet normal 0.989253 0.146211 0
    outer loop
      vertex 163.112 3.89742 0
      vertex 163.178 3.45087 3
      vertex 163.178 3.45087 0
    endloop
  endfacet
  facet normal 0.998812 0.0487366 0
    outer loop
      vertex 163.2 3 3
      vertex 163.178 3.45087 0
      vertex 163.178 3.45087 3
    endloop
  endfacet
  facet normal 0.998812 0.0487366 0
    outer loop
      vertex 163.178 3.45087 0
      vertex 163.2 3 3
      vertex 163.2 3 0
    endloop
  endfacet
  facet normal 0.998812 -0.0487355 0
    outer loop
      vertex 163.178 2.54912 3
      vertex 163.2 3 0
      vertex 163.2 3 3
    endloop
  endfacet
  facet normal 0.998812 -0.0487355 0
    outer loop
      vertex 163.2 3 0
      vertex 163.178 2.54912 3
      vertex 163.178 2.54912 0
    endloop
  endfacet
  facet normal 0.989253 -0.146211 0
    outer loop
      vertex 163.112 2.10257 3
      vertex 163.178 2.54912 0
      vertex 163.178 2.54912 3
    endloop
  endfacet
  facet normal 0.989253 -0.146211 0
    outer loop
      vertex 163.178 2.54912 0
      vertex 163.112 2.10257 3
      vertex 163.112 2.10257 0
    endloop
  endfacet
  facet normal 0.969866 -0.24364 0
    outer loop
      vertex 163.002 1.66469 3
      vertex 163.112 2.10257 0
      vertex 163.112 2.10257 3
    endloop
  endfacet
  facet normal 0.969866 -0.24364 0
    outer loop
      vertex 163.112 2.10257 0
      vertex 163.002 1.66469 3
      vertex 163.002 1.66469 0
    endloop
  endfacet
  facet normal 0.941601 -0.336729 0
    outer loop
      vertex 162.85 1.23965 3
      vertex 163.002 1.66469 0
      vertex 163.002 1.66469 3
    endloop
  endfacet
  facet normal 0.941601 -0.336729 0
    outer loop
      vertex 163.002 1.66469 0
      vertex 162.85 1.23965 3
      vertex 162.85 1.23965 0
    endloop
  endfacet
  facet normal 0.903994 -0.427544 0
    outer loop
      vertex 162.657 0.831573 3
      vertex 162.85 1.23965 0
      vertex 162.85 1.23965 3
    endloop
  endfacet
  facet normal 0.903994 -0.427544 0
    outer loop
      vertex 162.85 1.23965 0
      vertex 162.657 0.831573 3
      vertex 162.657 0.831573 0
    endloop
  endfacet
  facet normal 0.85781 -0.513968 0
    outer loop
      vertex 162.425 0.444366 3
      vertex 162.657 0.831573 0
      vertex 162.657 0.831573 3
    endloop
  endfacet
  facet normal 0.85781 -0.513968 0
    outer loop
      vertex 162.657 0.831573 0
      vertex 162.425 0.444366 3
      vertex 162.425 0.444366 0
    endloop
  endfacet
  facet normal 0.803109 -0.595832 0
    outer loop
      vertex 162.156 0.0817871 3
      vertex 162.425 0.444366 0
      vertex 162.425 0.444366 3
    endloop
  endfacet
  facet normal 0.803109 -0.595832 0
    outer loop
      vertex 162.425 0.444366 0
      vertex 162.156 0.0817871 3
      vertex 162.156 0.0817871 0
    endloop
  endfacet
  facet normal 0.741115 -0.671378 0
    outer loop
      vertex 161.853 -0.252686 3
      vertex 162.156 0.0817871 0
      vertex 162.156 0.0817871 3
    endloop
  endfacet
  facet normal 0.741115 -0.671378 0
    outer loop
      vertex 162.156 0.0817871 0
      vertex 161.853 -0.252686 3
      vertex 161.853 -0.252686 0
    endloop
  endfacet
  facet normal 0.670993 -0.741463 0
    outer loop
      vertex 161.518 -0.555847 0
      vertex 161.853 -0.252686 3
      vertex 161.518 -0.555847 3
    endloop
  endfacet
  facet normal 0.670993 -0.741463 0
    outer loop
      vertex 161.853 -0.252686 3
      vertex 161.518 -0.555847 0
      vertex 161.853 -0.252686 0
    endloop
  endfacet
  facet normal 0.596312 -0.802753 0
    outer loop
      vertex 161.156 -0.824753 0
      vertex 161.518 -0.555847 3
      vertex 161.156 -0.824753 3
    endloop
  endfacet
  facet normal 0.596312 -0.802753 0
    outer loop
      vertex 161.518 -0.555847 3
      vertex 161.156 -0.824753 0
      vertex 161.518 -0.555847 0
    endloop
  endfacet
  facet normal 0.513303 -0.858207 0
    outer loop
      vertex 160.768 -1.05682 0
      vertex 161.156 -0.824753 3
      vertex 160.768 -1.05682 3
    endloop
  endfacet
  facet normal 0.513303 -0.858207 0
    outer loop
      vertex 161.156 -0.824753 3
      vertex 160.768 -1.05682 0
      vertex 161.156 -0.824753 0
    endloop
  endfacet
  facet normal 0.427628 -0.903955 0
    outer loop
      vertex 160.36 -1.24983 0
      vertex 160.768 -1.05682 3
      vertex 160.36 -1.24983 3
    endloop
  endfacet
  facet normal 0.427628 -0.903955 0
    outer loop
      vertex 160.768 -1.05682 3
      vertex 160.36 -1.24983 0
      vertex 160.768 -1.05682 0
    endloop
  endfacet
  facet normal 0.336934 -0.941528 0
    outer loop
      vertex 159.935 -1.40192 0
      vertex 160.36 -1.24983 3
      vertex 159.935 -1.40192 3
    endloop
  endfacet
  facet normal 0.336934 -0.941528 0
    outer loop
      vertex 160.36 -1.24983 3
      vertex 159.935 -1.40192 0
      vertex 160.36 -1.24983 0
    endloop
  endfacet
  facet normal 0.242932 -0.970043 0
    outer loop
      vertex 159.497 -1.51161 0
      vertex 159.935 -1.40192 3
      vertex 159.497 -1.51161 3
    endloop
  endfacet
  facet normal 0.242932 -0.970043 0
    outer loop
      vertex 159.935 -1.40192 3
      vertex 159.497 -1.51161 0
      vertex 159.935 -1.40192 0
    endloop
  endfacet
  facet normal 0.146887 -0.989153 0
    outer loop
      vertex 159.051 -1.57784 0
      vertex 159.497 -1.51161 3
      vertex 159.051 -1.57784 3
    endloop
  endfacet
  facet normal 0.146887 -0.989153 0
    outer loop
      vertex 159.497 -1.51161 3
      vertex 159.051 -1.57784 0
      vertex 159.497 -1.51161 0
    endloop
  endfacet
  facet normal 0.049054 -0.998796 0
    outer loop
      vertex 158.6 -1.59999 0
      vertex 159.051 -1.57784 3
      vertex 158.6 -1.59999 3
    endloop
  endfacet
  facet normal 0.049054 -0.998796 0
    outer loop
      vertex 159.051 -1.57784 3
      vertex 158.6 -1.59999 0
      vertex 159.051 -1.57784 0
    endloop
  endfacet
  facet normal -0.049054 -0.998796 0
    outer loop
      vertex 158.149 -1.57784 0
      vertex 158.6 -1.59999 3
      vertex 158.149 -1.57784 3
    endloop
  endfacet
  facet normal -0.049054 -0.998796 -0
    outer loop
      vertex 158.6 -1.59999 3
      vertex 158.149 -1.57784 0
      vertex 158.6 -1.59999 0
    endloop
  endfacet
  facet normal -0.146782 -0.989169 0
    outer loop
      vertex 158 -1.55573 0
      vertex 158.149 -1.57784 3
      vertex 158 -1.55573 3
    endloop
  endfacet
  facet normal -0.146782 -0.989169 -0
    outer loop
      vertex 158.149 -1.57784 3
      vertex 158 -1.55573 0
      vertex 158.149 -1.57784 0
    endloop
  endfacet
  facet normal 1 -0 0
    outer loop
      vertex 158 -74.0443 3
      vertex 158 -1.55573 0
      vertex 158 -1.55573 3
    endloop
  endfacet
  facet normal 1 0 0
    outer loop
      vertex 158 -1.55573 0
      vertex 158 -74.0443 3
      vertex 158 -74.0443 0
    endloop
  endfacet
  facet normal -0.147367 0.989082 0
    outer loop
      vertex 158.149 -74.0221 0
      vertex 158 -74.0443 3
      vertex 158.149 -74.0221 3
    endloop
  endfacet
  facet normal -0.147367 0.989082 0
    outer loop
      vertex 158 -74.0443 3
      vertex 158.149 -74.0221 0
      vertex 158 -74.0443 0
    endloop
  endfacet
  facet normal -0.0489435 0.998802 0
    outer loop
      vertex 158.6 -74 0
      vertex 158.149 -74.0221 3
      vertex 158.6 -74 3
    endloop
  endfacet
  facet normal -0.0489435 0.998802 0
    outer loop
      vertex 158.149 -74.0221 3
      vertex 158.6 -74 0
      vertex 158.149 -74.0221 0
    endloop
  endfacet
  facet normal 0.0489435 0.998802 -0
    outer loop
      vertex 159.051 -74.0221 0
      vertex 158.6 -74 3
      vertex 159.051 -74.0221 3
    endloop
  endfacet
  facet normal 0.0489435 0.998802 0
    outer loop
      vertex 158.6 -74 3
      vertex 159.051 -74.0221 0
      vertex 158.6 -74 0
    endloop
  endfacet
  facet normal 0.147039 0.989131 -0
    outer loop
      vertex 159.497 -74.0884 0
      vertex 159.051 -74.0221 3
      vertex 159.497 -74.0884 3
    endloop
  endfacet
  facet normal 0.147039 0.989131 0
    outer loop
      vertex 159.051 -74.0221 3
      vertex 159.497 -74.0884 0
      vertex 159.051 -74.0221 0
    endloop
  endfacet
  facet normal 0.242952 0.970038 -0
    outer loop
      vertex 159.935 -74.1981 0
      vertex 159.497 -74.0884 3
      vertex 159.935 -74.1981 3
    endloop
  endfacet
  facet normal 0.242952 0.970038 0
    outer loop
      vertex 159.497 -74.0884 3
      vertex 159.935 -74.1981 0
      vertex 159.497 -74.0884 0
    endloop
  endfacet
  facet normal 0.336757 0.941591 -0
    outer loop
      vertex 160.36 -74.3501 0
      vertex 159.935 -74.1981 3
      vertex 160.36 -74.3501 3
    endloop
  endfacet
  facet normal 0.336757 0.941591 0
    outer loop
      vertex 159.935 -74.1981 3
      vertex 160.36 -74.3501 0
      vertex 159.935 -74.1981 0
    endloop
  endfacet
  facet normal 0.427791 0.903878 -0
    outer loop
      vertex 160.768 -74.5432 0
      vertex 160.36 -74.3501 3
      vertex 160.768 -74.5432 3
    endloop
  endfacet
  facet normal 0.427791 0.903878 0
    outer loop
      vertex 160.36 -74.3501 3
      vertex 160.768 -74.5432 0
      vertex 160.36 -74.3501 0
    endloop
  endfacet
  facet normal 0.513194 0.858273 -0
    outer loop
      vertex 161.156 -74.7752 0
      vertex 160.768 -74.5432 3
      vertex 161.156 -74.7752 3
    endloop
  endfacet
  facet normal 0.513194 0.858273 0
    outer loop
      vertex 160.768 -74.5432 3
      vertex 161.156 -74.7752 0
      vertex 160.768 -74.5432 0
    endloop
  endfacet
  facet normal 0.596304 0.802759 -0
    outer loop
      vertex 161.518 -75.0441 0
      vertex 161.156 -74.7752 3
      vertex 161.518 -75.0441 3
    endloop
  endfacet
  facet normal 0.596304 0.802759 0
    outer loop
      vertex 161.156 -74.7752 3
      vertex 161.518 -75.0441 0
      vertex 161.156 -74.7752 0
    endloop
  endfacet
  facet normal 0.671041 0.74142 -0
    outer loop
      vertex 161.853 -75.3473 0
      vertex 161.518 -75.0441 3
      vertex 161.853 -75.3473 3
    endloop
  endfacet
  facet normal 0.671041 0.74142 0
    outer loop
      vertex 161.518 -75.0441 3
      vertex 161.853 -75.3473 0
      vertex 161.518 -75.0441 0
    endloop
  endfacet
  facet normal 0.741142 0.671348 0
    outer loop
      vertex 162.156 -75.6818 3
      vertex 161.853 -75.3473 0
      vertex 161.853 -75.3473 3
    endloop
  endfacet
  facet normal 0.741142 0.671348 0
    outer loop
      vertex 161.853 -75.3473 0
      vertex 162.156 -75.6818 3
      vertex 162.156 -75.6818 0
    endloop
  endfacet
  facet normal 0.803125 0.59581 0
    outer loop
      vertex 162.425 -76.0444 3
      vertex 162.156 -75.6818 0
      vertex 162.156 -75.6818 3
    endloop
  endfacet
  facet normal 0.803125 0.59581 0
    outer loop
      vertex 162.156 -75.6818 0
      vertex 162.425 -76.0444 3
      vertex 162.425 -76.0444 0
    endloop
  endfacet
  facet normal 0.857806 0.513974 0
    outer loop
      vertex 162.657 -76.4316 3
      vertex 162.425 -76.0444 0
      vertex 162.425 -76.0444 3
    endloop
  endfacet
  facet normal 0.857806 0.513974 0
    outer loop
      vertex 162.425 -76.0444 0
      vertex 162.657 -76.4316 3
      vertex 162.657 -76.4316 0
    endloop
  endfacet
  facet normal 0.903963 0.42761 0
    outer loop
      vertex 162.85 -76.8396 3
      vertex 162.657 -76.4316 0
      vertex 162.657 -76.4316 3
    endloop
  endfacet
  facet normal 0.903963 0.42761 0
    outer loop
      vertex 162.657 -76.4316 0
      vertex 162.85 -76.8396 3
      vertex 162.85 -76.8396 0
    endloop
  endfacet
  facet normal 0.941617 0.336687 0
    outer loop
      vertex 163.002 -77.2647 3
      vertex 162.85 -76.8396 0
      vertex 162.85 -76.8396 3
    endloop
  endfacet
  facet normal 0.941617 0.336687 0
    outer loop
      vertex 162.85 -76.8396 0
      vertex 163.002 -77.2647 3
      vertex 163.002 -77.2647 0
    endloop
  endfacet
  facet normal 0.969868 0.24363 0
    outer loop
      vertex 163.112 -77.7026 3
      vertex 163.002 -77.2647 0
      vertex 163.002 -77.2647 3
    endloop
  endfacet
  facet normal 0.969868 0.24363 0
    outer loop
      vertex 163.002 -77.2647 0
      vertex 163.112 -77.7026 3
      vertex 163.112 -77.7026 0
    endloop
  endfacet
  facet normal 0.989251 0.146227 0
    outer loop
      vertex 163.178 -78.1491 3
      vertex 163.112 -77.7026 0
      vertex 163.112 -77.7026 3
    endloop
  endfacet
  facet normal 0.989251 0.146227 0
    outer loop
      vertex 163.112 -77.7026 0
      vertex 163.178 -78.1491 3
      vertex 163.178 -78.1491 0
    endloop
  endfacet
  facet normal 0.998812 0.0487333 0
    outer loop
      vertex 163.2 -78.6 3
      vertex 163.178 -78.1491 0
      vertex 163.178 -78.1491 3
    endloop
  endfacet
  facet normal 0.998812 0.0487333 0
    outer loop
      vertex 163.178 -78.1491 0
      vertex 163.2 -78.6 3
      vertex 163.2 -78.6 0
    endloop
  endfacet
  facet normal 0.998812 -0.0487333 0
    outer loop
      vertex 163.178 -79.0509 3
      vertex 163.2 -78.6 0
      vertex 163.2 -78.6 3
    endloop
  endfacet
  facet normal 0.998812 -0.0487333 0
    outer loop
      vertex 163.2 -78.6 0
      vertex 163.178 -79.0509 3
      vertex 163.178 -79.0509 0
    endloop
  endfacet
  facet normal 0.989251 -0.146227 0
    outer loop
      vertex 163.112 -79.4974 3
      vertex 163.178 -79.0509 0
      vertex 163.178 -79.0509 3
    endloop
  endfacet
  facet normal 0.989251 -0.146227 0
    outer loop
      vertex 163.178 -79.0509 0
      vertex 163.112 -79.4974 3
      vertex 163.112 -79.4974 0
    endloop
  endfacet
  facet normal 0.969868 -0.24363 0
    outer loop
      vertex 163.002 -79.9353 3
      vertex 163.112 -79.4974 0
      vertex 163.112 -79.4974 3
    endloop
  endfacet
  facet normal 0.969868 -0.24363 0
    outer loop
      vertex 163.112 -79.4974 0
      vertex 163.002 -79.9353 3
      vertex 163.002 -79.9353 0
    endloop
  endfacet
  facet normal 0.941591 -0.336757 0
    outer loop
      vertex 162.85 -80.3603 3
      vertex 163.002 -79.9353 0
      vertex 163.002 -79.9353 3
    endloop
  endfacet
  facet normal 0.941591 -0.336757 0
    outer loop
      vertex 163.002 -79.9353 0
      vertex 162.85 -80.3603 3
      vertex 162.85 -80.3603 0
    endloop
  endfacet
  facet normal 0.904004 -0.427524 0
    outer loop
      vertex 162.657 -80.7684 3
      vertex 162.85 -80.3603 0
      vertex 162.85 -80.3603 3
    endloop
  endfacet
  facet normal 0.904004 -0.427524 0
    outer loop
      vertex 162.85 -80.3603 0
      vertex 162.657 -80.7684 3
      vertex 162.657 -80.7684 0
    endloop
  endfacet
  facet normal 0.857806 -0.513974 0
    outer loop
      vertex 162.425 -81.1556 3
      vertex 162.657 -80.7684 0
      vertex 162.657 -80.7684 3
    endloop
  endfacet
  facet normal 0.857806 -0.513974 0
    outer loop
      vertex 162.657 -80.7684 0
      vertex 162.425 -81.1556 3
      vertex 162.425 -81.1556 0
    endloop
  endfacet
  facet normal 0.803125 -0.59581 0
    outer loop
      vertex 162.156 -81.5182 3
      vertex 162.425 -81.1556 0
      vertex 162.425 -81.1556 3
    endloop
  endfacet
  facet normal 0.803125 -0.59581 0
    outer loop
      vertex 162.425 -81.1556 0
      vertex 162.156 -81.5182 3
      vertex 162.156 -81.5182 0
    endloop
  endfacet
  facet normal 0.741142 -0.671348 0
    outer loop
      vertex 161.853 -81.8527 3
      vertex 162.156 -81.5182 0
      vertex 162.156 -81.5182 3
    endloop
  endfacet
  facet normal 0.741142 -0.671348 0
    outer loop
      vertex 162.156 -81.5182 0
      vertex 161.853 -81.8527 3
      vertex 161.853 -81.8527 0
    endloop
  endfacet
  facet normal 0.670919 -0.741531 0
    outer loop
      vertex 161.518 -82.1558 0
      vertex 161.853 -81.8527 3
      vertex 161.518 -82.1558 3
    endloop
  endfacet
  facet normal 0.670919 -0.741531 0
    outer loop
      vertex 161.853 -81.8527 3
      vertex 161.518 -82.1558 0
      vertex 161.853 -81.8527 0
    endloop
  endfacet
  facet normal 0.596446 -0.802653 0
    outer loop
      vertex 161.156 -82.4248 0
      vertex 161.518 -82.1558 3
      vertex 161.156 -82.4248 3
    endloop
  endfacet
  facet normal 0.596446 -0.802653 0
    outer loop
      vertex 161.518 -82.1558 3
      vertex 161.156 -82.4248 0
      vertex 161.518 -82.1558 0
    endloop
  endfacet
  facet normal 0.513194 -0.858273 0
    outer loop
      vertex 160.768 -82.6568 0
      vertex 161.156 -82.4248 3
      vertex 160.768 -82.6568 3
    endloop
  endfacet
  facet normal 0.513194 -0.858273 0
    outer loop
      vertex 161.156 -82.4248 3
      vertex 160.768 -82.6568 0
      vertex 161.156 -82.4248 0
    endloop
  endfacet
  facet normal 0.42761 -0.903963 0
    outer loop
      vertex 160.36 -82.8498 0
      vertex 160.768 -82.6568 3
      vertex 160.36 -82.8498 3
    endloop
  endfacet
  facet normal 0.42761 -0.903963 0
    outer loop
      vertex 160.768 -82.6568 3
      vertex 160.36 -82.8498 0
      vertex 160.768 -82.6568 0
    endloop
  endfacet
  facet normal 0.336954 -0.941521 0
    outer loop
      vertex 159.935 -83.0019 0
      vertex 160.36 -82.8498 3
      vertex 159.935 -83.0019 3
    endloop
  endfacet
  facet normal 0.336954 -0.941521 0
    outer loop
      vertex 160.36 -82.8498 3
      vertex 159.935 -83.0019 0
      vertex 160.36 -82.8498 0
    endloop
  endfacet
  facet normal 0.242952 -0.970038 0
    outer loop
      vertex 159.497 -83.1116 0
      vertex 159.935 -83.0019 3
      vertex 159.497 -83.1116 3
    endloop
  endfacet
  facet normal 0.242952 -0.970038 0
    outer loop
      vertex 159.935 -83.0019 3
      vertex 159.497 -83.1116 0
      vertex 159.935 -83.0019 0
    endloop
  endfacet
  facet normal 0.146822 -0.989163 0
    outer loop
      vertex 159.051 -83.1778 0
      vertex 159.497 -83.1116 3
      vertex 159.051 -83.1778 3
    endloop
  endfacet
  facet normal 0.146822 -0.989163 0
    outer loop
      vertex 159.497 -83.1116 3
      vertex 159.051 -83.1778 0
      vertex 159.497 -83.1116 0
    endloop
  endfacet
  facet normal 0.0491644 -0.998791 0
    outer loop
      vertex 158.6 -83.2 0
      vertex 159.051 -83.1778 3
      vertex 158.6 -83.2 3
    endloop
  endfacet
  facet normal 0.0491644 -0.998791 0
    outer loop
      vertex 159.051 -83.1778 3
      vertex 158.6 -83.2 0
      vertex 159.051 -83.1778 0
    endloop
  endfacet
  facet normal -0.0491644 -0.998791 0
    outer loop
      vertex 158.149 -83.1778 0
      vertex 158.6 -83.2 3
      vertex 158.149 -83.1778 3
    endloop
  endfacet
  facet normal -0.0491644 -0.998791 -0
    outer loop
      vertex 158.6 -83.2 3
      vertex 158.149 -83.1778 0
      vertex 158.6 -83.2 0
    endloop
  endfacet
  facet normal -0.146822 -0.989163 0
    outer loop
      vertex 157.703 -83.1116 0
      vertex 158.149 -83.1778 3
      vertex 157.703 -83.1116 3
    endloop
  endfacet
  facet normal -0.146822 -0.989163 -0
    outer loop
      vertex 158.149 -83.1778 3
      vertex 157.703 -83.1116 0
      vertex 158.149 -83.1778 0
    endloop
  endfacet
  facet normal -0.242952 -0.970038 0
    outer loop
      vertex 157.265 -83.0019 0
      vertex 157.703 -83.1116 3
      vertex 157.265 -83.0019 3
    endloop
  endfacet
  facet normal -0.242952 -0.970038 -0
    outer loop
      vertex 157.703 -83.1116 3
      vertex 157.265 -83.0019 0
      vertex 157.703 -83.1116 0
    endloop
  endfacet
  facet normal -0.336954 -0.941521 0
    outer loop
      vertex 156.84 -82.8498 0
      vertex 157.265 -83.0019 3
      vertex 156.84 -82.8498 3
    endloop
  endfacet
  facet normal -0.336954 -0.941521 -0
    outer loop
      vertex 157.265 -83.0019 3
      vertex 156.84 -82.8498 0
      vertex 157.265 -83.0019 0
    endloop
  endfacet
  facet normal -0.42761 -0.903963 0
    outer loop
      vertex 156.432 -82.6568 0
      vertex 156.84 -82.8498 3
      vertex 156.432 -82.6568 3
    endloop
  endfacet
  facet normal -0.42761 -0.903963 -0
    outer loop
      vertex 156.84 -82.8498 3
      vertex 156.432 -82.6568 0
      vertex 156.84 -82.8498 0
    endloop
  endfacet
  facet normal -0.513194 -0.858273 0
    outer loop
      vertex 156.044 -82.4248 0
      vertex 156.432 -82.6568 3
      vertex 156.044 -82.4248 3
    endloop
  endfacet
  facet normal -0.513194 -0.858273 -0
    outer loop
      vertex 156.432 -82.6568 3
      vertex 156.044 -82.4248 0
      vertex 156.432 -82.6568 0
    endloop
  endfacet
  facet normal -0.596446 -0.802653 0
    outer loop
      vertex 155.682 -82.1558 0
      vertex 156.044 -82.4248 3
      vertex 155.682 -82.1558 3
    endloop
  endfacet
  facet normal -0.596446 -0.802653 -0
    outer loop
      vertex 156.044 -82.4248 3
      vertex 155.682 -82.1558 0
      vertex 156.044 -82.4248 0
    endloop
  endfacet
  facet normal -0.670919 -0.741531 0
    outer loop
      vertex 155.347 -81.8527 0
      vertex 155.682 -82.1558 3
      vertex 155.347 -81.8527 3
    endloop
  endfacet
  facet normal -0.670919 -0.741531 -0
    outer loop
      vertex 155.682 -82.1558 3
      vertex 155.347 -81.8527 0
      vertex 155.682 -82.1558 0
    endloop
  endfacet
  facet normal -0.741142 -0.671348 0
    outer loop
      vertex 155.347 -81.8527 0
      vertex 155.044 -81.5182 3
      vertex 155.044 -81.5182 0
    endloop
  endfacet
  facet normal -0.741142 -0.671348 0
    outer loop
      vertex 155.044 -81.5182 3
      vertex 155.347 -81.8527 0
      vertex 155.347 -81.8527 3
    endloop
  endfacet
  facet normal -0.803125 -0.59581 0
    outer loop
      vertex 155.044 -81.5182 0
      vertex 154.775 -81.1556 3
      vertex 154.775 -81.1556 0
    endloop
  endfacet
  facet normal -0.803125 -0.59581 0
    outer loop
      vertex 154.775 -81.1556 3
      vertex 155.044 -81.5182 0
      vertex 155.044 -81.5182 3
    endloop
  endfacet
  facet normal -0.857806 -0.513974 0
    outer loop
      vertex 154.775 -81.1556 0
      vertex 154.543 -80.7684 3
      vertex 154.543 -80.7684 0
    endloop
  endfacet
  facet normal -0.857806 -0.513974 0
    outer loop
      vertex 154.543 -80.7684 3
      vertex 154.775 -81.1556 0
      vertex 154.775 -81.1556 3
    endloop
  endfacet
  facet normal -0.904004 -0.427524 0
    outer loop
      vertex 154.543 -80.7684 0
      vertex 154.35 -80.3603 3
      vertex 154.35 -80.3603 0
    endloop
  endfacet
  facet normal -0.904004 -0.427524 0
    outer loop
      vertex 154.35 -80.3603 3
      vertex 154.543 -80.7684 0
      vertex 154.543 -80.7684 3
    endloop
  endfacet
  facet normal -0.941591 -0.336757 0
    outer loop
      vertex 154.35 -80.3603 0
      vertex 154.198 -79.9353 3
      vertex 154.198 -79.9353 0
    endloop
  endfacet
  facet normal -0.941591 -0.336757 0
    outer loop
      vertex 154.198 -79.9353 3
      vertex 154.35 -80.3603 0
      vertex 154.35 -80.3603 3
    endloop
  endfacet
  facet normal -0.969868 -0.24363 0
    outer loop
      vertex 154.198 -79.9353 0
      vertex 154.088 -79.4974 3
      vertex 154.088 -79.4974 0
    endloop
  endfacet
  facet normal -0.969868 -0.24363 0
    outer loop
      vertex 154.088 -79.4974 3
      vertex 154.198 -79.9353 0
      vertex 154.198 -79.9353 3
    endloop
  endfacet
  facet normal -0.989251 -0.146227 0
    outer loop
      vertex 154.088 -79.4974 0
      vertex 154.022 -79.0509 3
      vertex 154.022 -79.0509 0
    endloop
  endfacet
  facet normal -0.989251 -0.146227 0
    outer loop
      vertex 154.022 -79.0509 3
      vertex 154.088 -79.4974 0
      vertex 154.088 -79.4974 3
    endloop
  endfacet
  facet normal -0.998812 -0.0487333 0
    outer loop
      vertex 154.022 -79.0509 0
      vertex 154 -78.6 3
      vertex 154 -78.6 0
    endloop
  endfacet
  facet normal -0.998812 -0.0487333 0
    outer loop
      vertex 154 -78.6 3
      vertex 154.022 -79.0509 0
      vertex 154.022 -79.0509 3
    endloop
  endfacet
  facet normal -0.998812 0.0487333 0
    outer loop
      vertex 154 -78.6 0
      vertex 154.022 -78.1491 3
      vertex 154.022 -78.1491 0
    endloop
  endfacet
  facet normal -0.998812 0.0487333 0
    outer loop
      vertex 154.022 -78.1491 3
      vertex 154 -78.6 0
      vertex 154 -78.6 3
    endloop
  endfacet
  facet normal -0.989289 0.145972 0
    outer loop
      vertex 154.022 -78.1491 0
      vertex 154.044 -78 3
      vertex 154.044 -78 0
    endloop
  endfacet
  facet normal -0.989289 0.145972 0
    outer loop
      vertex 154.044 -78 3
      vertex 154.022 -78.1491 0
      vertex 154.022 -78.1491 3
    endloop
  endfacet
  facet normal 0 -1 0
    outer loop
      vertex 1.55573 -78 0
      vertex 154.044 -78 3
      vertex 1.55573 -78 3
    endloop
  endfacet
  facet normal 0 -1 -0
    outer loop
      vertex 154.044 -78 3
      vertex 1.55573 -78 0
      vertex 154.044 -78 0
    endloop
  endfacet
  facet normal 0.989183 0.146686 0
    outer loop
      vertex 1.57784 -78.1491 3
      vertex 1.55573 -78 0
      vertex 1.55573 -78 3
    endloop
  endfacet
  facet normal 0.989183 0.146686 0
    outer loop
      vertex 1.55573 -78 0
      vertex 1.57784 -78.1491 3
      vertex 1.57784 -78.1491 0
    endloop
  endfacet
  facet normal 0.998796 0.0490648 0
    outer loop
      vertex 1.59999 -78.6 3
      vertex 1.57784 -78.1491 0
      vertex 1.57784 -78.1491 3
    endloop
  endfacet
  facet normal 0.998796 0.0490648 0
    outer loop
      vertex 1.57784 -78.1491 0
      vertex 1.59999 -78.6 3
      vertex 1.59999 -78.6 0
    endloop
  endfacet
  facet normal 0.998796 -0.0490648 0
    outer loop
      vertex 1.57784 -79.0509 3
      vertex 1.59999 -78.6 0
      vertex 1.59999 -78.6 3
    endloop
  endfacet
  facet normal 0.998796 -0.0490648 0
    outer loop
      vertex 1.59999 -78.6 0
      vertex 1.57784 -79.0509 3
      vertex 1.57784 -79.0509 0
    endloop
  endfacet
  facet normal 0.989177 -0.146726 0
    outer loop
      vertex 1.51161 -79.4974 3
      vertex 1.57784 -79.0509 0
      vertex 1.57784 -79.0509 3
    endloop
  endfacet
  facet normal 0.989177 -0.146726 0
    outer loop
      vertex 1.57784 -79.0509 0
      vertex 1.51161 -79.4974 3
      vertex 1.51161 -79.4974 0
    endloop
  endfacet
  facet normal 0.97003 -0.242984 0
    outer loop
      vertex 1.40192 -79.9353 3
      vertex 1.51161 -79.4974 0
      vertex 1.51161 -79.4974 3
    endloop
  endfacet
  facet normal 0.97003 -0.242984 0
    outer loop
      vertex 1.51161 -79.4974 0
      vertex 1.40192 -79.9353 3
      vertex 1.40192 -79.9353 0
    endloop
  endfacet
  facet normal 0.941528 -0.336934 0
    outer loop
      vertex 1.24983 -80.3603 3
      vertex 1.40192 -79.9353 0
      vertex 1.40192 -79.9353 3
    endloop
  endfacet
  facet normal 0.941528 -0.336934 0
    outer loop
      vertex 1.40192 -79.9353 0
      vertex 1.24983 -80.3603 3
      vertex 1.24983 -80.3603 0
    endloop
  endfacet
  facet normal 0.903995 -0.427543 0
    outer loop
      vertex 1.05682 -80.7684 3
      vertex 1.24983 -80.3603 0
      vertex 1.24983 -80.3603 3
    endloop
  endfacet
  facet normal 0.903995 -0.427543 0
    outer loop
      vertex 1.24983 -80.3603 0
      vertex 1.05682 -80.7684 3
      vertex 1.05682 -80.7684 0
    endloop
  endfacet
  facet normal 0.85774 -0.514084 0
    outer loop
      vertex 0.824753 -81.1556 3
      vertex 1.05682 -80.7684 0
      vertex 1.05682 -80.7684 3
    endloop
  endfacet
  facet normal 0.85774 -0.514084 0
    outer loop
      vertex 1.05682 -80.7684 0
      vertex 0.824753 -81.1556 3
      vertex 0.824753 -81.1556 0
    endloop
  endfacet
  facet normal 0.803225 -0.595676 0
    outer loop
      vertex 0.555847 -81.5182 3
      vertex 0.824753 -81.1556 0
      vertex 0.824753 -81.1556 3
    endloop
  endfacet
  facet normal 0.803225 -0.595676 0
    outer loop
      vertex 0.824753 -81.1556 0
      vertex 0.555847 -81.5182 3
      vertex 0.555847 -81.5182 0
    endloop
  endfacet
  facet normal 0.740964 -0.671544 0
    outer loop
      vertex 0.252686 -81.8527 3
      vertex 0.555847 -81.5182 0
      vertex 0.555847 -81.5182 3
    endloop
  endfacet
  facet normal 0.740964 -0.671544 0
    outer loop
      vertex 0.555847 -81.5182 0
      vertex 0.252686 -81.8527 3
      vertex 0.252686 -81.8527 0
    endloop
  endfacet
  facet normal 0.6715 -0.741005 0
    outer loop
      vertex -0.0817871 -82.1558 0
      vertex 0.252686 -81.8527 3
      vertex -0.0817871 -82.1558 3
    endloop
  endfacet
  facet normal 0.6715 -0.741005 0
    outer loop
      vertex 0.252686 -81.8527 3
      vertex -0.0817871 -82.1558 0
      vertex 0.252686 -81.8527 0
    endloop
  endfacet
  facet normal 0.595832 -0.803109 0
    outer loop
      vertex -0.444366 -82.4248 0
      vertex -0.0817871 -82.1558 3
      vertex -0.444366 -82.4248 3
    endloop
  endfacet
  facet normal 0.595832 -0.803109 0
    outer loop
      vertex -0.0817871 -82.1558 3
      vertex -0.444366 -82.4248 0
      vertex -0.0817871 -82.1558 0
    endloop
  endfacet
  facet normal 0.513968 -0.85781 0
    outer loop
      vertex -0.831573 -82.6568 0
      vertex -0.444366 -82.4248 3
      vertex -0.831573 -82.6568 3
    endloop
  endfacet
  facet normal 0.513968 -0.85781 0
    outer loop
      vertex -0.444366 -82.4248 3
      vertex -0.831573 -82.6568 0
      vertex -0.444366 -82.4248 0
    endloop
  endfacet
  facet normal 0.427544 -0.903994 0
    outer loop
      vertex -1.23965 -82.8498 0
      vertex -0.831573 -82.6568 3
      vertex -1.23965 -82.8498 3
    endloop
  endfacet
  facet normal 0.427544 -0.903994 0
    outer loop
      vertex -0.831573 -82.6568 3
      vertex -1.23965 -82.8498 0
      vertex -0.831573 -82.6568 0
    endloop
  endfacet
  facet normal 0.336926 -0.941531 0
    outer loop
      vertex -1.66469 -83.0019 0
      vertex -1.23965 -82.8498 3
      vertex -1.66469 -83.0019 3
    endloop
  endfacet
  facet normal 0.336926 -0.941531 0
    outer loop
      vertex -1.23965 -82.8498 3
      vertex -1.66469 -83.0019 0
      vertex -1.23965 -82.8498 0
    endloop
  endfacet
  facet normal 0.243015 -0.970022 0
    outer loop
      vertex -2.10257 -83.1116 0
      vertex -1.66469 -83.0019 3
      vertex -2.10257 -83.1116 3
    endloop
  endfacet
  facet normal 0.243015 -0.970022 0
    outer loop
      vertex -1.66469 -83.0019 3
      vertex -2.10257 -83.1116 0
      vertex -1.66469 -83.0019 0
    endloop
  endfacet
  facet normal 0.146645 -0.989189 0
    outer loop
      vertex -2.54912 -83.1778 0
      vertex -2.10257 -83.1116 3
      vertex -2.54912 -83.1778 3
    endloop
  endfacet
  facet normal 0.146645 -0.989189 0
    outer loop
      vertex -2.10257 -83.1116 3
      vertex -2.54912 -83.1778 0
      vertex -2.10257 -83.1116 0
    endloop
  endfacet
  facet normal 0.0491775 -0.99879 0
    outer loop
      vertex -3 -83.2 0
      vertex -2.54912 -83.1778 3
      vertex -3 -83.2 3
    endloop
  endfacet
  facet normal 0.0491775 -0.99879 0
    outer loop
      vertex -2.54912 -83.1778 3
      vertex -3 -83.2 0
      vertex -2.54912 -83.1778 0
    endloop
  endfacet
  facet normal -0.0491786 -0.99879 0
    outer loop
      vertex -3.45087 -83.1778 0
      vertex -3 -83.2 3
      vertex -3.45087 -83.1778 3
    endloop
  endfacet
  facet normal -0.0491786 -0.99879 -0
    outer loop
      vertex -3 -83.2 3
      vertex -3.45087 -83.1778 0
      vertex -3 -83.2 0
    endloop
  endfacet
  facet normal -0.146645 -0.989189 0
    outer loop
      vertex -3.89742 -83.1116 0
      vertex -3.45087 -83.1778 3
      vertex -3.89742 -83.1116 3
    endloop
  endfacet
  facet normal -0.146645 -0.989189 -0
    outer loop
      vertex -3.45087 -83.1778 3
      vertex -3.89742 -83.1116 0
      vertex -3.45087 -83.1778 0
    endloop
  endfacet
  facet normal -0.243015 -0.970022 0
    outer loop
      vertex -4.3353 -83.0019 0
      vertex -3.89742 -83.1116 3
      vertex -4.3353 -83.0019 3
    endloop
  endfacet
  facet normal -0.243015 -0.970022 -0
    outer loop
      vertex -3.89742 -83.1116 3
      vertex -4.3353 -83.0019 0
      vertex -3.89742 -83.1116 0
    endloop
  endfacet
  facet normal -0.336933 -0.941529 0
    outer loop
      vertex -4.76033 -82.8498 0
      vertex -4.3353 -83.0019 3
      vertex -4.76033 -82.8498 3
    endloop
  endfacet
  facet normal -0.336933 -0.941529 -0
    outer loop
      vertex -4.3353 -83.0019 3
      vertex -4.76033 -82.8498 0
      vertex -4.3353 -83.0019 0
    endloop
  endfacet
  facet normal -0.427542 -0.903996 0
    outer loop
      vertex -5.16841 -82.6568 0
      vertex -4.76033 -82.8498 3
      vertex -5.16841 -82.6568 3
    endloop
  endfacet
  facet normal -0.427542 -0.903996 -0
    outer loop
      vertex -4.76033 -82.8498 3
      vertex -5.16841 -82.6568 0
      vertex -4.76033 -82.8498 0
    endloop
  endfacet
  facet normal -0.513965 -0.857811 0
    outer loop
      vertex -5.55562 -82.4248 0
      vertex -5.16841 -82.6568 3
      vertex -5.55562 -82.4248 3
    endloop
  endfacet
  facet normal -0.513965 -0.857811 -0
    outer loop
      vertex -5.16841 -82.6568 3
      vertex -5.55562 -82.4248 0
      vertex -5.16841 -82.6568 0
    endloop
  endfacet
  facet normal -0.595831 -0.80311 0
    outer loop
      vertex -5.9182 -82.1558 0
      vertex -5.55562 -82.4248 3
      vertex -5.9182 -82.1558 3
    endloop
  endfacet
  facet normal -0.595831 -0.80311 -0
    outer loop
      vertex -5.55562 -82.4248 3
      vertex -5.9182 -82.1558 0
      vertex -5.55562 -82.4248 0
    endloop
  endfacet
  facet normal -0.671481 -0.741022 0
    outer loop
      vertex -6.25269 -81.8527 0
      vertex -5.9182 -82.1558 3
      vertex -6.25269 -81.8527 3
    endloop
  endfacet
  facet normal -0.671481 -0.741022 -0
    outer loop
      vertex -5.9182 -82.1558 3
      vertex -6.25269 -81.8527 0
      vertex -5.9182 -82.1558 0
    endloop
  endfacet
  facet normal -0.740966 -0.671543 0
    outer loop
      vertex -6.25269 -81.8527 0
      vertex -6.55585 -81.5182 3
      vertex -6.55585 -81.5182 0
    endloop
  endfacet
  facet normal -0.740966 -0.671543 0
    outer loop
      vertex -6.55585 -81.5182 3
      vertex -6.25269 -81.8527 0
      vertex -6.25269 -81.8527 3
    endloop
  endfacet
  facet normal -0.803231 -0.595667 0
    outer loop
      vertex -6.55585 -81.5182 0
      vertex -6.82475 -81.1556 3
      vertex -6.82475 -81.1556 0
    endloop
  endfacet
  facet normal -0.803231 -0.595667 0
    outer loop
      vertex -6.82475 -81.1556 3
      vertex -6.55585 -81.5182 0
      vertex -6.55585 -81.5182 3
    endloop
  endfacet
  facet normal -0.857737 -0.514088 0
    outer loop
      vertex -6.82475 -81.1556 0
      vertex -7.05682 -80.7684 3
      vertex -7.05682 -80.7684 0
    endloop
  endfacet
  facet normal -0.857737 -0.514088 0
    outer loop
      vertex -7.05682 -80.7684 3
      vertex -6.82475 -81.1556 0
      vertex -6.82475 -81.1556 3
    endloop
  endfacet
  facet normal -0.903995 -0.427543 0
    outer loop
      vertex -7.05682 -80.7684 0
      vertex -7.24983 -80.3603 3
      vertex -7.24983 -80.3603 0
    endloop
  endfacet
  facet normal -0.903995 -0.427543 0
    outer loop
      vertex -7.24983 -80.3603 3
      vertex -7.05682 -80.7684 0
      vertex -7.05682 -80.7684 3
    endloop
  endfacet
  facet normal -0.941528 -0.336934 0
    outer loop
      vertex -7.24983 -80.3603 0
      vertex -7.40192 -79.9353 3
      vertex -7.40192 -79.9353 0
    endloop
  endfacet
  facet normal -0.941528 -0.336934 0
    outer loop
      vertex -7.40192 -79.9353 3
      vertex -7.24983 -80.3603 0
      vertex -7.24983 -80.3603 3
    endloop
  endfacet
  facet normal -0.97003 -0.242984 0
    outer loop
      vertex -7.40192 -79.9353 0
      vertex -7.51161 -79.4974 3
      vertex -7.51161 -79.4974 0
    endloop
  endfacet
  facet normal -0.97003 -0.242984 0
    outer loop
      vertex -7.51161 -79.4974 3
      vertex -7.40192 -79.9353 0
      vertex -7.40192 -79.9353 3
    endloop
  endfacet
  facet normal -0.989177 -0.146726 0
    outer loop
      vertex -7.51161 -79.4974 0
      vertex -7.57784 -79.0509 3
      vertex -7.57784 -79.0509 0
    endloop
  endfacet
  facet normal -0.989177 -0.146726 0
    outer loop
      vertex -7.57784 -79.0509 3
      vertex -7.51161 -79.4974 0
      vertex -7.51161 -79.4974 3
    endloop
  endfacet
  facet normal -0.998796 -0.0490648 0
    outer loop
      vertex -7.57784 -79.0509 0
      vertex -7.59999 -78.6 3
      vertex -7.59999 -78.6 0
    endloop
  endfacet
  facet normal -0.998796 -0.0490648 0
    outer loop
      vertex -7.59999 -78.6 3
      vertex -7.57784 -79.0509 0
      vertex -7.57784 -79.0509 3
    endloop
  endfacet
  facet normal -0.998796 0.0490648 0
    outer loop
      vertex -7.59999 -78.6 0
      vertex -7.57784 -78.1491 3
      vertex -7.57784 -78.1491 0
    endloop
  endfacet
  facet normal -0.998796 0.0490648 0
    outer loop
      vertex -7.57784 -78.1491 3
      vertex -7.59999 -78.6 0
      vertex -7.59999 -78.6 3
    endloop
  endfacet
  facet normal -0.989177 0.146726 0
    outer loop
      vertex -7.57784 -78.1491 0
      vertex -7.51161 -77.7026 3
      vertex -7.51161 -77.7026 0
    endloop
  endfacet
  facet normal -0.989177 0.146726 0
    outer loop
      vertex -7.51161 -77.7026 3
      vertex -7.57784 -78.1491 0
      vertex -7.57784 -78.1491 3
    endloop
  endfacet
  facet normal -0.97003 0.242984 0
    outer loop
      vertex -7.51161 -77.7026 0
      vertex -7.40192 -77.2647 3
      vertex -7.40192 -77.2647 0
    endloop
  endfacet
  facet normal -0.97003 0.242984 0
    outer loop
      vertex -7.40192 -77.2647 3
      vertex -7.51161 -77.7026 0
      vertex -7.51161 -77.7026 3
    endloop
  endfacet
  facet normal -0.941553 0.336864 0
    outer loop
      vertex -7.40192 -77.2647 0
      vertex -7.24983 -76.8396 3
      vertex -7.24983 -76.8396 0
    endloop
  endfacet
  facet normal -0.941553 0.336864 0
    outer loop
      vertex -7.24983 -76.8396 3
      vertex -7.40192 -77.2647 0
      vertex -7.40192 -77.2647 3
    endloop
  endfacet
  facet normal -0.903955 0.427628 0
    outer loop
      vertex -7.24983 -76.8396 0
      vertex -7.05682 -76.4316 3
      vertex -7.05682 -76.4316 0
    endloop
  endfacet
  facet normal -0.903955 0.427628 0
    outer loop
      vertex -7.05682 -76.4316 3
      vertex -7.24983 -76.8396 0
      vertex -7.24983 -76.8396 3
    endloop
  endfacet
  facet normal -0.857737 0.514088 0
    outer loop
      vertex -7.05682 -76.4316 0
      vertex -6.82475 -76.0444 3
      vertex -6.82475 -76.0444 0
    endloop
  endfacet
  facet normal -0.857737 0.514088 0
    outer loop
      vertex -6.82475 -76.0444 3
      vertex -7.05682 -76.4316 0
      vertex -7.05682 -76.4316 3
    endloop
  endfacet
  facet normal -0.803231 0.595667 0
    outer loop
      vertex -6.82475 -76.0444 0
      vertex -6.55585 -75.6818 3
      vertex -6.55585 -75.6818 0
    endloop
  endfacet
  facet normal -0.803231 0.595667 0
    outer loop
      vertex -6.55585 -75.6818 3
      vertex -6.82475 -76.0444 0
      vertex -6.82475 -76.0444 3
    endloop
  endfacet
  facet normal -0.740966 0.671543 0
    outer loop
      vertex -6.55585 -75.6818 0
      vertex -6.25269 -75.3473 3
      vertex -6.25269 -75.3473 0
    endloop
  endfacet
  facet normal -0.740966 0.671543 0
    outer loop
      vertex -6.25269 -75.3473 3
      vertex -6.55585 -75.6818 0
      vertex -6.55585 -75.6818 3
    endloop
  endfacet
  facet normal -0.671603 0.740912 0
    outer loop
      vertex -5.9182 -75.0441 0
      vertex -6.25269 -75.3473 3
      vertex -5.9182 -75.0441 3
    endloop
  endfacet
  facet normal -0.671603 0.740912 0
    outer loop
      vertex -6.25269 -75.3473 3
      vertex -5.9182 -75.0441 0
      vertex -6.25269 -75.3473 0
    endloop
  endfacet
  facet normal -0.595688 0.803216 0
    outer loop
      vertex -5.55562 -74.7752 0
      vertex -5.9182 -75.0441 3
      vertex -5.55562 -74.7752 3
    endloop
  endfacet
  facet normal -0.595688 0.803216 0
    outer loop
      vertex -5.9182 -75.0441 3
      vertex -5.55562 -74.7752 0
      vertex -5.9182 -75.0441 0
    endloop
  endfacet
  facet normal -0.513965 0.857811 0
    outer loop
      vertex -5.16841 -74.5432 0
      vertex -5.55562 -74.7752 3
      vertex -5.16841 -74.5432 3
    endloop
  endfacet
  facet normal -0.513965 0.857811 0
    outer loop
      vertex -5.55562 -74.7752 3
      vertex -5.16841 -74.5432 0
      vertex -5.55562 -74.7752 0
    endloop
  endfacet
  facet normal -0.427723 0.90391 0
    outer loop
      vertex -4.76033 -74.3501 0
      vertex -5.16841 -74.5432 3
      vertex -4.76033 -74.3501 3
    endloop
  endfacet
  facet normal -0.427723 0.90391 0
    outer loop
      vertex -5.16841 -74.5432 3
      vertex -4.76033 -74.3501 0
      vertex -5.16841 -74.5432 0
    endloop
  endfacet
  facet normal -0.336736 0.941599 0
    outer loop
      vertex -4.3353 -74.1981 0
      vertex -4.76033 -74.3501 3
      vertex -4.3353 -74.1981 3
    endloop
  endfacet
  facet normal -0.336736 0.941599 0
    outer loop
      vertex -4.76033 -74.3501 3
      vertex -4.3353 -74.1981 0
      vertex -4.76033 -74.3501 0
    endloop
  endfacet
  facet normal -0.243015 0.970022 0
    outer loop
      vertex -3.89742 -74.0884 0
      vertex -4.3353 -74.1981 3
      vertex -3.89742 -74.0884 3
    endloop
  endfacet
  facet normal -0.243015 0.970022 0
    outer loop
      vertex -4.3353 -74.1981 3
      vertex -3.89742 -74.0884 0
      vertex -4.3353 -74.1981 0
    endloop
  endfacet
  facet normal -0.146862 0.989157 0
    outer loop
      vertex -3.45087 -74.0221 0
      vertex -3.89742 -74.0884 3
      vertex -3.45087 -74.0221 3
    endloop
  endfacet
  facet normal -0.146862 0.989157 0
    outer loop
      vertex -3.89742 -74.0884 3
      vertex -3.45087 -74.0221 0
      vertex -3.89742 -74.0884 0
    endloop
  endfacet
  facet normal -0.0489576 0.998801 0
    outer loop
      vertex -3 -74 0
      vertex -3.45087 -74.0221 3
      vertex -3 -74 3
    endloop
  endfacet
  facet normal -0.0489576 0.998801 0
    outer loop
      vertex -3.45087 -74.0221 3
      vertex -3 -74 0
      vertex -3.45087 -74.0221 0
    endloop
  endfacet
  facet normal 0.0489565 0.998801 -0
    outer loop
      vertex -2.54912 -74.0221 0
      vertex -3 -74 3
      vertex -2.54912 -74.0221 3
    endloop
  endfacet
  facet normal 0.0489565 0.998801 0
    outer loop
      vertex -3 -74 3
      vertex -2.54912 -74.0221 0
      vertex -3 -74 0
    endloop
  endfacet
  facet normal 0.147241 0.989101 -0
    outer loop
      vertex -2.39999 -74.0443 0
      vertex -2.54912 -74.0221 3
      vertex -2.39999 -74.0443 3
    endloop
  endfacet
  facet normal 0.147241 0.989101 0
    outer loop
      vertex -2.54912 -74.0221 3
      vertex -2.39999 -74.0443 0
      vertex -2.54912 -74.0221 0
    endloop
  endfacet
  facet normal -1 0 0
    outer loop
      vertex -2.39999 -74.0443 0
      vertex -2.39999 -1.55573 3
      vertex -2.39999 -1.55573 0
    endloop
  endfacet
  facet normal -1 -0 0
    outer loop
      vertex -2.39999 -1.55573 3
      vertex -2.39999 -74.0443 0
      vertex -2.39999 -74.0443 3
    endloop
  endfacet
  facet normal 0.146657 -0.989187 0
    outer loop
      vertex -2.54912 -1.57784 0
      vertex -2.39999 -1.55573 3
      vertex -2.54912 -1.57784 3
    endloop
  endfacet
  facet normal 0.146657 -0.989187 0
    outer loop
      vertex -2.39999 -1.55573 3
      vertex -2.54912 -1.57784 0
      vertex -2.39999 -1.55573 0
    endloop
  endfacet
  facet normal 0.049067 -0.998795 0
    outer loop
      vertex -3 -1.59999 0
      vertex -2.54912 -1.57784 3
      vertex -3 -1.59999 3
    endloop
  endfacet
  facet normal 0.049067 -0.998795 0
    outer loop
      vertex -2.54912 -1.57784 3
      vertex -3 -1.59999 0
      vertex -2.54912 -1.57784 0
    endloop
  endfacet
  facet normal -0.0490681 -0.998795 0
    outer loop
      vertex -3.45087 -1.57784 0
      vertex -3 -1.59999 3
      vertex -3.45087 -1.57784 3
    endloop
  endfacet
  facet normal -0.0490681 -0.998795 -0
    outer loop
      vertex -3 -1.59999 3
      vertex -3.45087 -1.57784 0
      vertex -3 -1.59999 0
    endloop
  endfacet
  facet normal -0.14671 -0.98918 0
    outer loop
      vertex -3.89742 -1.51161 0
      vertex -3.45087 -1.57784 3
      vertex -3.89742 -1.51161 3
    endloop
  endfacet
  facet normal -0.14671 -0.98918 -0
    outer loop
      vertex -3.45087 -1.57784 3
      vertex -3.89742 -1.51161 0
      vertex -3.45087 -1.57784 0
    endloop
  endfacet
  facet normal -0.242994 -0.970028 0
    outer loop
      vertex -4.3353 -1.40192 0
      vertex -3.89742 -1.51161 3
      vertex -4.3353 -1.40192 3
    endloop
  endfacet
  facet normal -0.242994 -0.970028 -0
    outer loop
      vertex -3.89742 -1.51161 3
      vertex -4.3353 -1.40192 0
      vertex -3.89742 -1.51161 0
    endloop
  endfacet
  facet normal -0.336913 -0.941536 0
    outer loop
      vertex -4.76033 -1.24983 0
      vertex -4.3353 -1.40192 3
      vertex -4.76033 -1.24983 3
    endloop
  endfacet
  facet normal -0.336913 -0.941536 -0
    outer loop
      vertex -4.3353 -1.40192 3
      vertex -4.76033 -1.24983 0
      vertex -4.3353 -1.40192 0
    endloop
  endfacet
  facet normal -0.42756 -0.903987 0
    outer loop
      vertex -5.16841 -1.05682 0
      vertex -4.76033 -1.24983 3
      vertex -5.16841 -1.05682 3
    endloop
  endfacet
  facet normal -0.42756 -0.903987 -0
    outer loop
      vertex -4.76033 -1.24983 3
      vertex -5.16841 -1.05682 0
      vertex -4.76033 -1.24983 0
    endloop
  endfacet
  facet normal -0.514074 -0.857746 0
    outer loop
      vertex -5.55562 -0.824753 0
      vertex -5.16841 -1.05682 3
      vertex -5.55562 -0.824753 3
    endloop
  endfacet
  facet normal -0.514074 -0.857746 -0
    outer loop
      vertex -5.16841 -1.05682 3
      vertex -5.55562 -0.824753 0
      vertex -5.16841 -1.05682 0
    endloop
  endfacet
  facet normal -0.595697 -0.803209 0
    outer loop
      vertex -5.9182 -0.555847 0
      vertex -5.55562 -0.824753 3
      vertex -5.9182 -0.555847 3
    endloop
  endfacet
  facet normal -0.595697 -0.803209 -0
    outer loop
      vertex -5.55562 -0.824753 3
      vertex -5.9182 -0.555847 0
      vertex -5.55562 -0.824753 0
    endloop
  endfacet
  facet normal -0.671555 -0.740955 0
    outer loop
      vertex -6.25269 -0.252686 0
      vertex -5.9182 -0.555847 3
      vertex -6.25269 -0.252686 3
    endloop
  endfacet
  facet normal -0.671555 -0.740955 -0
    outer loop
      vertex -5.9182 -0.555847 3
      vertex -6.25269 -0.252686 0
      vertex -5.9182 -0.555847 0
    endloop
  endfacet
  facet normal -0.740939 -0.671573 0
    outer loop
      vertex -6.25269 -0.252686 0
      vertex -6.55585 0.0817871 3
      vertex -6.55585 0.0817871 0
    endloop
  endfacet
  facet normal -0.740939 -0.671573 0
    outer loop
      vertex -6.55585 0.0817871 3
      vertex -6.25269 -0.252686 0
      vertex -6.25269 -0.252686 3
    endloop
  endfacet
  facet normal -0.803215 -0.59569 0
    outer loop
      vertex -6.55585 0.0817871 0
      vertex -6.82475 0.444366 3
      vertex -6.82475 0.444366 0
    endloop
  endfacet
  facet normal -0.803215 -0.59569 0
    outer loop
      vertex -6.82475 0.444366 3
      vertex -6.55585 0.0817871 0
      vertex -6.55585 0.0817871 3
    endloop
  endfacet
  facet normal -0.857741 -0.514082 0
    outer loop
      vertex -6.82475 0.444366 0
      vertex -7.05682 0.831573 3
      vertex -7.05682 0.831573 0
    endloop
  endfacet
  facet normal -0.857741 -0.514082 0
    outer loop
      vertex -7.05682 0.831573 3
      vertex -6.82475 0.444366 0
      vertex -6.82475 0.444366 3
    endloop
  endfacet
  facet normal -0.903986 -0.427562 0
    outer loop
      vertex -7.05682 0.831573 0
      vertex -7.24983 1.23965 3
      vertex -7.24983 1.23965 0
    endloop
  endfacet
  facet normal -0.903986 -0.427562 0
    outer loop
      vertex -7.24983 1.23965 3
      vertex -7.05682 0.831573 0
      vertex -7.05682 0.831573 3
    endloop
  endfacet
  facet normal -0.941538 -0.336906 0
    outer loop
      vertex -7.24983 1.23965 0
      vertex -7.40192 1.66469 3
      vertex -7.40192 1.66469 0
    endloop
  endfacet
  facet normal -0.941538 -0.336906 0
    outer loop
      vertex -7.40192 1.66469 3
      vertex -7.24983 1.23965 0
      vertex -7.24983 1.23965 3
    endloop
  endfacet
  facet normal -0.970028 -0.242994 0
    outer loop
      vertex -7.40192 1.66469 0
      vertex -7.51161 2.10257 3
      vertex -7.51161 2.10257 0
    endloop
  endfacet
  facet normal -0.970028 -0.242994 0
    outer loop
      vertex -7.51161 2.10257 3
      vertex -7.40192 1.66469 0
      vertex -7.40192 1.66469 3
    endloop
  endfacet
  facet normal -0.98918 -0.14671 0
    outer loop
      vertex -7.51161 2.10257 0
      vertex -7.57784 2.54912 3
      vertex -7.57784 2.54912 0
    endloop
  endfacet
  facet normal -0.98918 -0.14671 0
    outer loop
      vertex -7.57784 2.54912 3
      vertex -7.51161 2.10257 0
      vertex -7.51161 2.10257 3
    endloop
  endfacet
  facet normal -0.998795 -0.049067 0
    outer loop
      vertex -7.57784 2.54912 0
      vertex -7.59999 3 3
      vertex -7.59999 3 0
    endloop
  endfacet
  facet normal -0.998795 -0.049067 0
    outer loop
      vertex -7.59999 3 3
      vertex -7.57784 2.54912 0
      vertex -7.57784 2.54912 3
    endloop
  endfacet
  facet normal -0.998795 0.0490681 0
    outer loop
      vertex -7.59999 3 0
      vertex -7.57784 3.45087 3
      vertex -7.57784 3.45087 0
    endloop
  endfacet
  facet normal -0.998795 0.0490681 0
    outer loop
      vertex -7.57784 3.45087 3
      vertex -7.59999 3 0
      vertex -7.59999 3 3
    endloop
  endfacet
  facet normal -0.98918 0.14671 0
    outer loop
      vertex -7.57784 3.45087 0
      vertex -7.51161 3.89742 3
      vertex -7.51161 3.89742 0
    endloop
  endfacet
  facet normal -0.98918 0.14671 0
    outer loop
      vertex -7.51161 3.89742 3
      vertex -7.57784 3.45087 0
      vertex -7.57784 3.45087 3
    endloop
  endfacet
  facet normal -0.970028 0.242994 0
    outer loop
      vertex -7.51161 3.89742 0
      vertex -7.40192 4.3353 3
      vertex -7.40192 4.3353 0
    endloop
  endfacet
  facet normal -0.970028 0.242994 0
    outer loop
      vertex -7.40192 4.3353 3
      vertex -7.51161 3.89742 0
      vertex -7.51161 3.89742 3
    endloop
  endfacet
  facet normal -0.941536 0.336913 0
    outer loop
      vertex -7.40192 4.3353 0
      vertex -7.24983 4.76033 3
      vertex -7.24983 4.76033 0
    endloop
  endfacet
  facet normal -0.941536 0.336913 0
    outer loop
      vertex -7.24983 4.76033 3
      vertex -7.40192 4.3353 0
      vertex -7.40192 4.3353 3
    endloop
  endfacet
  facet normal -0.903987 0.42756 0
    outer loop
      vertex -7.24983 4.76033 0
      vertex -7.05682 5.16841 3
      vertex -7.05682 5.16841 0
    endloop
  endfacet
  facet normal -0.903987 0.42756 0
    outer loop
      vertex -7.05682 5.16841 3
      vertex -7.24983 4.76033 0
      vertex -7.24983 4.76033 3
    endloop
  endfacet
  facet normal -0.857743 0.514079 0
    outer loop
      vertex -7.05682 5.16841 0
      vertex -6.82475 5.55562 3
      vertex -6.82475 5.55562 0
    endloop
  endfacet
  facet normal -0.857743 0.514079 0
    outer loop
      vertex -6.82475 5.55562 3
      vertex -7.05682 5.16841 0
      vertex -7.05682 5.16841 3
    endloop
  endfacet
  facet normal -0.803216 0.595688 0
    outer loop
      vertex -6.82475 5.55562 0
      vertex -6.55585 5.9182 3
      vertex -6.55585 5.9182 0
    endloop
  endfacet
  facet normal -0.803216 0.595688 0
    outer loop
      vertex -6.55585 5.9182 3
      vertex -6.82475 5.55562 0
      vertex -6.82475 5.55562 3
    endloop
  endfacet
  facet normal -0.740956 0.671554 0
    outer loop
      vertex -6.55585 5.9182 0
      vertex -6.25269 6.25269 3
      vertex -6.25269 6.25269 0
    endloop
  endfacet
  facet normal -0.740956 0.671554 0
    outer loop
      vertex -6.25269 6.25269 3
      vertex -6.55585 5.9182 0
      vertex -6.55585 5.9182 3
    endloop
  endfacet
  facet normal -0.671554 0.740956 0
    outer loop
      vertex -5.9182 6.55585 0
      vertex -6.25269 6.25269 3
      vertex -5.9182 6.55585 3
    endloop
  endfacet
  facet normal -0.671554 0.740956 0
    outer loop
      vertex -6.25269 6.25269 3
      vertex -5.9182 6.55585 0
      vertex -6.25269 6.25269 0
    endloop
  endfacet
  facet normal -0.595688 0.803216 0
    outer loop
      vertex -5.55562 6.82475 0
      vertex -5.9182 6.55585 3
      vertex -5.55562 6.82475 3
    endloop
  endfacet
  facet normal -0.595688 0.803216 0
    outer loop
      vertex -5.9182 6.55585 3
      vertex -5.55562 6.82475 0
      vertex -5.9182 6.55585 0
    endloop
  endfacet
  facet normal -0.514079 0.857743 0
    outer loop
      vertex -5.16841 7.05682 0
      vertex -5.55562 6.82475 3
      vertex -5.16841 7.05682 3
    endloop
  endfacet
  facet normal -0.514079 0.857743 0
    outer loop
      vertex -5.55562 6.82475 3
      vertex -5.16841 7.05682 0
      vertex -5.55562 6.82475 0
    endloop
  endfacet
  facet normal -0.42756 0.903987 0
    outer loop
      vertex -4.76033 7.24983 0
      vertex -5.16841 7.05682 3
      vertex -4.76033 7.24983 3
    endloop
  endfacet
  facet normal -0.42756 0.903987 0
    outer loop
      vertex -5.16841 7.05682 3
      vertex -4.76033 7.24983 0
      vertex -5.16841 7.05682 0
    endloop
  endfacet
  facet normal -0.336913 0.941536 0
    outer loop
      vertex -4.3353 7.40192 0
      vertex -4.76033 7.24983 3
      vertex -4.3353 7.40192 3
    endloop
  endfacet
  facet normal -0.336913 0.941536 0
    outer loop
      vertex -4.76033 7.24983 3
      vertex -4.3353 7.40192 0
      vertex -4.76033 7.24983 0
    endloop
  endfacet
  facet normal -0.242994 0.970028 0
    outer loop
      vertex -3.89742 7.51161 0
      vertex -4.3353 7.40192 3
      vertex -3.89742 7.51161 3
    endloop
  endfacet
  facet normal -0.242994 0.970028 0
    outer loop
      vertex -4.3353 7.40192 3
      vertex -3.89742 7.51161 0
      vertex -4.3353 7.40192 0
    endloop
  endfacet
  facet normal -0.14671 0.98918 0
    outer loop
      vertex -3.45087 7.57784 0
      vertex -3.89742 7.51161 3
      vertex -3.45087 7.57784 3
    endloop
  endfacet
  facet normal -0.14671 0.98918 0
    outer loop
      vertex -3.89742 7.51161 3
      vertex -3.45087 7.57784 0
      vertex -3.89742 7.51161 0
    endloop
  endfacet
  facet normal -0.0490681 0.998795 0
    outer loop
      vertex -3 7.59999 0
      vertex -3.45087 7.57784 3
      vertex -3 7.59999 3
    endloop
  endfacet
  facet normal -0.0490681 0.998795 0
    outer loop
      vertex -3.45087 7.57784 3
      vertex -3 7.59999 0
      vertex -3.45087 7.57784 0
    endloop
  endfacet
  facet normal 0.049067 0.998795 -0
    outer loop
      vertex -2.54912 7.57784 0
      vertex -3 7.59999 3
      vertex -2.54912 7.57784 3
    endloop
  endfacet
  facet normal 0.049067 0.998795 0
    outer loop
      vertex -3 7.59999 3
      vertex -2.54912 7.57784 0
      vertex -3 7.59999 0
    endloop
  endfacet
  facet normal 0.14671 0.98918 -0
    outer loop
      vertex -2.10257 7.51161 0
      vertex -2.54912 7.57784 3
      vertex -2.10257 7.51161 3
    endloop
  endfacet
  facet normal 0.14671 0.98918 0
    outer loop
      vertex -2.54912 7.57784 3
      vertex -2.10257 7.51161 0
      vertex -2.54912 7.57784 0
    endloop
  endfacet
  facet normal 0.242994 0.970028 -0
    outer loop
      vertex -1.66469 7.40192 0
      vertex -2.10257 7.51161 3
      vertex -1.66469 7.40192 3
    endloop
  endfacet
  facet normal 0.242994 0.970028 0
    outer loop
      vertex -2.10257 7.51161 3
      vertex -1.66469 7.40192 0
      vertex -2.10257 7.51161 0
    endloop
  endfacet
  facet normal 0.336906 0.941538 -0
    outer loop
      vertex -1.23965 7.24983 0
      vertex -1.66469 7.40192 3
      vertex -1.23965 7.24983 3
    endloop
  endfacet
  facet normal 0.336906 0.941538 0
    outer loop
      vertex -1.66469 7.40192 3
      vertex -1.23965 7.24983 0
      vertex -1.66469 7.40192 0
    endloop
  endfacet
  facet normal 0.427562 0.903986 -0
    outer loop
      vertex -0.831573 7.05682 0
      vertex -1.23965 7.24983 3
      vertex -0.831573 7.05682 3
    endloop
  endfacet
  facet normal 0.427562 0.903986 0
    outer loop
      vertex -1.23965 7.24983 3
      vertex -0.831573 7.05682 0
      vertex -1.23965 7.24983 0
    endloop
  endfacet
  facet normal 0.514082 0.857741 -0
    outer loop
      vertex -0.444366 6.82475 0
      vertex -0.831573 7.05682 3
      vertex -0.444366 6.82475 3
    endloop
  endfacet
  facet normal 0.514082 0.857741 0
    outer loop
      vertex -0.831573 7.05682 3
      vertex -0.444366 6.82475 0
      vertex -0.831573 7.05682 0
    endloop
  endfacet
  facet normal 0.59569 0.803215 -0
    outer loop
      vertex -0.0817871 6.55585 0
      vertex -0.444366 6.82475 3
      vertex -0.0817871 6.55585 3
    endloop
  endfacet
  facet normal 0.59569 0.803215 0
    outer loop
      vertex -0.444366 6.82475 3
      vertex -0.0817871 6.55585 0
      vertex -0.444366 6.82475 0
    endloop
  endfacet
  facet normal 0.671573 0.740939 -0
    outer loop
      vertex 0.252686 6.25269 0
      vertex -0.0817871 6.55585 3
      vertex 0.252686 6.25269 3
    endloop
  endfacet
  facet normal 0.671573 0.740939 0
    outer loop
      vertex -0.0817871 6.55585 3
      vertex 0.252686 6.25269 0
      vertex -0.0817871 6.55585 0
    endloop
  endfacet
  facet normal 0.740955 0.671555 0
    outer loop
      vertex 0.555847 5.9182 3
      vertex 0.252686 6.25269 0
      vertex 0.252686 6.25269 3
    endloop
  endfacet
  facet normal 0.740955 0.671555 0
    outer loop
      vertex 0.252686 6.25269 0
      vertex 0.555847 5.9182 3
      vertex 0.555847 5.9182 0
    endloop
  endfacet
  facet normal 0.803209 0.595697 0
    outer loop
      vertex 0.824753 5.55562 3
      vertex 0.555847 5.9182 0
      vertex 0.555847 5.9182 3
    endloop
  endfacet
  facet normal 0.803209 0.595697 0
    outer loop
      vertex 0.555847 5.9182 0
      vertex 0.824753 5.55562 3
      vertex 0.824753 5.55562 0
    endloop
  endfacet
  facet normal 0.857746 0.514074 0
    outer loop
      vertex 1.05682 5.16841 3
      vertex 0.824753 5.55562 0
      vertex 0.824753 5.55562 3
    endloop
  endfacet
  facet normal 0.857746 0.514074 0
    outer loop
      vertex 0.824753 5.55562 0
      vertex 1.05682 5.16841 3
      vertex 1.05682 5.16841 0
    endloop
  endfacet
  facet normal 0.903987 0.42756 0
    outer loop
      vertex 1.24983 4.76033 3
      vertex 1.05682 5.16841 0
      vertex 1.05682 5.16841 3
    endloop
  endfacet
  facet normal 0.903987 0.42756 0
    outer loop
      vertex 1.05682 5.16841 0
      vertex 1.24983 4.76033 3
      vertex 1.24983 4.76033 0
    endloop
  endfacet
  facet normal 0.941536 0.336913 0
    outer loop
      vertex 1.40192 4.3353 3
      vertex 1.24983 4.76033 0
      vertex 1.24983 4.76033 3
    endloop
  endfacet
  facet normal 0.941536 0.336913 0
    outer loop
      vertex 1.24983 4.76033 0
      vertex 1.40192 4.3353 3
      vertex 1.40192 4.3353 0
    endloop
  endfacet
  facet normal 0.970028 0.242994 0
    outer loop
      vertex 1.51161 3.89742 3
      vertex 1.40192 4.3353 0
      vertex 1.40192 4.3353 3
    endloop
  endfacet
  facet normal 0.970028 0.242994 0
    outer loop
      vertex 1.40192 4.3353 0
      vertex 1.51161 3.89742 3
      vertex 1.51161 3.89742 0
    endloop
  endfacet
  facet normal 0.98918 0.14671 0
    outer loop
      vertex 1.57784 3.45087 3
      vertex 1.51161 3.89742 0
      vertex 1.51161 3.89742 3
    endloop
  endfacet
  facet normal 0.98918 0.14671 0
    outer loop
      vertex 1.51161 3.89742 0
      vertex 1.57784 3.45087 3
      vertex 1.57784 3.45087 0
    endloop
  endfacet
  facet normal 0.998795 0.0490681 0
    outer loop
      vertex 1.59999 3 3
      vertex 1.57784 3.45087 0
      vertex 1.57784 3.45087 3
    endloop
  endfacet
  facet normal 0.998795 0.0490681 0
    outer loop
      vertex 1.57784 3.45087 0
      vertex 1.59999 3 3
      vertex 1.59999 3 0
    endloop
  endfacet
  facet normal 0.998795 -0.049067 0
    outer loop
      vertex 1.57784 2.54912 3
      vertex 1.59999 3 0
      vertex 1.59999 3 3
    endloop
  endfacet
  facet normal 0.998795 -0.049067 0
    outer loop
      vertex 1.59999 3 0
      vertex 1.57784 2.54912 3
      vertex 1.57784 2.54912 0
    endloop
  endfacet
  facet normal 0.989187 -0.146657 0
    outer loop
      vertex 1.55573 2.39999 3
      vertex 1.57784 2.54912 0
      vertex 1.57784 2.54912 3
    endloop
  endfacet
  facet normal 0.989187 -0.146657 0
    outer loop
      vertex 1.57784 2.54912 0
      vertex 1.55573 2.39999 3
      vertex 1.55573 2.39999 0
    endloop
  endfacet
  facet normal 0 1 -0
    outer loop
      vertex 154.044 2.39999 0
      vertex 1.55573 2.39999 3
      vertex 154.044 2.39999 3
    endloop
  endfacet
  facet normal 0 1 0
    outer loop
      vertex 1.55573 2.39999 3
      vertex 154.044 2.39999 0
      vertex 1.55573 2.39999 0
    endloop
  endfacet
  facet normal -0.989293 -0.145943 0
    outer loop
      vertex 154.044 2.39999 0
      vertex 154.022 2.54912 3
      vertex 154.022 2.54912 0
    endloop
  endfacet
  facet normal -0.989293 -0.145943 0
    outer loop
      vertex 154.022 2.54912 3
      vertex 154.044 2.39999 0
      vertex 154.044 2.39999 3
    endloop
  endfacet
  facet normal -0.998812 -0.0487355 0
    outer loop
      vertex 154.022 2.54912 0
      vertex 154 3 3
      vertex 154 3 0
    endloop
  endfacet
  facet normal -0.998812 -0.0487355 0
    outer loop
      vertex 154 3 3
      vertex 154.022 2.54912 0
      vertex 154.022 2.54912 3
    endloop
  endfacet
  facet normal -0.998812 0.0487366 0
    outer loop
      vertex 154 3 0
      vertex 154.022 3.45087 3
      vertex 154.022 3.45087 0
    endloop
  endfacet
  facet normal -0.998812 0.0487366 0
    outer loop
      vertex 154.022 3.45087 3
      vertex 154 3 0
      vertex 154 3 3
    endloop
  endfacet
  facet normal -0.989253 0.146211 0
    outer loop
      vertex 154.022 3.45087 0
      vertex 154.088 3.89742 3
      vertex 154.088 3.89742 0
    endloop
  endfacet
  facet normal -0.989253 0.146211 0
    outer loop
      vertex 154.088 3.89742 3
      vertex 154.022 3.45087 0
      vertex 154.022 3.45087 3
    endloop
  endfacet
  facet normal -0.969866 0.24364 0
    outer loop
      vertex 154.088 3.89742 0
      vertex 154.198 4.3353 3
      vertex 154.198 4.3353 0
    endloop
  endfacet
  facet normal -0.969866 0.24364 0
    outer loop
      vertex 154.198 4.3353 3
      vertex 154.088 3.89742 0
      vertex 154.088 3.89742 3
    endloop
  endfacet
  facet normal -0.941599 0.336736 0
    outer loop
      vertex 154.198 4.3353 0
      vertex 154.35 4.76033 3
      vertex 154.35 4.76033 0
    endloop
  endfacet
  facet normal -0.941599 0.336736 0
    outer loop
      vertex 154.35 4.76033 3
      vertex 154.198 4.3353 0
      vertex 154.198 4.3353 3
    endloop
  endfacet
  facet normal -0.903996 0.427542 0
    outer loop
      vertex 154.35 4.76033 0
      vertex 154.543 5.16841 3
      vertex 154.543 5.16841 0
    endloop
  endfacet
  facet normal -0.903996 0.427542 0
    outer loop
      vertex 154.543 5.16841 3
      vertex 154.35 4.76033 0
      vertex 154.35 4.76033 3
    endloop
  endfacet
  facet normal -0.857811 0.513965 0
    outer loop
      vertex 154.543 5.16841 0
      vertex 154.775 5.55562 3
      vertex 154.775 5.55562 0
    endloop
  endfacet
  facet normal -0.857811 0.513965 0
    outer loop
      vertex 154.775 5.55562 3
      vertex 154.543 5.16841 0
      vertex 154.543 5.16841 3
    endloop
  endfacet
  facet normal -0.80311 0.595831 0
    outer loop
      vertex 154.775 5.55562 0
      vertex 155.044 5.9182 3
      vertex 155.044 5.9182 0
    endloop
  endfacet
  facet normal -0.80311 0.595831 0
    outer loop
      vertex 155.044 5.9182 3
      vertex 154.775 5.55562 0
      vertex 154.775 5.55562 3
    endloop
  endfacet
  facet normal -0.741132 0.671359 0
    outer loop
      vertex 155.044 5.9182 0
      vertex 155.347 6.25269 3
      vertex 155.347 6.25269 0
    endloop
  endfacet
  facet normal -0.741132 0.671359 0
    outer loop
      vertex 155.347 6.25269 3
      vertex 155.044 5.9182 0
      vertex 155.044 5.9182 3
    endloop
  endfacet
  facet normal -0.670992 0.741464 0
    outer loop
      vertex 155.682 6.55585 0
      vertex 155.347 6.25269 3
      vertex 155.682 6.55585 3
    endloop
  endfacet
  facet normal -0.670992 0.741464 0
    outer loop
      vertex 155.347 6.25269 3
      vertex 155.682 6.55585 0
      vertex 155.347 6.25269 0
    endloop
  endfacet
  facet normal -0.596304 0.802759 0
    outer loop
      vertex 156.044 6.82475 0
      vertex 155.682 6.55585 3
      vertex 156.044 6.82475 3
    endloop
  endfacet
  facet normal -0.596304 0.802759 0
    outer loop
      vertex 155.682 6.55585 3
      vertex 156.044 6.82475 0
      vertex 155.682 6.55585 0
    endloop
  endfacet
  facet normal -0.513308 0.858204 0
    outer loop
      vertex 156.432 7.05682 0
      vertex 156.044 6.82475 3
      vertex 156.432 7.05682 3
    endloop
  endfacet
  facet normal -0.513308 0.858204 0
    outer loop
      vertex 156.044 6.82475 3
      vertex 156.432 7.05682 0
      vertex 156.044 6.82475 0
    endloop
  endfacet
  facet normal -0.427628 0.903955 0
    outer loop
      vertex 156.84 7.24983 0
      vertex 156.432 7.05682 3
      vertex 156.84 7.24983 3
    endloop
  endfacet
  facet normal -0.427628 0.903955 0
    outer loop
      vertex 156.432 7.05682 3
      vertex 156.84 7.24983 0
      vertex 156.432 7.05682 0
    endloop
  endfacet
  facet normal -0.336934 0.941528 0
    outer loop
      vertex 157.265 7.40192 0
      vertex 156.84 7.24983 3
      vertex 157.265 7.40192 3
    endloop
  endfacet
  facet normal -0.336934 0.941528 0
    outer loop
      vertex 156.84 7.24983 3
      vertex 157.265 7.40192 0
      vertex 156.84 7.24983 0
    endloop
  endfacet
  facet normal -0.242932 0.970043 0
    outer loop
      vertex 157.703 7.51161 0
      vertex 157.265 7.40192 3
      vertex 157.703 7.51161 3
    endloop
  endfacet
  facet normal -0.242932 0.970043 0
    outer loop
      vertex 157.265 7.40192 3
      vertex 157.703 7.51161 0
      vertex 157.265 7.40192 0
    endloop
  endfacet
  facet normal -0.146887 0.989153 0
    outer loop
      vertex 158.149 7.57784 0
      vertex 157.703 7.51161 3
      vertex 158.149 7.57784 3
    endloop
  endfacet
  facet normal -0.146887 0.989153 0
    outer loop
      vertex 157.703 7.51161 3
      vertex 158.149 7.57784 0
      vertex 157.703 7.51161 0
    endloop
  endfacet
  facet normal -0.049054 0.998796 0
    outer loop
      vertex 158.6 7.59999 0
      vertex 158.149 7.57784 3
      vertex 158.6 7.59999 3
    endloop
  endfacet
  facet normal -0.049054 0.998796 0
    outer loop
      vertex 158.149 7.57784 3
      vertex 158.6 7.59999 0
      vertex 158.149 7.57784 0
    endloop
  endfacet
  facet normal 0.049054 0.998796 -0
    outer loop
      vertex 159.051 7.57784 0
      vertex 158.6 7.59999 3
      vertex 159.051 7.57784 3
    endloop
  endfacet
  facet normal 0.049054 0.998796 0
    outer loop
      vertex 158.6 7.59999 3
      vertex 159.051 7.57784 0
      vertex 158.6 7.59999 0
    endloop
  endfacet
  facet normal -0.67158 -0.740932 0
    outer loop
      vertex -1.92153 4.31412 1.6
      vertex -1.79792 4.20208 3
      vertex -1.92153 4.31412 3
    endloop
  endfacet
  facet normal -0.67158 -0.740932 -0
    outer loop
      vertex -1.79792 4.20208 3
      vertex -1.92153 4.31412 1.6
      vertex -1.79792 4.20208 1.6
    endloop
  endfacet
  facet normal -0.989184 0.146681 0
    outer loop
      vertex -1.33266 2.66835 1.6
      vertex -1.30819 2.83337 3
      vertex -1.30819 2.83337 1.6
    endloop
  endfacet
  facet normal -0.989184 0.146681 0
    outer loop
      vertex -1.30819 2.83337 3
      vertex -1.33266 2.66835 1.6
      vertex -1.33266 2.66835 3
    endloop
  endfacet
  facet normal -0.998794 0.0490916 0
    outer loop
      vertex -1.30819 2.83337 1.6
      vertex -1.3 3 3
      vertex -1.3 3 1.6
    endloop
  endfacet
  facet normal -0.998794 0.0490916 0
    outer loop
      vertex -1.3 3 3
      vertex -1.30819 2.83337 1.6
      vertex -1.30819 2.83337 3
    endloop
  endfacet
  facet normal -0.970026 0.243001 0
    outer loop
      vertex -1.3732 2.50652 1.6
      vertex -1.33266 2.66835 3
      vertex -1.33266 2.66835 1.6
    endloop
  endfacet
  facet normal -0.970026 0.243001 0
    outer loop
      vertex -1.33266 2.66835 3
      vertex -1.3732 2.50652 1.6
      vertex -1.3732 2.50652 3
    endloop
  endfacet
  facet normal -0.427494 -0.904018 0
    outer loop
      vertex -2.34944 4.57059 1.6
      vertex -2.19862 4.49927 3
      vertex -2.34944 4.57059 3
    endloop
  endfacet
  facet normal -0.427494 -0.904018 -0
    outer loop
      vertex -2.19862 4.49927 3
      vertex -2.34944 4.57059 1.6
      vertex -2.19862 4.49927 1.6
    endloop
  endfacet
  facet normal 0.0490916 0.998794 -0
    outer loop
      vertex -3 1.3 1.6
      vertex -3.16663 1.30819 3
      vertex -3 1.3 3
    endloop
  endfacet
  facet normal 0.0490916 0.998794 0
    outer loop
      vertex -3.16663 1.30819 3
      vertex -3 1.3 1.6
      vertex -3.16663 1.30819 1.6
    endloop
  endfacet
  facet normal 0.427566 0.903984 -0
    outer loop
      vertex -3.65056 1.4294 1.6
      vertex -3.80137 1.50073 3
      vertex -3.65056 1.4294 3
    endloop
  endfacet
  facet normal 0.427566 0.903984 0
    outer loop
      vertex -3.80137 1.50073 3
      vertex -3.65056 1.4294 1.6
      vertex -3.80137 1.50073 1.6
    endloop
  endfacet
  facet normal -0.740932 0.67158 0
    outer loop
      vertex -1.79792 1.79792 1.6
      vertex -1.68588 1.92153 3
      vertex -1.68588 1.92153 1.6
    endloop
  endfacet
  facet normal -0.740932 0.67158 0
    outer loop
      vertex -1.68588 1.92153 3
      vertex -1.79792 1.79792 1.6
      vertex -1.79792 1.79792 3
    endloop
  endfacet
  facet normal 0.14674 -0.989175 0
    outer loop
      vertex -3.33165 4.66733 1.6
      vertex -3.16663 4.69181 3
      vertex -3.33165 4.66733 3
    endloop
  endfacet
  facet normal 0.14674 -0.989175 0
    outer loop
      vertex -3.16663 4.69181 3
      vertex -3.33165 4.66733 1.6
      vertex -3.16663 4.69181 1.6
    endloop
  endfacet
  facet normal -0.427543 0.903995 0
    outer loop
      vertex -2.19862 1.50073 1.6
      vertex -2.34944 1.4294 3
      vertex -2.19862 1.50073 3
    endloop
  endfacet
  facet normal -0.427543 0.903995 0
    outer loop
      vertex -2.34944 1.4294 3
      vertex -2.19862 1.50073 1.6
      vertex -2.34944 1.4294 1.6
    endloop
  endfacet
  facet normal 0.146681 0.989184 -0
    outer loop
      vertex -3.16663 1.30819 1.6
      vertex -3.33165 1.33266 3
      vertex -3.16663 1.30819 3
    endloop
  endfacet
  facet normal 0.146681 0.989184 0
    outer loop
      vertex -3.33165 1.33266 3
      vertex -3.16663 1.30819 1.6
      vertex -3.33165 1.33266 1.6
    endloop
  endfacet
  facet normal -0.242945 -0.97004 0
    outer loop
      vertex -2.66835 4.66733 1.6
      vertex -2.50652 4.6268 3
      vertex -2.66835 4.66733 3
    endloop
  endfacet
  facet normal -0.242945 -0.97004 -0
    outer loop
      vertex -2.50652 4.6268 3
      vertex -2.66835 4.66733 1.6
      vertex -2.50652 4.6268 1.6
    endloop
  endfacet
  facet normal 0.595695 0.803211 -0
    outer loop
      vertex -3.94447 1.5865 1.6
      vertex -4.07847 1.68588 3
      vertex -3.94447 1.5865 3
    endloop
  endfacet
  facet normal 0.595695 0.803211 0
    outer loop
      vertex -4.07847 1.68588 3
      vertex -3.94447 1.5865 1.6
      vertex -4.07847 1.68588 1.6
    endloop
  endfacet
  facet normal 0.904018 0.427494 0
    outer loop
      vertex -4.49927 2.19862 3
      vertex -4.57059 2.34944 1.6
      vertex -4.57059 2.34944 3
    endloop
  endfacet
  facet normal 0.904018 0.427494 0
    outer loop
      vertex -4.57059 2.34944 1.6
      vertex -4.49927 2.19862 3
      vertex -4.49927 2.19862 1.6
    endloop
  endfacet
  facet normal 0.427517 -0.904007 0
    outer loop
      vertex -3.80137 4.49927 1.6
      vertex -3.65056 4.57059 3
      vertex -3.80137 4.49927 3
    endloop
  endfacet
  facet normal 0.427517 -0.904007 0
    outer loop
      vertex -3.65056 4.57059 3
      vertex -3.80137 4.49927 1.6
      vertex -3.65056 4.57059 1.6
    endloop
  endfacet
  facet normal -0.336921 -0.941533 0
    outer loop
      vertex -2.50652 4.6268 1.6
      vertex -2.34944 4.57059 3
      vertex -2.50652 4.6268 3
    endloop
  endfacet
  facet normal -0.336921 -0.941533 -0
    outer loop
      vertex -2.34944 4.57059 3
      vertex -2.50652 4.6268 1.6
      vertex -2.34944 4.57059 1.6
    endloop
  endfacet
  facet normal 0.595695 -0.803211 0
    outer loop
      vertex -4.07847 4.31412 1.6
      vertex -3.94447 4.4135 3
      vertex -4.07847 4.31412 3
    endloop
  endfacet
  facet normal 0.595695 -0.803211 0
    outer loop
      vertex -3.94447 4.4135 3
      vertex -4.07847 4.31412 1.6
      vertex -3.94447 4.4135 1.6
    endloop
  endfacet
  facet normal 0.904007 -0.427517 0
    outer loop
      vertex -4.57059 3.65056 3
      vertex -4.49927 3.80137 1.6
      vertex -4.49927 3.80137 3
    endloop
  endfacet
  facet normal 0.904007 -0.427517 0
    outer loop
      vertex -4.49927 3.80137 1.6
      vertex -4.57059 3.65056 3
      vertex -4.57059 3.65056 1.6
    endloop
  endfacet
  facet normal -0.514125 0.857715 0
    outer loop
      vertex -2.05553 1.5865 1.6
      vertex -2.19862 1.50073 3
      vertex -2.05553 1.5865 3
    endloop
  endfacet
  facet normal -0.514125 0.857715 0
    outer loop
      vertex -2.19862 1.50073 3
      vertex -2.05553 1.5865 1.6
      vertex -2.19862 1.50073 1.6
    endloop
  endfacet
  facet normal 0.998794 -0.0490916 0
    outer loop
      vertex -4.7 3 3
      vertex -4.69181 3.16663 1.6
      vertex -4.69181 3.16663 3
    endloop
  endfacet
  facet normal 0.998794 -0.0490916 0
    outer loop
      vertex -4.69181 3.16663 1.6
      vertex -4.7 3 3
      vertex -4.7 3 1.6
    endloop
  endfacet
  facet normal 0.336921 -0.941533 0
    outer loop
      vertex -3.65056 4.57059 1.6
      vertex -3.49348 4.6268 3
      vertex -3.65056 4.57059 3
    endloop
  endfacet
  facet normal 0.336921 -0.941533 0
    outer loop
      vertex -3.49348 4.6268 3
      vertex -3.65056 4.57059 1.6
      vertex -3.49348 4.6268 1.6
    endloop
  endfacet
  facet normal -0.595695 0.803211 0
    outer loop
      vertex -1.92153 1.68588 1.6
      vertex -2.05553 1.5865 3
      vertex -1.92153 1.68588 3
    endloop
  endfacet
  facet normal -0.595695 0.803211 0
    outer loop
      vertex -2.05553 1.5865 3
      vertex -1.92153 1.68588 1.6
      vertex -2.05553 1.5865 1.6
    endloop
  endfacet
  facet normal -0.970026 -0.243001 0
    outer loop
      vertex -1.33266 3.33165 1.6
      vertex -1.3732 3.49348 3
      vertex -1.3732 3.49348 1.6
    endloop
  endfacet
  facet normal -0.970026 -0.243001 0
    outer loop
      vertex -1.3732 3.49348 3
      vertex -1.33266 3.33165 1.6
      vertex -1.33266 3.33165 3
    endloop
  endfacet
  facet normal 0.941533 -0.336921 0
    outer loop
      vertex -4.6268 3.49348 3
      vertex -4.57059 3.65056 1.6
      vertex -4.57059 3.65056 3
    endloop
  endfacet
  facet normal 0.941533 -0.336921 0
    outer loop
      vertex -4.57059 3.65056 1.6
      vertex -4.6268 3.49348 3
      vertex -4.6268 3.49348 1.6
    endloop
  endfacet
  facet normal -0.243001 0.970026 0
    outer loop
      vertex -2.50652 1.3732 1.6
      vertex -2.66835 1.33266 3
      vertex -2.50652 1.3732 3
    endloop
  endfacet
  facet normal -0.243001 0.970026 0
    outer loop
      vertex -2.66835 1.33266 3
      vertex -2.50652 1.3732 1.6
      vertex -2.66835 1.33266 1.6
    endloop
  endfacet
  facet normal 0.740932 0.67158 0
    outer loop
      vertex -4.20208 1.79792 3
      vertex -4.31412 1.92153 1.6
      vertex -4.31412 1.92153 3
    endloop
  endfacet
  facet normal 0.740932 0.67158 0
    outer loop
      vertex -4.31412 1.92153 1.6
      vertex -4.20208 1.79792 3
      vertex -4.20208 1.79792 1.6
    endloop
  endfacet
  facet normal -0.0490916 -0.998794 0
    outer loop
      vertex -3 4.7 1.6
      vertex -2.83337 4.69181 3
      vertex -3 4.7 3
    endloop
  endfacet
  facet normal -0.0490916 -0.998794 -0
    outer loop
      vertex -2.83337 4.69181 3
      vertex -3 4.7 1.6
      vertex -2.83337 4.69181 1.6
    endloop
  endfacet
  facet normal -0.803211 0.595695 0
    outer loop
      vertex -1.68588 1.92153 1.6
      vertex -1.5865 2.05553 3
      vertex -1.5865 2.05553 1.6
    endloop
  endfacet
  facet normal -0.803211 0.595695 0
    outer loop
      vertex -1.5865 2.05553 3
      vertex -1.68588 1.92153 1.6
      vertex -1.68588 1.92153 3
    endloop
  endfacet
  facet normal 0.97004 -0.242945 0
    outer loop
      vertex -4.66733 3.33165 3
      vertex -4.6268 3.49348 1.6
      vertex -4.6268 3.49348 3
    endloop
  endfacet
  facet normal 0.97004 -0.242945 0
    outer loop
      vertex -4.6268 3.49348 1.6
      vertex -4.66733 3.33165 3
      vertex -4.66733 3.33165 1.6
    endloop
  endfacet
  facet normal -0.989184 -0.146681 0
    outer loop
      vertex -1.30819 3.16663 1.6
      vertex -1.33266 3.33165 3
      vertex -1.33266 3.33165 1.6
    endloop
  endfacet
  facet normal -0.989184 -0.146681 0
    outer loop
      vertex -1.33266 3.33165 3
      vertex -1.30819 3.16663 1.6
      vertex -1.30819 3.16663 3
    endloop
  endfacet
  facet normal -0.514125 -0.857715 0
    outer loop
      vertex -2.19862 4.49927 1.6
      vertex -2.05553 4.4135 3
      vertex -2.19862 4.49927 3
    endloop
  endfacet
  facet normal -0.514125 -0.857715 -0
    outer loop
      vertex -2.05553 4.4135 3
      vertex -2.19862 4.49927 1.6
      vertex -2.05553 4.4135 1.6
    endloop
  endfacet
  facet normal 0.941533 0.336921 0
    outer loop
      vertex -4.57059 2.34944 3
      vertex -4.6268 2.50652 1.6
      vertex -4.6268 2.50652 3
    endloop
  endfacet
  facet normal 0.941533 0.336921 0
    outer loop
      vertex -4.6268 2.50652 1.6
      vertex -4.57059 2.34944 3
      vertex -4.57059 2.34944 1.6
    endloop
  endfacet
  facet normal -0.67158 0.740932 0
    outer loop
      vertex -1.79792 1.79792 1.6
      vertex -1.92153 1.68588 3
      vertex -1.79792 1.79792 3
    endloop
  endfacet
  facet normal -0.67158 0.740932 0
    outer loop
      vertex -1.92153 1.68588 3
      vertex -1.79792 1.79792 1.6
      vertex -1.92153 1.68588 1.6
    endloop
  endfacet
  facet normal 0.989175 0.14674 0
    outer loop
      vertex -4.66733 2.66835 3
      vertex -4.69181 2.83337 1.6
      vertex -4.69181 2.83337 3
    endloop
  endfacet
  facet normal 0.989175 0.14674 0
    outer loop
      vertex -4.69181 2.83337 1.6
      vertex -4.66733 2.66835 3
      vertex -4.66733 2.66835 1.6
    endloop
  endfacet
  facet normal -0.903984 -0.427566 0
    outer loop
      vertex -1.4294 3.65056 1.6
      vertex -1.50073 3.80137 3
      vertex -1.50073 3.80137 1.6
    endloop
  endfacet
  facet normal -0.903984 -0.427566 0
    outer loop
      vertex -1.50073 3.80137 3
      vertex -1.4294 3.65056 1.6
      vertex -1.4294 3.65056 3
    endloop
  endfacet
  facet normal -0.998794 -0.0490916 0
    outer loop
      vertex -1.3 3 1.6
      vertex -1.30819 3.16663 3
      vertex -1.30819 3.16663 1.6
    endloop
  endfacet
  facet normal -0.998794 -0.0490916 0
    outer loop
      vertex -1.30819 3.16663 3
      vertex -1.3 3 1.6
      vertex -1.3 3 3
    endloop
  endfacet
  facet normal -0.14674 -0.989175 0
    outer loop
      vertex -2.83337 4.69181 1.6
      vertex -2.66835 4.66733 3
      vertex -2.83337 4.69181 3
    endloop
  endfacet
  facet normal -0.14674 -0.989175 -0
    outer loop
      vertex -2.66835 4.66733 3
      vertex -2.83337 4.69181 1.6
      vertex -2.66835 4.66733 1.6
    endloop
  endfacet
  facet normal -0.941552 0.336868 0
    outer loop
      vertex -1.4294 2.34944 1.6
      vertex -1.3732 2.50652 3
      vertex -1.3732 2.50652 1.6
    endloop
  endfacet
  facet normal -0.941552 0.336868 0
    outer loop
      vertex -1.3732 2.50652 3
      vertex -1.4294 2.34944 1.6
      vertex -1.4294 2.34944 3
    endloop
  endfacet
  facet normal -0.803211 -0.595695 0
    outer loop
      vertex -1.5865 3.94447 1.6
      vertex -1.68588 4.07847 3
      vertex -1.68588 4.07847 1.6
    endloop
  endfacet
  facet normal -0.803211 -0.595695 0
    outer loop
      vertex -1.68588 4.07847 3
      vertex -1.5865 3.94447 1.6
      vertex -1.5865 3.94447 3
    endloop
  endfacet
  facet normal -0.857731 -0.514099 0
    outer loop
      vertex -1.50073 3.80137 1.6
      vertex -1.5865 3.94447 3
      vertex -1.5865 3.94447 1.6
    endloop
  endfacet
  facet normal -0.857731 -0.514099 0
    outer loop
      vertex -1.5865 3.94447 3
      vertex -1.50073 3.80137 1.6
      vertex -1.50073 3.80137 3
    endloop
  endfacet
  facet normal 0.243001 0.970026 -0
    outer loop
      vertex -3.33165 1.33266 1.6
      vertex -3.49348 1.3732 3
      vertex -3.33165 1.33266 3
    endloop
  endfacet
  facet normal 0.243001 0.970026 0
    outer loop
      vertex -3.49348 1.3732 3
      vertex -3.33165 1.33266 1.6
      vertex -3.49348 1.3732 1.6
    endloop
  endfacet
  facet normal -0.941552 -0.336868 0
    outer loop
      vertex -1.3732 3.49348 1.6
      vertex -1.4294 3.65056 3
      vertex -1.4294 3.65056 1.6
    endloop
  endfacet
  facet normal -0.941552 -0.336868 0
    outer loop
      vertex -1.4294 3.65056 3
      vertex -1.3732 3.49348 1.6
      vertex -1.3732 3.49348 3
    endloop
  endfacet
  facet normal -0.0490916 0.998794 0
    outer loop
      vertex -2.83337 1.30819 1.6
      vertex -3 1.3 3
      vertex -2.83337 1.30819 3
    endloop
  endfacet
  facet normal -0.0490916 0.998794 0
    outer loop
      vertex -3 1.3 3
      vertex -2.83337 1.30819 1.6
      vertex -3 1.3 1.6
    endloop
  endfacet
  facet normal 0.514099 0.857731 -0
    outer loop
      vertex -3.80137 1.50073 1.6
      vertex -3.94447 1.5865 3
      vertex -3.80137 1.50073 3
    endloop
  endfacet
  facet normal 0.514099 0.857731 0
    outer loop
      vertex -3.94447 1.5865 3
      vertex -3.80137 1.50073 1.6
      vertex -3.94447 1.5865 1.6
    endloop
  endfacet
  facet normal -0.903995 0.427543 0
    outer loop
      vertex -1.50073 2.19862 1.6
      vertex -1.4294 2.34944 3
      vertex -1.4294 2.34944 1.6
    endloop
  endfacet
  facet normal -0.903995 0.427543 0
    outer loop
      vertex -1.4294 2.34944 3
      vertex -1.50073 2.19862 1.6
      vertex -1.50073 2.19862 3
    endloop
  endfacet
  facet normal -0.146681 0.989184 0
    outer loop
      vertex -2.66835 1.33266 1.6
      vertex -2.83337 1.30819 3
      vertex -2.66835 1.33266 3
    endloop
  endfacet
  facet normal -0.146681 0.989184 0
    outer loop
      vertex -2.83337 1.30819 3
      vertex -2.66835 1.33266 1.6
      vertex -2.83337 1.30819 1.6
    endloop
  endfacet
  facet normal 0.242945 -0.97004 0
    outer loop
      vertex -3.49348 4.6268 1.6
      vertex -3.33165 4.66733 3
      vertex -3.49348 4.6268 3
    endloop
  endfacet
  facet normal 0.242945 -0.97004 0
    outer loop
      vertex -3.33165 4.66733 3
      vertex -3.49348 4.6268 1.6
      vertex -3.33165 4.66733 1.6
    endloop
  endfacet
  facet normal 0.857731 -0.514099 0
    outer loop
      vertex -4.49927 3.80137 3
      vertex -4.4135 3.94447 1.6
      vertex -4.4135 3.94447 3
    endloop
  endfacet
  facet normal 0.857731 -0.514099 0
    outer loop
      vertex -4.4135 3.94447 1.6
      vertex -4.49927 3.80137 3
      vertex -4.49927 3.80137 1.6
    endloop
  endfacet
  facet normal -0.857715 0.514125 0
    outer loop
      vertex -1.5865 2.05553 1.6
      vertex -1.50073 2.19862 3
      vertex -1.50073 2.19862 1.6
    endloop
  endfacet
  facet normal -0.857715 0.514125 0
    outer loop
      vertex -1.50073 2.19862 3
      vertex -1.5865 2.05553 1.6
      vertex -1.5865 2.05553 3
    endloop
  endfacet
  facet normal 0.336868 0.941552 -0
    outer loop
      vertex -3.49348 1.3732 1.6
      vertex -3.65056 1.4294 3
      vertex -3.49348 1.3732 3
    endloop
  endfacet
  facet normal 0.336868 0.941552 0
    outer loop
      vertex -3.65056 1.4294 3
      vertex -3.49348 1.3732 1.6
      vertex -3.65056 1.4294 1.6
    endloop
  endfacet
  facet normal 0.740932 -0.67158 0
    outer loop
      vertex -4.31412 4.07847 3
      vertex -4.20208 4.20208 1.6
      vertex -4.20208 4.20208 3
    endloop
  endfacet
  facet normal 0.740932 -0.67158 0
    outer loop
      vertex -4.20208 4.20208 1.6
      vertex -4.31412 4.07847 3
      vertex -4.31412 4.07847 1.6
    endloop
  endfacet
  facet normal 0.67158 0.740932 -0
    outer loop
      vertex -4.07847 1.68588 1.6
      vertex -4.20208 1.79792 3
      vertex -4.07847 1.68588 3
    endloop
  endfacet
  facet normal 0.67158 0.740932 0
    outer loop
      vertex -4.20208 1.79792 3
      vertex -4.07847 1.68588 1.6
      vertex -4.20208 1.79792 1.6
    endloop
  endfacet
  facet normal -0.336868 0.941552 0
    outer loop
      vertex -2.34944 1.4294 1.6
      vertex -2.50652 1.3732 3
      vertex -2.34944 1.4294 3
    endloop
  endfacet
  facet normal -0.336868 0.941552 0
    outer loop
      vertex -2.50652 1.3732 3
      vertex -2.34944 1.4294 1.6
      vertex -2.50652 1.3732 1.6
    endloop
  endfacet
  facet normal 0.514099 -0.857731 0
    outer loop
      vertex -3.94447 4.4135 1.6
      vertex -3.80137 4.49927 3
      vertex -3.94447 4.4135 3
    endloop
  endfacet
  facet normal 0.514099 -0.857731 0
    outer loop
      vertex -3.80137 4.49927 3
      vertex -3.94447 4.4135 1.6
      vertex -3.80137 4.49927 1.6
    endloop
  endfacet
  facet normal 0.97004 0.242945 0
    outer loop
      vertex -4.6268 2.50652 3
      vertex -4.66733 2.66835 1.6
      vertex -4.66733 2.66835 3
    endloop
  endfacet
  facet normal 0.97004 0.242945 0
    outer loop
      vertex -4.66733 2.66835 1.6
      vertex -4.6268 2.50652 3
      vertex -4.6268 2.50652 1.6
    endloop
  endfacet
  facet normal 0.803211 -0.595695 0
    outer loop
      vertex -4.4135 3.94447 3
      vertex -4.31412 4.07847 1.6
      vertex -4.31412 4.07847 3
    endloop
  endfacet
  facet normal 0.803211 -0.595695 0
    outer loop
      vertex -4.31412 4.07847 1.6
      vertex -4.4135 3.94447 3
      vertex -4.4135 3.94447 1.6
    endloop
  endfacet
  facet normal 0.989175 -0.14674 0
    outer loop
      vertex -4.69181 3.16663 3
      vertex -4.66733 3.33165 1.6
      vertex -4.66733 3.33165 3
    endloop
  endfacet
  facet normal 0.989175 -0.14674 0
    outer loop
      vertex -4.66733 3.33165 1.6
      vertex -4.69181 3.16663 3
      vertex -4.69181 3.16663 1.6
    endloop
  endfacet
  facet normal -0.595695 -0.803211 0
    outer loop
      vertex -2.05553 4.4135 1.6
      vertex -1.92153 4.31412 3
      vertex -2.05553 4.4135 3
    endloop
  endfacet
  facet normal -0.595695 -0.803211 -0
    outer loop
      vertex -1.92153 4.31412 3
      vertex -2.05553 4.4135 1.6
      vertex -1.92153 4.31412 1.6
    endloop
  endfacet
  facet normal 0.67158 -0.740932 0
    outer loop
      vertex -4.20208 4.20208 1.6
      vertex -4.07847 4.31412 3
      vertex -4.20208 4.20208 3
    endloop
  endfacet
  facet normal 0.67158 -0.740932 0
    outer loop
      vertex -4.07847 4.31412 3
      vertex -4.20208 4.20208 1.6
      vertex -4.07847 4.31412 1.6
    endloop
  endfacet
  facet normal 0.803211 0.595695 0
    outer loop
      vertex -4.31412 1.92153 3
      vertex -4.4135 2.05553 1.6
      vertex -4.4135 2.05553 3
    endloop
  endfacet
  facet normal 0.803211 0.595695 0
    outer loop
      vertex -4.4135 2.05553 1.6
      vertex -4.31412 1.92153 3
      vertex -4.31412 1.92153 1.6
    endloop
  endfacet
  facet normal 0.857715 0.514125 0
    outer loop
      vertex -4.4135 2.05553 3
      vertex -4.49927 2.19862 1.6
      vertex -4.49927 2.19862 3
    endloop
  endfacet
  facet normal 0.857715 0.514125 0
    outer loop
      vertex -4.49927 2.19862 1.6
      vertex -4.4135 2.05553 3
      vertex -4.4135 2.05553 1.6
    endloop
  endfacet
  facet normal 0.0490916 -0.998794 0
    outer loop
      vertex -3.16663 4.69181 1.6
      vertex -3 4.7 3
      vertex -3.16663 4.69181 3
    endloop
  endfacet
  facet normal 0.0490916 -0.998794 0
    outer loop
      vertex -3 4.7 3
      vertex -3.16663 4.69181 1.6
      vertex -3 4.7 1.6
    endloop
  endfacet
  facet normal 0.998794 0.0490916 0
    outer loop
      vertex -4.69181 2.83337 3
      vertex -4.7 3 1.6
      vertex -4.7 3 3
    endloop
  endfacet
  facet normal 0.998794 0.0490916 0
    outer loop
      vertex -4.7 3 1.6
      vertex -4.69181 2.83337 3
      vertex -4.69181 2.83337 1.6
    endloop
  endfacet
  facet normal -0.740932 -0.67158 0
    outer loop
      vertex -1.68588 4.07847 1.6
      vertex -1.79792 4.20208 3
      vertex -1.79792 4.20208 1.6
    endloop
  endfacet
  facet normal -0.740932 -0.67158 0
    outer loop
      vertex -1.79792 4.20208 3
      vertex -1.68588 4.07847 1.6
      vertex -1.68588 4.07847 3
    endloop
  endfacet
  facet normal -0.146734 -0.989176 0
    outer loop
      vertex -2.69615 6.08507 0
      vertex -2.39522 6.04043 1.6
      vertex -2.69615 6.08507 1.6
    endloop
  endfacet
  facet normal -0.146734 -0.989176 -0
    outer loop
      vertex -2.39522 6.04043 1.6
      vertex -2.69615 6.08507 0
      vertex -2.39522 6.04043 0
    endloop
  endfacet
  facet normal 0.740954 0.671556 0
    outer loop
      vertex -5.19203 0.807968 1.6
      vertex -5.39633 1.03338 0
      vertex -5.39633 1.03338 1.6
    endloop
  endfacet
  facet normal 0.740954 0.671556 0
    outer loop
      vertex -5.39633 1.03338 0
      vertex -5.19203 0.807968 1.6
      vertex -5.19203 0.807968 0
    endloop
  endfacet
  facet normal -0.941545 0.336886 0
    outer loop
      vertex -0.135973 1.81368 0
      vertex -0.0334845 2.10012 1.6
      vertex -0.0334845 2.10012 0
    endloop
  endfacet
  facet normal -0.941545 0.336886 0
    outer loop
      vertex -0.0334845 2.10012 1.6
      vertex -0.135973 1.81368 0
      vertex -0.135973 1.81368 1.6
    endloop
  endfacet
  facet normal 0.97003 -0.242984 0
    outer loop
      vertex -6.04043 3.60478 1.6
      vertex -5.96651 3.89988 0
      vertex -5.96651 3.89988 1.6
    endloop
  endfacet
  facet normal 0.97003 -0.242984 0
    outer loop
      vertex -5.96651 3.89988 0
      vertex -6.04043 3.60478 1.6
      vertex -6.04043 3.60478 0
    endloop
  endfacet
  facet normal 0.671561 0.740949 -0
    outer loop
      vertex -4.96662 0.603667 0
      vertex -5.19203 0.807968 1.6
      vertex -4.96662 0.603667 1.6
    endloop
  endfacet
  facet normal 0.671561 0.740949 0
    outer loop
      vertex -5.19203 0.807968 1.6
      vertex -4.96662 0.603667 0
      vertex -5.19203 0.807968 0
    endloop
  endfacet
  facet normal -0.514097 0.857732 0
    outer loop
      vertex -1.27773 0.422443 0
      vertex -1.53867 0.266044 1.6
      vertex -1.27773 0.422443 1.6
    endloop
  endfacet
  facet normal -0.514097 0.857732 0
    outer loop
      vertex -1.53867 0.266044 1.6
      vertex -1.27773 0.422443 0
      vertex -1.53867 0.266044 0
    endloop
  endfacet
  facet normal -0.671558 0.740952 0
    outer loop
      vertex -0.807968 0.807968 0
      vertex -1.03338 0.603667 1.6
      vertex -0.807968 0.807968 1.6
    endloop
  endfacet
  facet normal -0.671558 0.740952 0
    outer loop
      vertex -1.03338 0.603667 1.6
      vertex -0.807968 0.807968 0
      vertex -1.03338 0.603667 0
    endloop
  endfacet
  facet normal 0.427558 0.903988 -0
    outer loop
      vertex -4.18632 0.135973 0
      vertex -4.46133 0.266044 1.6
      vertex -4.18632 0.135973 1.6
    endloop
  endfacet
  facet normal 0.427558 0.903988 0
    outer loop
      vertex -4.46133 0.266044 1.6
      vertex -4.18632 0.135973 0
      vertex -4.46133 0.266044 0
    endloop
  endfacet
  facet normal 0.941554 -0.336861 0
    outer loop
      vertex -5.96651 3.89988 1.6
      vertex -5.86403 4.18632 0
      vertex -5.86403 4.18632 1.6
    endloop
  endfacet
  facet normal 0.941554 -0.336861 0
    outer loop
      vertex -5.86403 4.18632 0
      vertex -5.96651 3.89988 1.6
      vertex -5.96651 3.89988 0
    endloop
  endfacet
  facet normal 0.336861 -0.941554 0
    outer loop
      vertex -4.18632 5.86403 0
      vertex -3.89988 5.96651 1.6
      vertex -4.18632 5.86403 1.6
    endloop
  endfacet
  facet normal 0.336861 -0.941554 0
    outer loop
      vertex -3.89988 5.96651 1.6
      vertex -4.18632 5.86403 0
      vertex -3.89988 5.96651 0
    endloop
  endfacet
  facet normal 0.242984 -0.97003 0
    outer loop
      vertex -3.89988 5.96651 0
      vertex -3.60478 6.04043 1.6
      vertex -3.89988 5.96651 1.6
    endloop
  endfacet
  facet normal 0.242984 -0.97003 0
    outer loop
      vertex -3.60478 6.04043 1.6
      vertex -3.89988 5.96651 0
      vertex -3.60478 6.04043 0
    endloop
  endfacet
  facet normal -0.427555 -0.903989 0
    outer loop
      vertex -1.81368 5.86403 0
      vertex -1.53867 5.73396 1.6
      vertex -1.81368 5.86403 1.6
    endloop
  endfacet
  facet normal -0.427555 -0.903989 -0
    outer loop
      vertex -1.53867 5.73396 1.6
      vertex -1.81368 5.86403 0
      vertex -1.53867 5.73396 0
    endloop
  endfacet
  facet normal -0.595703 0.803205 0
    outer loop
      vertex -1.03338 0.603667 0
      vertex -1.27773 0.422443 1.6
      vertex -1.03338 0.603667 1.6
    endloop
  endfacet
  facet normal -0.595703 0.803205 0
    outer loop
      vertex -1.27773 0.422443 1.6
      vertex -1.03338 0.603667 0
      vertex -1.27773 0.422443 0
    endloop
  endfacet
  facet normal -0.857732 -0.514097 0
    outer loop
      vertex -0.266044 4.46133 0
      vertex -0.422443 4.72227 1.6
      vertex -0.422443 4.72227 0
    endloop
  endfacet
  facet normal -0.857732 -0.514097 0
    outer loop
      vertex -0.422443 4.72227 1.6
      vertex -0.266044 4.46133 0
      vertex -0.266044 4.46133 1.6
    endloop
  endfacet
  facet normal 0.242979 0.970031 -0
    outer loop
      vertex -3.60478 -0.0404339 0
      vertex -3.89988 0.0334845 1.6
      vertex -3.60478 -0.0404339 1.6
    endloop
  endfacet
  facet normal 0.242979 0.970031 0
    outer loop
      vertex -3.89988 0.0334845 1.6
      vertex -3.60478 -0.0404339 0
      vertex -3.89988 0.0334845 0
    endloop
  endfacet
  facet normal -0.989177 0.14673 0
    outer loop
      vertex 0.0404339 2.39522 0
      vertex 0.0850725 2.69615 1.6
      vertex 0.0850725 2.69615 0
    endloop
  endfacet
  facet normal -0.989177 0.14673 0
    outer loop
      vertex 0.0850725 2.69615 1.6
      vertex 0.0404339 2.39522 0
      vertex 0.0404339 2.39522 1.6
    endloop
  endfacet
  facet normal -0.803205 0.595703 0
    outer loop
      vertex -0.603667 1.03338 0
      vertex -0.422443 1.27773 1.6
      vertex -0.422443 1.27773 0
    endloop
  endfacet
  facet normal -0.803205 0.595703 0
    outer loop
      vertex -0.422443 1.27773 1.6
      vertex -0.603667 1.03338 0
      vertex -0.603667 1.03338 1.6
    endloop
  endfacet
  facet normal -0.970031 -0.242979 0
    outer loop
      vertex 0.0404339 3.60478 0
      vertex -0.0334845 3.89988 1.6
      vertex -0.0334845 3.89988 0
    endloop
  endfacet
  facet normal -0.970031 -0.242979 0
    outer loop
      vertex -0.0334845 3.89988 1.6
      vertex 0.0404339 3.60478 0
      vertex 0.0404339 3.60478 1.6
    endloop
  endfacet
  facet normal 0.941554 0.336861 0
    outer loop
      vertex -5.86403 1.81368 1.6
      vertex -5.96651 2.10012 0
      vertex -5.96651 2.10012 1.6
    endloop
  endfacet
  facet normal 0.941554 0.336861 0
    outer loop
      vertex -5.96651 2.10012 0
      vertex -5.86403 1.81368 1.6
      vertex -5.86403 1.81368 0
    endloop
  endfacet
  facet normal -0.998796 0.0490667 0
    outer loop
      vertex 0.0850725 2.69615 0
      vertex 0.0999994 3 1.6
      vertex 0.0999994 3 0
    endloop
  endfacet
  facet normal -0.998796 0.0490667 0
    outer loop
      vertex 0.0999994 3 1.6
      vertex 0.0850725 2.69615 0
      vertex 0.0850725 2.69615 1.6
    endloop
  endfacet
  facet normal 0.0490769 -0.998795 0
    outer loop
      vertex -3.30385 6.08507 0
      vertex -3 6.1 1.6
      vertex -3.30385 6.08507 1.6
    endloop
  endfacet
  facet normal 0.0490769 -0.998795 0
    outer loop
      vertex -3 6.1 1.6
      vertex -3.30385 6.08507 0
      vertex -3 6.1 0
    endloop
  endfacet
  facet normal -0.970031 0.242979 0
    outer loop
      vertex -0.0334845 2.10012 0
      vertex 0.0404339 2.39522 1.6
      vertex 0.0404339 2.39522 0
    endloop
  endfacet
  facet normal -0.970031 0.242979 0
    outer loop
      vertex 0.0404339 2.39522 1.6
      vertex -0.0334845 2.10012 0
      vertex -0.0334845 2.10012 1.6
    endloop
  endfacet
  facet normal -0.336861 -0.941554 0
    outer loop
      vertex -2.10012 5.96651 0
      vertex -1.81368 5.86403 1.6
      vertex -2.10012 5.96651 1.6
    endloop
  endfacet
  facet normal -0.336861 -0.941554 -0
    outer loop
      vertex -1.81368 5.86403 1.6
      vertex -2.10012 5.96651 0
      vertex -1.81368 5.86403 0
    endloop
  endfacet
  facet normal -0.998796 -0.0490667 0
    outer loop
      vertex 0.0999994 3 0
      vertex 0.0850725 3.30385 1.6
      vertex 0.0850725 3.30385 0
    endloop
  endfacet
  facet normal -0.998796 -0.0490667 0
    outer loop
      vertex 0.0850725 3.30385 1.6
      vertex 0.0999994 3 0
      vertex 0.0999994 3 1.6
    endloop
  endfacet
  facet normal -0.242979 0.970031 0
    outer loop
      vertex -2.10012 0.0334845 0
      vertex -2.39522 -0.0404339 1.6
      vertex -2.10012 0.0334845 1.6
    endloop
  endfacet
  facet normal -0.242979 0.970031 0
    outer loop
      vertex -2.39522 -0.0404339 1.6
      vertex -2.10012 0.0334845 0
      vertex -2.39522 -0.0404339 0
    endloop
  endfacet
  facet normal -0.242984 -0.97003 0
    outer loop
      vertex -2.39522 6.04043 0
      vertex -2.10012 5.96651 1.6
      vertex -2.39522 6.04043 1.6
    endloop
  endfacet
  facet normal -0.242984 -0.97003 -0
    outer loop
      vertex -2.10012 5.96651 1.6
      vertex -2.39522 6.04043 0
      vertex -2.10012 5.96651 0
    endloop
  endfacet
  facet normal 0.998795 -0.0490769 0
    outer loop
      vertex -6.1 3 1.6
      vertex -6.08507 3.30385 0
      vertex -6.08507 3.30385 1.6
    endloop
  endfacet
  facet normal 0.998795 -0.0490769 0
    outer loop
      vertex -6.08507 3.30385 0
      vertex -6.1 3 1.6
      vertex -6.1 3 0
    endloop
  endfacet
  facet normal 0.336886 0.941545 -0
    outer loop
      vertex -3.89988 0.0334845 0
      vertex -4.18632 0.135973 1.6
      vertex -3.89988 0.0334845 1.6
    endloop
  endfacet
  facet normal 0.336886 0.941545 0
    outer loop
      vertex -4.18632 0.135973 1.6
      vertex -3.89988 0.0334845 0
      vertex -4.18632 0.135973 0
    endloop
  endfacet
  facet normal -0.14673 0.989177 0
    outer loop
      vertex -2.39522 -0.0404339 0
      vertex -2.69615 -0.0850725 1.6
      vertex -2.39522 -0.0404339 1.6
    endloop
  endfacet
  facet normal -0.14673 0.989177 0
    outer loop
      vertex -2.69615 -0.0850725 1.6
      vertex -2.39522 -0.0404339 0
      vertex -2.69615 -0.0850725 0
    endloop
  endfacet
  facet normal 0.857731 0.514099 0
    outer loop
      vertex -5.57756 1.27773 1.6
      vertex -5.73396 1.53867 0
      vertex -5.73396 1.53867 1.6
    endloop
  endfacet
  facet normal 0.857731 0.514099 0
    outer loop
      vertex -5.73396 1.53867 0
      vertex -5.57756 1.27773 1.6
      vertex -5.57756 1.27773 0
    endloop
  endfacet
  facet normal -0.336886 0.941545 0
    outer loop
      vertex -1.81368 0.135973 0
      vertex -2.10012 0.0334845 1.6
      vertex -1.81368 0.135973 1.6
    endloop
  endfacet
  facet normal -0.336886 0.941545 0
    outer loop
      vertex -2.10012 0.0334845 1.6
      vertex -1.81368 0.135973 0
      vertex -2.10012 0.0334845 0
    endloop
  endfacet
  facet normal 0.146734 -0.989176 0
    outer loop
      vertex -3.60478 6.04043 0
      vertex -3.30385 6.08507 1.6
      vertex -3.60478 6.04043 1.6
    endloop
  endfacet
  facet normal 0.146734 -0.989176 0
    outer loop
      vertex -3.30385 6.08507 1.6
      vertex -3.60478 6.04043 0
      vertex -3.30385 6.08507 0
    endloop
  endfacet
  facet normal -0.740952 0.671558 0
    outer loop
      vertex -0.807968 0.807968 0
      vertex -0.603667 1.03338 1.6
      vertex -0.603667 1.03338 0
    endloop
  endfacet
  facet normal -0.740952 0.671558 0
    outer loop
      vertex -0.603667 1.03338 1.6
      vertex -0.807968 0.807968 0
      vertex -0.807968 0.807968 1.6
    endloop
  endfacet
  facet normal -0.903988 -0.427558 0
    outer loop
      vertex -0.135973 4.18632 0
      vertex -0.266044 4.46133 1.6
      vertex -0.266044 4.46133 0
    endloop
  endfacet
  facet normal -0.903988 -0.427558 0
    outer loop
      vertex -0.266044 4.46133 1.6
      vertex -0.135973 4.18632 0
      vertex -0.135973 4.18632 1.6
    endloop
  endfacet
  facet normal -0.0490769 -0.998795 0
    outer loop
      vertex -3 6.1 0
      vertex -2.69615 6.08507 1.6
      vertex -3 6.1 1.6
    endloop
  endfacet
  facet normal -0.0490769 -0.998795 -0
    outer loop
      vertex -2.69615 6.08507 1.6
      vertex -3 6.1 0
      vertex -2.69615 6.08507 0
    endloop
  endfacet
  facet normal 0.989176 -0.146734 0
    outer loop
      vertex -6.08507 3.30385 1.6
      vertex -6.04043 3.60478 0
      vertex -6.04043 3.60478 1.6
    endloop
  endfacet
  facet normal 0.989176 -0.146734 0
    outer loop
      vertex -6.04043 3.60478 0
      vertex -6.08507 3.30385 1.6
      vertex -6.08507 3.30385 0
    endloop
  endfacet
  facet normal 0.998795 0.0490769 0
    outer loop
      vertex -6.08507 2.69615 1.6
      vertex -6.1 3 0
      vertex -6.1 3 1.6
    endloop
  endfacet
  facet normal 0.998795 0.0490769 0
    outer loop
      vertex -6.1 3 0
      vertex -6.08507 2.69615 1.6
      vertex -6.08507 2.69615 0
    endloop
  endfacet
  facet normal -0.903988 0.427558 0
    outer loop
      vertex -0.266044 1.53867 0
      vertex -0.135973 1.81368 1.6
      vertex -0.135973 1.81368 0
    endloop
  endfacet
  facet normal -0.903988 0.427558 0
    outer loop
      vertex -0.135973 1.81368 1.6
      vertex -0.266044 1.53867 0
      vertex -0.266044 1.53867 1.6
    endloop
  endfacet
  facet normal 0.427555 -0.903989 0
    outer loop
      vertex -4.46133 5.73396 0
      vertex -4.18632 5.86403 1.6
      vertex -4.46133 5.73396 1.6
    endloop
  endfacet
  facet normal 0.427555 -0.903989 0
    outer loop
      vertex -4.18632 5.86403 1.6
      vertex -4.46133 5.73396 0
      vertex -4.18632 5.86403 0
    endloop
  endfacet
  facet normal -0.857732 0.514097 0
    outer loop
      vertex -0.422443 1.27773 0
      vertex -0.266044 1.53867 1.6
      vertex -0.266044 1.53867 0
    endloop
  endfacet
  facet normal -0.857732 0.514097 0
    outer loop
      vertex -0.266044 1.53867 1.6
      vertex -0.422443 1.27773 0
      vertex -0.422443 1.27773 1.6
    endloop
  endfacet
  facet normal 0.97003 0.242984 0
    outer loop
      vertex -5.96651 2.10012 1.6
      vertex -6.04043 2.39522 0
      vertex -6.04043 2.39522 1.6
    endloop
  endfacet
  facet normal 0.97003 0.242984 0
    outer loop
      vertex -6.04043 2.39522 0
      vertex -5.96651 2.10012 1.6
      vertex -5.96651 2.10012 0
    endloop
  endfacet
  facet normal 0.671559 -0.740951 0
    outer loop
      vertex -5.19203 5.19203 0
      vertex -4.96662 5.39633 1.6
      vertex -5.19203 5.19203 1.6
    endloop
  endfacet
  facet normal 0.671559 -0.740951 0
    outer loop
      vertex -4.96662 5.39633 1.6
      vertex -5.19203 5.19203 0
      vertex -4.96662 5.39633 0
    endloop
  endfacet
  facet normal -0.0490667 0.998796 0
    outer loop
      vertex -2.69615 -0.0850725 0
      vertex -3 -0.0999994 1.6
      vertex -2.69615 -0.0850725 1.6
    endloop
  endfacet
  facet normal -0.0490667 0.998796 0
    outer loop
      vertex -3 -0.0999994 1.6
      vertex -2.69615 -0.0850725 0
      vertex -3 -0.0999994 0
    endloop
  endfacet
  facet normal 0.595716 -0.803195 0
    outer loop
      vertex -4.96662 5.39633 0
      vertex -4.72227 5.57756 1.6
      vertex -4.96662 5.39633 1.6
    endloop
  endfacet
  facet normal 0.595716 -0.803195 0
    outer loop
      vertex -4.72227 5.57756 1.6
      vertex -4.96662 5.39633 0
      vertex -4.72227 5.57756 0
    endloop
  endfacet
  facet normal -0.427558 0.903988 0
    outer loop
      vertex -1.53867 0.266044 0
      vertex -1.81368 0.135973 1.6
      vertex -1.53867 0.266044 1.6
    endloop
  endfacet
  facet normal -0.427558 0.903988 0
    outer loop
      vertex -1.81368 0.135973 1.6
      vertex -1.53867 0.266044 0
      vertex -1.81368 0.135973 0
    endloop
  endfacet
  facet normal 0.0490667 0.998796 -0
    outer loop
      vertex -3 -0.0999994 0
      vertex -3.30385 -0.0850725 1.6
      vertex -3 -0.0999994 1.6
    endloop
  endfacet
  facet normal 0.0490667 0.998796 0
    outer loop
      vertex -3.30385 -0.0850725 1.6
      vertex -3 -0.0999994 0
      vertex -3.30385 -0.0850725 0
    endloop
  endfacet
  facet normal 0.595703 0.803205 -0
    outer loop
      vertex -4.72227 0.422443 0
      vertex -4.96662 0.603667 1.6
      vertex -4.72227 0.422443 1.6
    endloop
  endfacet
  facet normal 0.595703 0.803205 0
    outer loop
      vertex -4.96662 0.603667 1.6
      vertex -4.72227 0.422443 0
      vertex -4.96662 0.603667 0
    endloop
  endfacet
  facet normal -0.803205 -0.595703 0
    outer loop
      vertex -0.422443 4.72227 0
      vertex -0.603667 4.96662 1.6
      vertex -0.603667 4.96662 0
    endloop
  endfacet
  facet normal -0.803205 -0.595703 0
    outer loop
      vertex -0.603667 4.96662 1.6
      vertex -0.422443 4.72227 0
      vertex -0.422443 4.72227 1.6
    endloop
  endfacet
  facet normal 0.14673 0.989177 -0
    outer loop
      vertex -3.30385 -0.0850725 0
      vertex -3.60478 -0.0404339 1.6
      vertex -3.30385 -0.0850725 1.6
    endloop
  endfacet
  facet normal 0.14673 0.989177 0
    outer loop
      vertex -3.60478 -0.0404339 1.6
      vertex -3.30385 -0.0850725 0
      vertex -3.60478 -0.0404339 0
    endloop
  endfacet
  facet normal -0.595716 -0.803195 0
    outer loop
      vertex -1.27773 5.57756 0
      vertex -1.03338 5.39633 1.6
      vertex -1.27773 5.57756 1.6
    endloop
  endfacet
  facet normal -0.595716 -0.803195 -0
    outer loop
      vertex -1.03338 5.39633 1.6
      vertex -1.27773 5.57756 0
      vertex -1.03338 5.39633 0
    endloop
  endfacet
  facet normal -0.514099 -0.857731 0
    outer loop
      vertex -1.53867 5.73396 0
      vertex -1.27773 5.57756 1.6
      vertex -1.53867 5.73396 1.6
    endloop
  endfacet
  facet normal -0.514099 -0.857731 -0
    outer loop
      vertex -1.27773 5.57756 1.6
      vertex -1.53867 5.73396 0
      vertex -1.27773 5.57756 0
    endloop
  endfacet
  facet normal 0.514097 0.857732 -0
    outer loop
      vertex -4.46133 0.266044 0
      vertex -4.72227 0.422443 1.6
      vertex -4.46133 0.266044 1.6
    endloop
  endfacet
  facet normal 0.514097 0.857732 0
    outer loop
      vertex -4.72227 0.422443 1.6
      vertex -4.46133 0.266044 0
      vertex -4.72227 0.422443 0
    endloop
  endfacet
  facet normal -0.989177 -0.14673 0
    outer loop
      vertex 0.0850725 3.30385 0
      vertex 0.0404339 3.60478 1.6
      vertex 0.0404339 3.60478 0
    endloop
  endfacet
  facet normal -0.989177 -0.14673 0
    outer loop
      vertex 0.0404339 3.60478 1.6
      vertex 0.0850725 3.30385 0
      vertex 0.0850725 3.30385 1.6
    endloop
  endfacet
  facet normal 0.740951 -0.671559 0
    outer loop
      vertex -5.39633 4.96662 1.6
      vertex -5.19203 5.19203 0
      vertex -5.19203 5.19203 1.6
    endloop
  endfacet
  facet normal 0.740951 -0.671559 0
    outer loop
      vertex -5.19203 5.19203 0
      vertex -5.39633 4.96662 1.6
      vertex -5.39633 4.96662 0
    endloop
  endfacet
  facet normal -0.740949 -0.671561 0
    outer loop
      vertex -0.603667 4.96662 0
      vertex -0.807968 5.19203 1.6
      vertex -0.807968 5.19203 0
    endloop
  endfacet
  facet normal -0.740949 -0.671561 0
    outer loop
      vertex -0.807968 5.19203 1.6
      vertex -0.603667 4.96662 0
      vertex -0.603667 4.96662 1.6
    endloop
  endfacet
  facet normal -0.671556 -0.740954 0
    outer loop
      vertex -1.03338 5.39633 0
      vertex -0.807968 5.19203 1.6
      vertex -1.03338 5.39633 1.6
    endloop
  endfacet
  facet normal -0.671556 -0.740954 -0
    outer loop
      vertex -0.807968 5.19203 1.6
      vertex -1.03338 5.39633 0
      vertex -0.807968 5.19203 0
    endloop
  endfacet
  facet normal 0.989176 0.146734 0
    outer loop
      vertex -6.04043 2.39522 1.6
      vertex -6.08507 2.69615 0
      vertex -6.08507 2.69615 1.6
    endloop
  endfacet
  facet normal 0.989176 0.146734 0
    outer loop
      vertex -6.08507 2.69615 0
      vertex -6.04043 2.39522 1.6
      vertex -6.04043 2.39522 0
    endloop
  endfacet
  facet normal 0.803195 -0.595716 0
    outer loop
      vertex -5.57756 4.72227 1.6
      vertex -5.39633 4.96662 0
      vertex -5.39633 4.96662 1.6
    endloop
  endfacet
  facet normal 0.803195 -0.595716 0
    outer loop
      vertex -5.39633 4.96662 0
      vertex -5.57756 4.72227 1.6
      vertex -5.57756 4.72227 0
    endloop
  endfacet
  facet normal 0.903989 -0.427555 0
    outer loop
      vertex -5.86403 4.18632 1.6
      vertex -5.73396 4.46133 0
      vertex -5.73396 4.46133 1.6
    endloop
  endfacet
  facet normal 0.903989 -0.427555 0
    outer loop
      vertex -5.73396 4.46133 0
      vertex -5.86403 4.18632 1.6
      vertex -5.86403 4.18632 0
    endloop
  endfacet
  facet normal 0.857731 -0.514099 0
    outer loop
      vertex -5.73396 4.46133 1.6
      vertex -5.57756 4.72227 0
      vertex -5.57756 4.72227 1.6
    endloop
  endfacet
  facet normal 0.857731 -0.514099 0
    outer loop
      vertex -5.57756 4.72227 0
      vertex -5.73396 4.46133 1.6
      vertex -5.73396 4.46133 0
    endloop
  endfacet
  facet normal -0.941545 -0.336886 0
    outer loop
      vertex -0.0334845 3.89988 0
      vertex -0.135973 4.18632 1.6
      vertex -0.135973 4.18632 0
    endloop
  endfacet
  facet normal -0.941545 -0.336886 0
    outer loop
      vertex -0.135973 4.18632 1.6
      vertex -0.0334845 3.89988 0
      vertex -0.0334845 3.89988 1.6
    endloop
  endfacet
  facet normal 0.803195 0.595716 0
    outer loop
      vertex -5.39633 1.03338 1.6
      vertex -5.57756 1.27773 0
      vertex -5.57756 1.27773 1.6
    endloop
  endfacet
  facet normal 0.803195 0.595716 0
    outer loop
      vertex -5.57756 1.27773 0
      vertex -5.39633 1.03338 1.6
      vertex -5.39633 1.03338 0
    endloop
  endfacet
  facet normal 0.903989 0.427555 0
    outer loop
      vertex -5.73396 1.53867 1.6
      vertex -5.86403 1.81368 0
      vertex -5.86403 1.81368 1.6
    endloop
  endfacet
  facet normal 0.903989 0.427555 0
    outer loop
      vertex -5.86403 1.81368 0
      vertex -5.73396 1.53867 1.6
      vertex -5.73396 1.53867 0
    endloop
  endfacet
  facet normal 0.514099 -0.857731 0
    outer loop
      vertex -4.72227 5.57756 0
      vertex -4.46133 5.73396 1.6
      vertex -4.72227 5.57756 1.6
    endloop
  endfacet
  facet normal 0.514099 -0.857731 0
    outer loop
      vertex -4.46133 5.73396 1.6
      vertex -4.72227 5.57756 0
      vertex -4.46133 5.73396 0
    endloop
  endfacet
  facet normal 0 0 -1
    outer loop
      vertex -1.3 3 1.6
      vertex 0.0999994 3 1.6
      vertex 0.0850725 2.69615 1.6
    endloop
  endfacet
  facet normal 0 0 -1
    outer loop
      vertex -1.30819 2.83337 1.6
      vertex 0.0850725 2.69615 1.6
      vertex 0.0404339 2.39522 1.6
    endloop
  endfacet
  facet normal 0 0 -1
    outer loop
      vertex 0.0999994 3 1.6
      vertex -1.3 3 1.6
      vertex 0.0850725 3.30385 1.6
    endloop
  endfacet
  facet normal 0 0 -1
    outer loop
      vertex -1.33266 2.66835 1.6
      vertex 0.0404339 2.39522 1.6
      vertex -0.0334845 2.10012 1.6
    endloop
  endfacet
  facet normal 0 0 -1
    outer loop
      vertex -1.30819 3.16663 1.6
      vertex 0.0850725 3.30385 1.6
      vertex -1.3 3 1.6
    endloop
  endfacet
  facet normal 0 0 -1
    outer loop
      vertex -1.3732 2.50652 1.6
      vertex -0.0334845 2.10012 1.6
      vertex -0.135973 1.81368 1.6
    endloop
  endfacet
  facet normal -0 0 -1
    outer loop
      vertex 0.0850725 3.30385 1.6
      vertex -1.30819 3.16663 1.6
      vertex 0.0404339 3.60478 1.6
    endloop
  endfacet
  facet normal 0 0 -1
    outer loop
      vertex -1.4294 2.34944 1.6
      vertex -0.135973 1.81368 1.6
      vertex -0.266044 1.53867 1.6
    endloop
  endfacet
  facet normal 0 0 -1
    outer loop
      vertex -1.33266 3.33165 1.6
      vertex 0.0404339 3.60478 1.6
      vertex -1.30819 3.16663 1.6
    endloop
  endfacet
  facet normal 0 0 -1
    outer loop
      vertex -1.50073 2.19862 1.6
      vertex -0.266044 1.53867 1.6
      vertex -0.422443 1.27773 1.6
    endloop
  endfacet
  facet normal -0 0 -1
    outer loop
      vertex 0.0404339 3.60478 1.6
      vertex -1.33266 3.33165 1.6
      vertex -0.0334845 3.89988 1.6
    endloop
  endfacet
  facet normal 0 0 -1
    outer loop
      vertex -1.5865 2.05553 1.6
      vertex -0.422443 1.27773 1.6
      vertex -0.603667 1.03338 1.6
    endloop
  endfacet
  facet normal 0 0 -1
    outer loop
      vertex -1.3732 3.49348 1.6
      vertex -0.0334845 3.89988 1.6
      vertex -1.33266 3.33165 1.6
    endloop
  endfacet
  facet normal 0 0 -1
    outer loop
      vertex -1.68588 1.92153 1.6
      vertex -0.603667 1.03338 1.6
      vertex -0.807968 0.807968 1.6
    endloop
  endfacet
  facet normal -0 0 -1
    outer loop
      vertex -0.0334845 3.89988 1.6
      vertex -1.3732 3.49348 1.6
      vertex -0.135973 4.18632 1.6
    endloop
  endfacet
  facet normal 0 0 -1
    outer loop
      vertex -1.79792 1.79792 1.6
      vertex -0.807968 0.807968 1.6
      vertex -1.03338 0.603667 1.6
    endloop
  endfacet
  facet normal 0 0 -1
    outer loop
      vertex -1.4294 3.65056 1.6
      vertex -0.135973 4.18632 1.6
      vertex -1.3732 3.49348 1.6
    endloop
  endfacet
  facet normal 0 0 -1
    outer loop
      vertex -1.92153 1.68588 1.6
      vertex -1.03338 0.603667 1.6
      vertex -1.27773 0.422443 1.6
    endloop
  endfacet
  facet normal -0 0 -1
    outer loop
      vertex -0.135973 4.18632 1.6
      vertex -1.4294 3.65056 1.6
      vertex -0.266044 4.46133 1.6
    endloop
  endfacet
  facet normal 0 0 -1
    outer loop
      vertex -1.50073 3.80137 1.6
      vertex -0.266044 4.46133 1.6
      vertex -1.4294 3.65056 1.6
    endloop
  endfacet
  facet normal 0 0 -1
    outer loop
      vertex 0.0850725 2.69615 1.6
      vertex -1.30819 2.83337 1.6
      vertex -1.3 3 1.6
    endloop
  endfacet
  facet normal 0 0 -1
    outer loop
      vertex 0.0404339 2.39522 1.6
      vertex -1.33266 2.66835 1.6
      vertex -1.30819 2.83337 1.6
    endloop
  endfacet
  facet normal 0 0 -1
    outer loop
      vertex -0.0334845 2.10012 1.6
      vertex -1.3732 2.50652 1.6
      vertex -1.33266 2.66835 1.6
    endloop
  endfacet
  facet normal 0 0 -1
    outer loop
      vertex -0.135973 1.81368 1.6
      vertex -1.4294 2.34944 1.6
      vertex -1.3732 2.50652 1.6
    endloop
  endfacet
  facet normal 0 0 -1
    outer loop
      vertex -0.266044 1.53867 1.6
      vertex -1.50073 2.19862 1.6
      vertex -1.4294 2.34944 1.6
    endloop
  endfacet
  facet normal 0 0 -1
    outer loop
      vertex -2.05553 1.5865 1.6
      vertex -1.27773 0.422443 1.6
      vertex -1.53867 0.266044 1.6
    endloop
  endfacet
  facet normal 0 0 -1
    outer loop
      vertex -0.422443 1.27773 1.6
      vertex -1.5865 2.05553 1.6
      vertex -1.50073 2.19862 1.6
    endloop
  endfacet
  facet normal 0 0 -1
    outer loop
      vertex -0.603667 1.03338 1.6
      vertex -1.68588 1.92153 1.6
      vertex -1.5865 2.05553 1.6
    endloop
  endfacet
  facet normal 0 0 -1
    outer loop
      vertex -0.807968 0.807968 1.6
      vertex -1.79792 1.79792 1.6
      vertex -1.68588 1.92153 1.6
    endloop
  endfacet
  facet normal 0 0 -1
    outer loop
      vertex -2.19862 1.50073 1.6
      vertex -1.53867 0.266044 1.6
      vertex -1.81368 0.135973 1.6
    endloop
  endfacet
  facet normal 0 0 -1
    outer loop
      vertex -1.03338 0.603667 1.6
      vertex -1.92153 1.68588 1.6
      vertex -1.79792 1.79792 1.6
    endloop
  endfacet
  facet normal 0 0 -1
    outer loop
      vertex -1.27773 0.422443 1.6
      vertex -2.05553 1.5865 1.6
      vertex -1.92153 1.68588 1.6
    endloop
  endfacet
  facet normal 0 0 -1
    outer loop
      vertex -2.34944 1.4294 1.6
      vertex -1.81368 0.135973 1.6
      vertex -2.10012 0.0334845 1.6
    endloop
  endfacet
  facet normal 0 0 -1
    outer loop
      vertex -1.53867 0.266044 1.6
      vertex -2.19862 1.50073 1.6
      vertex -2.05553 1.5865 1.6
    endloop
  endfacet
  facet normal 0 0 -1
    outer loop
      vertex -1.81368 0.135973 1.6
      vertex -2.34944 1.4294 1.6
      vertex -2.19862 1.50073 1.6
    endloop
  endfacet
  facet normal 0 0 -1
    outer loop
      vertex -2.50652 1.3732 1.6
      vertex -2.10012 0.0334845 1.6
      vertex -2.39522 -0.0404339 1.6
    endloop
  endfacet
  facet normal 0 0 -1
    outer loop
      vertex -2.10012 0.0334845 1.6
      vertex -2.50652 1.3732 1.6
      vertex -2.34944 1.4294 1.6
    endloop
  endfacet
  facet normal 0 0 -1
    outer loop
      vertex -2.39522 -0.0404339 1.6
      vertex -2.66835 1.33266 1.6
      vertex -2.50652 1.3732 1.6
    endloop
  endfacet
  facet normal 0 0 -1
    outer loop
      vertex -2.69615 -0.0850725 1.6
      vertex -2.66835 1.33266 1.6
      vertex -2.39522 -0.0404339 1.6
    endloop
  endfacet
  facet normal 0 0 -1
    outer loop
      vertex -2.69615 -0.0850725 1.6
      vertex -2.83337 1.30819 1.6
      vertex -2.66835 1.33266 1.6
    endloop
  endfacet
  facet normal 0 0 -1
    outer loop
      vertex -3 -0.0999994 1.6
      vertex -2.83337 1.30819 1.6
      vertex -2.69615 -0.0850725 1.6
    endloop
  endfacet
  facet normal 0 0 -1
    outer loop
      vertex -3 -0.0999994 1.6
      vertex -3 1.3 1.6
      vertex -2.83337 1.30819 1.6
    endloop
  endfacet
  facet normal 0 0 -1
    outer loop
      vertex -3 -0.0999994 1.6
      vertex -3.16663 1.30819 1.6
      vertex -3 1.3 1.6
    endloop
  endfacet
  facet normal 0 0 -1
    outer loop
      vertex -3.30385 -0.0850725 1.6
      vertex -3.16663 1.30819 1.6
      vertex -3 -0.0999994 1.6
    endloop
  endfacet
  facet normal 0 0 -1
    outer loop
      vertex -3.30385 -0.0850725 1.6
      vertex -3.33165 1.33266 1.6
      vertex -3.16663 1.30819 1.6
    endloop
  endfacet
  facet normal 0 0 -1
    outer loop
      vertex -3.60478 -0.0404339 1.6
      vertex -3.33165 1.33266 1.6
      vertex -3.30385 -0.0850725 1.6
    endloop
  endfacet
  facet normal -0 0 -1
    outer loop
      vertex -3.33165 1.33266 1.6
      vertex -3.60478 -0.0404339 1.6
      vertex -3.49348 1.3732 1.6
    endloop
  endfacet
  facet normal 0 0 -1
    outer loop
      vertex -3.89988 0.0334845 1.6
      vertex -3.49348 1.3732 1.6
      vertex -3.60478 -0.0404339 1.6
    endloop
  endfacet
  facet normal -0 0 -1
    outer loop
      vertex -3.49348 1.3732 1.6
      vertex -3.89988 0.0334845 1.6
      vertex -3.65056 1.4294 1.6
    endloop
  endfacet
  facet normal 0 0 -1
    outer loop
      vertex -4.18632 0.135973 1.6
      vertex -3.65056 1.4294 1.6
      vertex -3.89988 0.0334845 1.6
    endloop
  endfacet
  facet normal -0 0 -1
    outer loop
      vertex -3.65056 1.4294 1.6
      vertex -4.18632 0.135973 1.6
      vertex -3.80137 1.50073 1.6
    endloop
  endfacet
  facet normal 0 0 -1
    outer loop
      vertex -4.46133 0.266044 1.6
      vertex -3.80137 1.50073 1.6
      vertex -4.18632 0.135973 1.6
    endloop
  endfacet
  facet normal -0 0 -1
    outer loop
      vertex -3.80137 1.50073 1.6
      vertex -4.46133 0.266044 1.6
      vertex -3.94447 1.5865 1.6
    endloop
  endfacet
  facet normal 0 0 -1
    outer loop
      vertex -4.72227 0.422443 1.6
      vertex -3.94447 1.5865 1.6
      vertex -4.46133 0.266044 1.6
    endloop
  endfacet
  facet normal -0 0 -1
    outer loop
      vertex -3.94447 1.5865 1.6
      vertex -4.72227 0.422443 1.6
      vertex -4.07847 1.68588 1.6
    endloop
  endfacet
  facet normal 0 0 -1
    outer loop
      vertex -4.96662 0.603667 1.6
      vertex -4.07847 1.68588 1.6
      vertex -4.72227 0.422443 1.6
    endloop
  endfacet
  facet normal -0 0 -1
    outer loop
      vertex -4.07847 1.68588 1.6
      vertex -4.96662 0.603667 1.6
      vertex -4.20208 1.79792 1.6
    endloop
  endfacet
  facet normal 0 0 -1
    outer loop
      vertex -5.19203 0.807968 1.6
      vertex -4.20208 1.79792 1.6
      vertex -4.96662 0.603667 1.6
    endloop
  endfacet
  facet normal -0 0 -1
    outer loop
      vertex -4.20208 1.79792 1.6
      vertex -5.19203 0.807968 1.6
      vertex -4.31412 1.92153 1.6
    endloop
  endfacet
  facet normal 0 0 -1
    outer loop
      vertex -5.39633 1.03338 1.6
      vertex -4.31412 1.92153 1.6
      vertex -5.19203 0.807968 1.6
    endloop
  endfacet
  facet normal -0 0 -1
    outer loop
      vertex -4.31412 1.92153 1.6
      vertex -5.39633 1.03338 1.6
      vertex -4.4135 2.05553 1.6
    endloop
  endfacet
  facet normal 0 0 -1
    outer loop
      vertex -5.57756 1.27773 1.6
      vertex -4.4135 2.05553 1.6
      vertex -5.39633 1.03338 1.6
    endloop
  endfacet
  facet normal 0 0 -1
    outer loop
      vertex -5.73396 1.53867 1.6
      vertex -4.49927 2.19862 1.6
      vertex -5.57756 1.27773 1.6
    endloop
  endfacet
  facet normal -0 0 -1
    outer loop
      vertex -4.4135 2.05553 1.6
      vertex -5.57756 1.27773 1.6
      vertex -4.49927 2.19862 1.6
    endloop
  endfacet
  facet normal -0 0 -1
    outer loop
      vertex -0.266044 4.46133 1.6
      vertex -1.50073 3.80137 1.6
      vertex -0.422443 4.72227 1.6
    endloop
  endfacet
  facet normal 0 0 -1
    outer loop
      vertex -1.5865 3.94447 1.6
      vertex -0.422443 4.72227 1.6
      vertex -1.50073 3.80137 1.6
    endloop
  endfacet
  facet normal -0 0 -1
    outer loop
      vertex -0.422443 4.72227 1.6
      vertex -1.5865 3.94447 1.6
      vertex -0.603667 4.96662 1.6
    endloop
  endfacet
  facet normal 0 0 -1
    outer loop
      vertex -1.68588 4.07847 1.6
      vertex -0.603667 4.96662 1.6
      vertex -1.5865 3.94447 1.6
    endloop
  endfacet
  facet normal -0 0 -1
    outer loop
      vertex -0.603667 4.96662 1.6
      vertex -1.68588 4.07847 1.6
      vertex -0.807968 5.19203 1.6
    endloop
  endfacet
  facet normal 0 0 -1
    outer loop
      vertex -1.79792 4.20208 1.6
      vertex -0.807968 5.19203 1.6
      vertex -1.68588 4.07847 1.6
    endloop
  endfacet
  facet normal -0 0 -1
    outer loop
      vertex -0.807968 5.19203 1.6
      vertex -1.79792 4.20208 1.6
      vertex -1.03338 5.39633 1.6
    endloop
  endfacet
  facet normal 0 0 -1
    outer loop
      vertex -1.92153 4.31412 1.6
      vertex -1.03338 5.39633 1.6
      vertex -1.79792 4.20208 1.6
    endloop
  endfacet
  facet normal -0 0 -1
    outer loop
      vertex -1.03338 5.39633 1.6
      vertex -1.92153 4.31412 1.6
      vertex -1.27773 5.57756 1.6
    endloop
  endfacet
  facet normal 0 0 -1
    outer loop
      vertex -2.05553 4.4135 1.6
      vertex -1.27773 5.57756 1.6
      vertex -1.92153 4.31412 1.6
    endloop
  endfacet
  facet normal -0 0 -1
    outer loop
      vertex -1.27773 5.57756 1.6
      vertex -2.05553 4.4135 1.6
      vertex -1.53867 5.73396 1.6
    endloop
  endfacet
  facet normal 0 0 -1
    outer loop
      vertex -2.19862 4.49927 1.6
      vertex -1.53867 5.73396 1.6
      vertex -2.05553 4.4135 1.6
    endloop
  endfacet
  facet normal -0 0 -1
    outer loop
      vertex -1.53867 5.73396 1.6
      vertex -2.19862 4.49927 1.6
      vertex -1.81368 5.86403 1.6
    endloop
  endfacet
  facet normal 0 0 -1
    outer loop
      vertex -2.34944 4.57059 1.6
      vertex -1.81368 5.86403 1.6
      vertex -2.19862 4.49927 1.6
    endloop
  endfacet
  facet normal -0 0 -1
    outer loop
      vertex -1.81368 5.86403 1.6
      vertex -2.34944 4.57059 1.6
      vertex -2.10012 5.96651 1.6
    endloop
  endfacet
  facet normal 0 0 -1
    outer loop
      vertex -2.50652 4.6268 1.6
      vertex -2.10012 5.96651 1.6
      vertex -2.34944 4.57059 1.6
    endloop
  endfacet
  facet normal -0 0 -1
    outer loop
      vertex -2.10012 5.96651 1.6
      vertex -2.50652 4.6268 1.6
      vertex -2.39522 6.04043 1.6
    endloop
  endfacet
  facet normal 0 0 -1
    outer loop
      vertex -2.66835 4.66733 1.6
      vertex -2.39522 6.04043 1.6
      vertex -2.50652 4.6268 1.6
    endloop
  endfacet
  facet normal 0 0 -1
    outer loop
      vertex -2.66835 4.66733 1.6
      vertex -2.69615 6.08507 1.6
      vertex -2.39522 6.04043 1.6
    endloop
  endfacet
  facet normal 0 0 -1
    outer loop
      vertex -2.83337 4.69181 1.6
      vertex -2.69615 6.08507 1.6
      vertex -2.66835 4.66733 1.6
    endloop
  endfacet
  facet normal 0 0 -1
    outer loop
      vertex -3 4.7 1.6
      vertex -2.69615 6.08507 1.6
      vertex -2.83337 4.69181 1.6
    endloop
  endfacet
  facet normal 0 0 -1
    outer loop
      vertex -3 4.7 1.6
      vertex -3 6.1 1.6
      vertex -2.69615 6.08507 1.6
    endloop
  endfacet
  facet normal 0 0 -1
    outer loop
      vertex -3.16663 4.69181 1.6
      vertex -3 6.1 1.6
      vertex -3 4.7 1.6
    endloop
  endfacet
  facet normal 0 0 -1
    outer loop
      vertex -3.16663 4.69181 1.6
      vertex -3.30385 6.08507 1.6
      vertex -3 6.1 1.6
    endloop
  endfacet
  facet normal 0 0 -1
    outer loop
      vertex -3.33165 4.66733 1.6
      vertex -3.30385 6.08507 1.6
      vertex -3.16663 4.69181 1.6
    endloop
  endfacet
  facet normal 0 0 -1
    outer loop
      vertex -3.60478 6.04043 1.6
      vertex -3.33165 4.66733 1.6
      vertex -3.49348 4.6268 1.6
    endloop
  endfacet
  facet normal 0 0 -1
    outer loop
      vertex -3.33165 4.66733 1.6
      vertex -3.60478 6.04043 1.6
      vertex -3.30385 6.08507 1.6
    endloop
  endfacet
  facet normal 0 0 -1
    outer loop
      vertex -3.89988 5.96651 1.6
      vertex -3.49348 4.6268 1.6
      vertex -3.65056 4.57059 1.6
    endloop
  endfacet
  facet normal 0 0 -1
    outer loop
      vertex -4.18632 5.86403 1.6
      vertex -3.65056 4.57059 1.6
      vertex -3.80137 4.49927 1.6
    endloop
  endfacet
  facet normal 0 0 -1
    outer loop
      vertex -3.49348 4.6268 1.6
      vertex -3.89988 5.96651 1.6
      vertex -3.60478 6.04043 1.6
    endloop
  endfacet
  facet normal 0 0 -1
    outer loop
      vertex -4.46133 5.73396 1.6
      vertex -3.80137 4.49927 1.6
      vertex -3.94447 4.4135 1.6
    endloop
  endfacet
  facet normal 0 0 -1
    outer loop
      vertex -4.72227 5.57756 1.6
      vertex -3.94447 4.4135 1.6
      vertex -4.07847 4.31412 1.6
    endloop
  endfacet
  facet normal 0 0 -1
    outer loop
      vertex -3.65056 4.57059 1.6
      vertex -4.18632 5.86403 1.6
      vertex -3.89988 5.96651 1.6
    endloop
  endfacet
  facet normal 0 0 -1
    outer loop
      vertex -4.96662 5.39633 1.6
      vertex -4.07847 4.31412 1.6
      vertex -4.20208 4.20208 1.6
    endloop
  endfacet
  facet normal 0 0 -1
    outer loop
      vertex -5.19203 5.19203 1.6
      vertex -4.20208 4.20208 1.6
      vertex -4.31412 4.07847 1.6
    endloop
  endfacet
  facet normal 0 0 -1
    outer loop
      vertex -5.39633 4.96662 1.6
      vertex -4.31412 4.07847 1.6
      vertex -4.4135 3.94447 1.6
    endloop
  endfacet
  facet normal 0 0 -1
    outer loop
      vertex -3.80137 4.49927 1.6
      vertex -4.46133 5.73396 1.6
      vertex -4.18632 5.86403 1.6
    endloop
  endfacet
  facet normal 0 0 -1
    outer loop
      vertex -5.57756 4.72227 1.6
      vertex -4.4135 3.94447 1.6
      vertex -4.49927 3.80137 1.6
    endloop
  endfacet
  facet normal 0 0 -1
    outer loop
      vertex -5.73396 4.46133 1.6
      vertex -4.49927 3.80137 1.6
      vertex -4.57059 3.65056 1.6
    endloop
  endfacet
  facet normal 0 0 -1
    outer loop
      vertex -5.86403 4.18632 1.6
      vertex -4.57059 3.65056 1.6
      vertex -4.6268 3.49348 1.6
    endloop
  endfacet
  facet normal 0 0 -1
    outer loop
      vertex -5.96651 3.89988 1.6
      vertex -4.6268 3.49348 1.6
      vertex -4.66733 3.33165 1.6
    endloop
  endfacet
  facet normal 0 0 -1
    outer loop
      vertex -6.04043 3.60478 1.6
      vertex -4.66733 3.33165 1.6
      vertex -4.69181 3.16663 1.6
    endloop
  endfacet
  facet normal 0 0 -1
    outer loop
      vertex -3.94447 4.4135 1.6
      vertex -4.72227 5.57756 1.6
      vertex -4.46133 5.73396 1.6
    endloop
  endfacet
  facet normal 0 0 -1
    outer loop
      vertex -6.08507 3.30385 1.6
      vertex -4.69181 3.16663 1.6
      vertex -4.7 3 1.6
    endloop
  endfacet
  facet normal -0 0 -1
    outer loop
      vertex -4.49927 2.19862 1.6
      vertex -5.73396 1.53867 1.6
      vertex -4.57059 2.34944 1.6
    endloop
  endfacet
  facet normal 0 0 -1
    outer loop
      vertex -5.86403 1.81368 1.6
      vertex -4.57059 2.34944 1.6
      vertex -5.73396 1.53867 1.6
    endloop
  endfacet
  facet normal 0 0 -1
    outer loop
      vertex -4.07847 4.31412 1.6
      vertex -4.96662 5.39633 1.6
      vertex -4.72227 5.57756 1.6
    endloop
  endfacet
  facet normal -0 0 -1
    outer loop
      vertex -4.57059 2.34944 1.6
      vertex -5.86403 1.81368 1.6
      vertex -4.6268 2.50652 1.6
    endloop
  endfacet
  facet normal 0 0 -1
    outer loop
      vertex -4.20208 4.20208 1.6
      vertex -5.19203 5.19203 1.6
      vertex -4.96662 5.39633 1.6
    endloop
  endfacet
  facet normal 0 0 -1
    outer loop
      vertex -5.96651 2.10012 1.6
      vertex -4.6268 2.50652 1.6
      vertex -5.86403 1.81368 1.6
    endloop
  endfacet
  facet normal 0 0 -1
    outer loop
      vertex -4.31412 4.07847 1.6
      vertex -5.39633 4.96662 1.6
      vertex -5.19203 5.19203 1.6
    endloop
  endfacet
  facet normal -0 0 -1
    outer loop
      vertex -4.6268 2.50652 1.6
      vertex -5.96651 2.10012 1.6
      vertex -4.66733 2.66835 1.6
    endloop
  endfacet
  facet normal 0 0 -1
    outer loop
      vertex -4.4135 3.94447 1.6
      vertex -5.57756 4.72227 1.6
      vertex -5.39633 4.96662 1.6
    endloop
  endfacet
  facet normal 0 0 -1
    outer loop
      vertex -6.04043 2.39522 1.6
      vertex -4.66733 2.66835 1.6
      vertex -5.96651 2.10012 1.6
    endloop
  endfacet
  facet normal 0 0 -1
    outer loop
      vertex -4.49927 3.80137 1.6
      vertex -5.73396 4.46133 1.6
      vertex -5.57756 4.72227 1.6
    endloop
  endfacet
  facet normal -0 0 -1
    outer loop
      vertex -4.66733 2.66835 1.6
      vertex -6.04043 2.39522 1.6
      vertex -4.69181 2.83337 1.6
    endloop
  endfacet
  facet normal 0 0 -1
    outer loop
      vertex -4.57059 3.65056 1.6
      vertex -5.86403 4.18632 1.6
      vertex -5.73396 4.46133 1.6
    endloop
  endfacet
  facet normal 0 0 -1
    outer loop
      vertex -6.08507 2.69615 1.6
      vertex -4.69181 2.83337 1.6
      vertex -6.04043 2.39522 1.6
    endloop
  endfacet
  facet normal 0 0 -1
    outer loop
      vertex -4.6268 3.49348 1.6
      vertex -5.96651 3.89988 1.6
      vertex -5.86403 4.18632 1.6
    endloop
  endfacet
  facet normal -0 0 -1
    outer loop
      vertex -4.69181 2.83337 1.6
      vertex -6.08507 2.69615 1.6
      vertex -4.7 3 1.6
    endloop
  endfacet
  facet normal 0 0 -1
    outer loop
      vertex -4.66733 3.33165 1.6
      vertex -6.04043 3.60478 1.6
      vertex -5.96651 3.89988 1.6
    endloop
  endfacet
  facet normal 0 0 -1
    outer loop
      vertex -6.1 3 1.6
      vertex -4.7 3 1.6
      vertex -6.08507 2.69615 1.6
    endloop
  endfacet
  facet normal 0 0 -1
    outer loop
      vertex -4.69181 3.16663 1.6
      vertex -6.08507 3.30385 1.6
      vertex -6.04043 3.60478 1.6
    endloop
  endfacet
  facet normal 0 0 -1
    outer loop
      vertex -4.7 3 1.6
      vertex -6.1 3 1.6
      vertex -6.08507 3.30385 1.6
    endloop
  endfacet
  facet normal -0.988718 -0.149788 0
    outer loop
      vertex 160.292 3.16663 1.6
      vertex 160.267 3.33165 3
      vertex 160.267 3.33165 1.6
    endloop
  endfacet
  facet normal -0.988718 -0.149788 0
    outer loop
      vertex 160.267 3.33165 3
      vertex 160.292 3.16663 1.6
      vertex 160.292 3.16663 3
    endloop
  endfacet
  facet normal 0.988718 -0.149788 0
    outer loop
      vertex 156.908 3.16663 3
      vertex 156.933 3.33165 1.6
      vertex 156.933 3.33165 3
    endloop
  endfacet
  facet normal 0.988718 -0.149788 0
    outer loop
      vertex 156.933 3.33165 1.6
      vertex 156.908 3.16663 3
      vertex 156.908 3.16663 1.6
    endloop
  endfacet
  facet normal -0.048983 -0.9988 0
    outer loop
      vertex 158.6 4.7 1.6
      vertex 158.767 4.69181 3
      vertex 158.6 4.7 3
    endloop
  endfacet
  facet normal -0.048983 -0.9988 -0
    outer loop
      vertex 158.767 4.69181 3
      vertex 158.6 4.7 1.6
      vertex 158.767 4.69181 1.6
    endloop
  endfacet
  facet normal 0.048983 -0.9988 0
    outer loop
      vertex 158.433 4.69181 1.6
      vertex 158.6 4.7 3
      vertex 158.433 4.69181 3
    endloop
  endfacet
  facet normal 0.048983 -0.9988 0
    outer loop
      vertex 158.6 4.7 3
      vertex 158.433 4.69181 1.6
      vertex 158.6 4.7 1.6
    endloop
  endfacet
  facet normal -0.595695 -0.803211 0
    outer loop
      vertex 159.544 4.4135 1.6
      vertex 159.678 4.31412 3
      vertex 159.544 4.4135 3
    endloop
  endfacet
  facet normal -0.595695 -0.803211 -0
    outer loop
      vertex 159.678 4.31412 3
      vertex 159.544 4.4135 1.6
      vertex 159.678 4.31412 1.6
    endloop
  endfacet
  facet normal -0.429401 -0.903114 0
    outer loop
      vertex 159.251 4.57059 1.6
      vertex 159.401 4.49927 3
      vertex 159.251 4.57059 3
    endloop
  endfacet
  facet normal -0.429401 -0.903114 -0
    outer loop
      vertex 159.401 4.49927 3
      vertex 159.251 4.57059 1.6
      vertex 159.401 4.49927 1.6
    endloop
  endfacet
  facet normal 0.048983 0.9988 -0
    outer loop
      vertex 158.6 1.3 1.6
      vertex 158.433 1.30819 3
      vertex 158.6 1.3 3
    endloop
  endfacet
  facet normal 0.048983 0.9988 0
    outer loop
      vertex 158.433 1.30819 3
      vertex 158.6 1.3 1.6
      vertex 158.433 1.30819 1.6
    endloop
  endfacet
  facet normal -0.941932 0.335805 0
    outer loop
      vertex 160.171 2.34944 1.6
      vertex 160.227 2.50652 3
      vertex 160.227 2.50652 1.6
    endloop
  endfacet
  facet normal -0.941932 0.335805 0
    outer loop
      vertex 160.227 2.50652 3
      vertex 160.171 2.34944 1.6
      vertex 160.171 2.34944 3
    endloop
  endfacet
  facet normal 0.335127 0.942173 -0
    outer loop
      vertex 158.107 1.3732 1.6
      vertex 157.949 1.4294 3
      vertex 158.107 1.3732 3
    endloop
  endfacet
  facet normal 0.335127 0.942173 0
    outer loop
      vertex 157.949 1.4294 3
      vertex 158.107 1.3732 1.6
      vertex 157.949 1.4294 1.6
    endloop
  endfacet
  facet normal 0.941932 0.335805 0
    outer loop
      vertex 157.029 2.34944 3
      vertex 156.973 2.50652 1.6
      vertex 156.973 2.50652 3
    endloop
  endfacet
  facet normal 0.941932 0.335805 0
    outer loop
      vertex 156.973 2.50652 1.6
      vertex 157.029 2.34944 3
      vertex 157.029 2.34944 1.6
    endloop
  endfacet
  facet normal -0.048983 0.9988 0
    outer loop
      vertex 158.767 1.30819 1.6
      vertex 158.6 1.3 3
      vertex 158.767 1.30819 3
    endloop
  endfacet
  facet normal -0.048983 0.9988 0
    outer loop
      vertex 158.6 1.3 3
      vertex 158.767 1.30819 1.6
      vertex 158.6 1.3 1.6
    endloop
  endfacet
  facet normal -0.670418 0.741984 0
    outer loop
      vertex 159.802 1.79792 1.6
      vertex 159.678 1.68588 3
      vertex 159.802 1.79792 3
    endloop
  endfacet
  facet normal -0.670418 0.741984 0
    outer loop
      vertex 159.678 1.68588 3
      vertex 159.802 1.79792 1.6
      vertex 159.678 1.68588 1.6
    endloop
  endfacet
  facet normal -0.42945 0.903091 0
    outer loop
      vertex 159.401 1.50073 1.6
      vertex 159.251 1.4294 3
      vertex 159.401 1.50073 3
    endloop
  endfacet
  facet normal -0.42945 0.903091 0
    outer loop
      vertex 159.251 1.4294 3
      vertex 159.401 1.50073 1.6
      vertex 159.251 1.4294 1.6
    endloop
  endfacet
  facet normal 0.146757 -0.989173 0
    outer loop
      vertex 158.268 4.66733 1.6
      vertex 158.433 4.69181 3
      vertex 158.268 4.66733 3
    endloop
  endfacet
  facet normal 0.146757 -0.989173 0
    outer loop
      vertex 158.433 4.69181 3
      vertex 158.268 4.66733 1.6
      vertex 158.433 4.69181 1.6
    endloop
  endfacet
  facet normal 0.998849 -0.0479553 0
    outer loop
      vertex 156.9 3 3
      vertex 156.908 3.16663 1.6
      vertex 156.908 3.16663 3
    endloop
  endfacet
  facet normal 0.998849 -0.0479553 0
    outer loop
      vertex 156.908 3.16663 1.6
      vertex 156.9 3 3
      vertex 156.9 3 1.6
    endloop
  endfacet
  facet normal -0.988718 0.149788 0
    outer loop
      vertex 160.267 2.66835 1.6
      vertex 160.292 2.83337 3
      vertex 160.292 2.83337 1.6
    endloop
  endfacet
  facet normal -0.988718 0.149788 0
    outer loop
      vertex 160.292 2.83337 3
      vertex 160.267 2.66835 1.6
      vertex 160.267 2.66835 3
    endloop
  endfacet
  facet normal 0.90244 0.430816 0
    outer loop
      vertex 157.101 2.19862 3
      vertex 157.029 2.34944 1.6
      vertex 157.029 2.34944 3
    endloop
  endfacet
  facet normal 0.90244 0.430816 0
    outer loop
      vertex 157.029 2.34944 1.6
      vertex 157.101 2.19862 3
      vertex 157.101 2.19862 1.6
    endloop
  endfacet
  facet normal -0.998849 0.0479553 0
    outer loop
      vertex 160.292 2.83337 1.6
      vertex 160.3 3 3
      vertex 160.3 3 1.6
    endloop
  endfacet
  facet normal -0.998849 0.0479553 0
    outer loop
      vertex 160.3 3 3
      vertex 160.292 2.83337 1.6
      vertex 160.292 2.83337 3
    endloop
  endfacet
  facet normal 0.33518 -0.942154 0
    outer loop
      vertex 157.949 4.57059 1.6
      vertex 158.107 4.6268 3
      vertex 157.949 4.57059 3
    endloop
  endfacet
  facet normal 0.33518 -0.942154 0
    outer loop
      vertex 158.107 4.6268 3
      vertex 157.949 4.57059 1.6
      vertex 158.107 4.6268 1.6
    endloop
  endfacet
  facet normal -0.514363 -0.857572 0
    outer loop
      vertex 159.401 4.49927 1.6
      vertex 159.544 4.4135 3
      vertex 159.401 4.49927 3
    endloop
  endfacet
  facet normal -0.514363 -0.857572 -0
    outer loop
      vertex 159.544 4.4135 3
      vertex 159.401 4.49927 1.6
      vertex 159.544 4.4135 1.6
    endloop
  endfacet
  facet normal -0.146757 -0.989173 0
    outer loop
      vertex 158.767 4.69181 1.6
      vertex 158.932 4.66733 3
      vertex 158.767 4.69181 3
    endloop
  endfacet
  facet normal -0.146757 -0.989173 -0
    outer loop
      vertex 158.932 4.66733 3
      vertex 158.767 4.69181 1.6
      vertex 158.932 4.66733 1.6
    endloop
  endfacet
  facet normal -0.514363 0.857572 0
    outer loop
      vertex 159.544 1.5865 1.6
      vertex 159.401 1.50073 3
      vertex 159.544 1.5865 3
    endloop
  endfacet
  facet normal -0.514363 0.857572 0
    outer loop
      vertex 159.401 1.50073 3
      vertex 159.544 1.5865 1.6
      vertex 159.401 1.50073 1.6
    endloop
  endfacet
  facet normal 0.244179 0.96973 -0
    outer loop
      vertex 158.268 1.33266 1.6
      vertex 158.107 1.3732 3
      vertex 158.268 1.33266 3
    endloop
  endfacet
  facet normal 0.244179 0.96973 0
    outer loop
      vertex 158.107 1.3732 3
      vertex 158.268 1.33266 1.6
      vertex 158.107 1.3732 1.6
    endloop
  endfacet
  facet normal -0.801433 -0.598084 0
    outer loop
      vertex 160.014 3.94447 1.6
      vertex 159.914 4.07847 3
      vertex 159.914 4.07847 1.6
    endloop
  endfacet
  facet normal -0.801433 -0.598084 0
    outer loop
      vertex 159.914 4.07847 3
      vertex 160.014 3.94447 1.6
      vertex 160.014 3.94447 3
    endloop
  endfacet
  facet normal 0.941932 -0.335805 0
    outer loop
      vertex 156.973 3.49348 3
      vertex 157.029 3.65056 1.6
      vertex 157.029 3.65056 3
    endloop
  endfacet
  facet normal 0.941932 -0.335805 0
    outer loop
      vertex 157.029 3.65056 1.6
      vertex 156.973 3.49348 3
      vertex 156.973 3.49348 1.6
    endloop
  endfacet
  facet normal 0.146699 0.989181 -0
    outer loop
      vertex 158.433 1.30819 1.6
      vertex 158.268 1.33266 3
      vertex 158.433 1.30819 3
    endloop
  endfacet
  facet normal 0.146699 0.989181 0
    outer loop
      vertex 158.268 1.33266 3
      vertex 158.433 1.30819 1.6
      vertex 158.268 1.33266 1.6
    endloop
  endfacet
  facet normal -0.970785 0.239952 0
    outer loop
      vertex 160.227 2.50652 1.6
      vertex 160.267 2.66835 3
      vertex 160.267 2.66835 1.6
    endloop
  endfacet
  facet normal -0.970785 0.239952 0
    outer loop
      vertex 160.267 2.66835 3
      vertex 160.227 2.50652 1.6
      vertex 160.227 2.50652 3
    endloop
  endfacet
  facet normal 0.857123 -0.515112 0
    outer loop
      vertex 157.101 3.80137 3
      vertex 157.187 3.94447 1.6
      vertex 157.187 3.94447 3
    endloop
  endfacet
  facet normal 0.857123 -0.515112 0
    outer loop
      vertex 157.187 3.94447 1.6
      vertex 157.101 3.80137 3
      vertex 157.101 3.80137 1.6
    endloop
  endfacet
  facet normal 0.670418 -0.741984 0
    outer loop
      vertex 157.398 4.20208 1.6
      vertex 157.522 4.31412 3
      vertex 157.398 4.20208 3
    endloop
  endfacet
  facet normal 0.670418 -0.741984 0
    outer loop
      vertex 157.522 4.31412 3
      vertex 157.398 4.20208 1.6
      vertex 157.522 4.31412 1.6
    endloop
  endfacet
  facet normal 0.244123 -0.969744 0
    outer loop
      vertex 158.107 4.6268 1.6
      vertex 158.268 4.66733 3
      vertex 158.107 4.6268 3
    endloop
  endfacet
  facet normal 0.244123 -0.969744 0
    outer loop
      vertex 158.268 4.66733 3
      vertex 158.107 4.6268 1.6
      vertex 158.268 4.66733 1.6
    endloop
  endfacet
  facet normal -0.244123 -0.969744 0
    outer loop
      vertex 158.932 4.66733 1.6
      vertex 159.093 4.6268 3
      vertex 158.932 4.66733 3
    endloop
  endfacet
  facet normal -0.244123 -0.969744 -0
    outer loop
      vertex 159.093 4.6268 3
      vertex 158.932 4.66733 1.6
      vertex 159.093 4.6268 1.6
    endloop
  endfacet
  facet normal -0.595695 0.803211 0
    outer loop
      vertex 159.678 1.68588 1.6
      vertex 159.544 1.5865 3
      vertex 159.678 1.68588 3
    endloop
  endfacet
  facet normal -0.595695 0.803211 0
    outer loop
      vertex 159.544 1.5865 3
      vertex 159.678 1.68588 1.6
      vertex 159.544 1.5865 1.6
    endloop
  endfacet
  facet normal -0.244179 0.96973 0
    outer loop
      vertex 159.093 1.3732 1.6
      vertex 158.932 1.33266 3
      vertex 159.093 1.3732 3
    endloop
  endfacet
  facet normal -0.244179 0.96973 0
    outer loop
      vertex 158.932 1.33266 3
      vertex 159.093 1.3732 1.6
      vertex 158.932 1.33266 1.6
    endloop
  endfacet
  facet normal -0.670418 -0.741984 0
    outer loop
      vertex 159.678 4.31412 1.6
      vertex 159.802 4.20208 3
      vertex 159.678 4.31412 3
    endloop
  endfacet
  facet normal -0.670418 -0.741984 -0
    outer loop
      vertex 159.802 4.20208 3
      vertex 159.678 4.31412 1.6
      vertex 159.802 4.20208 1.6
    endloop
  endfacet
  facet normal 0.804301 0.594222 0
    outer loop
      vertex 157.286 1.92153 3
      vertex 157.187 2.05553 1.6
      vertex 157.187 2.05553 3
    endloop
  endfacet
  facet normal 0.804301 0.594222 0
    outer loop
      vertex 157.187 2.05553 1.6
      vertex 157.286 1.92153 3
      vertex 157.286 1.92153 1.6
    endloop
  endfacet
  facet normal 0.595695 0.803211 -0
    outer loop
      vertex 157.656 1.5865 1.6
      vertex 157.522 1.68588 3
      vertex 157.656 1.5865 3
    endloop
  endfacet
  facet normal 0.595695 0.803211 0
    outer loop
      vertex 157.522 1.68588 3
      vertex 157.656 1.5865 1.6
      vertex 157.522 1.68588 1.6
    endloop
  endfacet
  facet normal 0.988718 0.149788 0
    outer loop
      vertex 156.933 2.66835 3
      vertex 156.908 2.83337 1.6
      vertex 156.908 2.83337 3
    endloop
  endfacet
  facet normal 0.988718 0.149788 0
    outer loop
      vertex 156.908 2.83337 1.6
      vertex 156.933 2.66835 3
      vertex 156.933 2.66835 1.6
    endloop
  endfacet
  facet normal 0.429401 -0.903114 0
    outer loop
      vertex 157.799 4.49927 1.6
      vertex 157.949 4.57059 3
      vertex 157.799 4.49927 3
    endloop
  endfacet
  facet normal 0.429401 -0.903114 0
    outer loop
      vertex 157.949 4.57059 3
      vertex 157.799 4.49927 1.6
      vertex 157.949 4.57059 1.6
    endloop
  endfacet
  facet normal -0.859748 0.510718 0
    outer loop
      vertex 160.014 2.05553 1.6
      vertex 160.099 2.19862 3
      vertex 160.099 2.19862 1.6
    endloop
  endfacet
  facet normal -0.859748 0.510718 0
    outer loop
      vertex 160.099 2.19862 3
      vertex 160.014 2.05553 1.6
      vertex 160.014 2.05553 3
    endloop
  endfacet
  facet normal -0.998849 -0.0479553 0
    outer loop
      vertex 160.3 3 1.6
      vertex 160.292 3.16663 3
      vertex 160.292 3.16663 1.6
    endloop
  endfacet
  facet normal -0.998849 -0.0479553 0
    outer loop
      vertex 160.292 3.16663 3
      vertex 160.3 3 1.6
      vertex 160.3 3 3
    endloop
  endfacet
  facet normal -0.970785 -0.239952 0
    outer loop
      vertex 160.267 3.33165 1.6
      vertex 160.227 3.49348 3
      vertex 160.227 3.49348 1.6
    endloop
  endfacet
  facet normal -0.970785 -0.239952 0
    outer loop
      vertex 160.227 3.49348 3
      vertex 160.267 3.33165 1.6
      vertex 160.267 3.33165 3
    endloop
  endfacet
  facet normal 0.998849 0.0479553 0
    outer loop
      vertex 156.908 2.83337 3
      vertex 156.9 3 1.6
      vertex 156.9 3 3
    endloop
  endfacet
  facet normal 0.998849 0.0479553 0
    outer loop
      vertex 156.9 3 1.6
      vertex 156.908 2.83337 3
      vertex 156.908 2.83337 1.6
    endloop
  endfacet
  facet normal -0.902429 -0.430839 0
    outer loop
      vertex 160.171 3.65056 1.6
      vertex 160.099 3.80137 3
      vertex 160.099 3.80137 1.6
    endloop
  endfacet
  facet normal -0.902429 -0.430839 0
    outer loop
      vertex 160.099 3.80137 3
      vertex 160.171 3.65056 1.6
      vertex 160.171 3.65056 3
    endloop
  endfacet
  facet normal -0.335127 0.942173 0
    outer loop
      vertex 159.251 1.4294 1.6
      vertex 159.093 1.3732 3
      vertex 159.251 1.4294 3
    endloop
  endfacet
  facet normal -0.335127 0.942173 0
    outer loop
      vertex 159.093 1.3732 3
      vertex 159.251 1.4294 1.6
      vertex 159.093 1.3732 1.6
    endloop
  endfacet
  facet normal 0.514363 0.857572 -0
    outer loop
      vertex 157.799 1.50073 1.6
      vertex 157.656 1.5865 3
      vertex 157.799 1.50073 3
    endloop
  endfacet
  facet normal 0.514363 0.857572 0
    outer loop
      vertex 157.656 1.5865 3
      vertex 157.799 1.50073 1.6
      vertex 157.656 1.5865 1.6
    endloop
  endfacet
  facet normal -0.146699 0.989181 0
    outer loop
      vertex 158.932 1.33266 1.6
      vertex 158.767 1.30819 3
      vertex 158.932 1.33266 3
    endloop
  endfacet
  facet normal -0.146699 0.989181 0
    outer loop
      vertex 158.767 1.30819 3
      vertex 158.932 1.33266 1.6
      vertex 158.767 1.30819 1.6
    endloop
  endfacet
  facet normal 0.42945 0.903091 -0
    outer loop
      vertex 157.949 1.4294 1.6
      vertex 157.799 1.50073 3
      vertex 157.949 1.4294 3
    endloop
  endfacet
  facet normal 0.42945 0.903091 0
    outer loop
      vertex 157.799 1.50073 3
      vertex 157.949 1.4294 1.6
      vertex 157.799 1.50073 1.6
    endloop
  endfacet
  facet normal -0.90244 0.430816 0
    outer loop
      vertex 160.099 2.19862 1.6
      vertex 160.171 2.34944 3
      vertex 160.171 2.34944 1.6
    endloop
  endfacet
  facet normal -0.90244 0.430816 0
    outer loop
      vertex 160.171 2.34944 3
      vertex 160.099 2.19862 1.6
      vertex 160.099 2.19862 3
    endloop
  endfacet
  facet normal -0.801433 0.598084 0
    outer loop
      vertex 159.914 1.92153 1.6
      vertex 160.014 2.05553 3
      vertex 160.014 2.05553 1.6
    endloop
  endfacet
  facet normal -0.801433 0.598084 0
    outer loop
      vertex 160.014 2.05553 3
      vertex 159.914 1.92153 1.6
      vertex 159.914 1.92153 3
    endloop
  endfacet
  facet normal 0.970785 0.239952 0
    outer loop
      vertex 156.973 2.50652 3
      vertex 156.933 2.66835 1.6
      vertex 156.933 2.66835 3
    endloop
  endfacet
  facet normal 0.970785 0.239952 0
    outer loop
      vertex 156.933 2.66835 1.6
      vertex 156.973 2.50652 3
      vertex 156.973 2.50652 1.6
    endloop
  endfacet
  facet normal 0.902429 -0.430839 0
    outer loop
      vertex 157.029 3.65056 3
      vertex 157.101 3.80137 1.6
      vertex 157.101 3.80137 3
    endloop
  endfacet
  facet normal 0.902429 -0.430839 0
    outer loop
      vertex 157.101 3.80137 1.6
      vertex 157.029 3.65056 3
      vertex 157.029 3.65056 1.6
    endloop
  endfacet
  facet normal 0.670418 0.741984 -0
    outer loop
      vertex 157.522 1.68588 1.6
      vertex 157.398 1.79792 3
      vertex 157.522 1.68588 3
    endloop
  endfacet
  facet normal 0.670418 0.741984 0
    outer loop
      vertex 157.398 1.79792 3
      vertex 157.522 1.68588 1.6
      vertex 157.398 1.79792 1.6
    endloop
  endfacet
  facet normal -0.741051 0.671448 0
    outer loop
      vertex 159.802 1.79792 1.6
      vertex 159.914 1.92153 3
      vertex 159.914 1.92153 1.6
    endloop
  endfacet
  facet normal -0.741051 0.671448 0
    outer loop
      vertex 159.914 1.92153 3
      vertex 159.802 1.79792 1.6
      vertex 159.802 1.79792 3
    endloop
  endfacet
  facet normal -0.741051 -0.671448 0
    outer loop
      vertex 159.914 4.07847 1.6
      vertex 159.802 4.20208 3
      vertex 159.802 4.20208 1.6
    endloop
  endfacet
  facet normal -0.741051 -0.671448 0
    outer loop
      vertex 159.802 4.20208 3
      vertex 159.914 4.07847 1.6
      vertex 159.914 4.07847 3
    endloop
  endfacet
  facet normal 0.741051 0.671448 0
    outer loop
      vertex 157.398 1.79792 3
      vertex 157.286 1.92153 1.6
      vertex 157.286 1.92153 3
    endloop
  endfacet
  facet normal 0.741051 0.671448 0
    outer loop
      vertex 157.286 1.92153 1.6
      vertex 157.398 1.79792 3
      vertex 157.398 1.79792 1.6
    endloop
  endfacet
  facet normal 0.804301 -0.594222 0
    outer loop
      vertex 157.187 3.94447 3
      vertex 157.286 4.07847 1.6
      vertex 157.286 4.07847 3
    endloop
  endfacet
  facet normal 0.804301 -0.594222 0
    outer loop
      vertex 157.286 4.07847 1.6
      vertex 157.187 3.94447 3
      vertex 157.187 3.94447 1.6
    endloop
  endfacet
  facet normal 0.741051 -0.671448 0
    outer loop
      vertex 157.286 4.07847 3
      vertex 157.398 4.20208 1.6
      vertex 157.398 4.20208 3
    endloop
  endfacet
  facet normal 0.741051 -0.671448 0
    outer loop
      vertex 157.398 4.20208 1.6
      vertex 157.286 4.07847 3
      vertex 157.286 4.07847 1.6
    endloop
  endfacet
  facet normal 0.595695 -0.803211 0
    outer loop
      vertex 157.522 4.31412 1.6
      vertex 157.656 4.4135 3
      vertex 157.522 4.31412 3
    endloop
  endfacet
  facet normal 0.595695 -0.803211 0
    outer loop
      vertex 157.656 4.4135 3
      vertex 157.522 4.31412 1.6
      vertex 157.656 4.4135 1.6
    endloop
  endfacet
  facet normal 0.970785 -0.239952 0
    outer loop
      vertex 156.933 3.33165 3
      vertex 156.973 3.49348 1.6
      vertex 156.973 3.49348 3
    endloop
  endfacet
  facet normal 0.970785 -0.239952 0
    outer loop
      vertex 156.973 3.49348 1.6
      vertex 156.933 3.33165 3
      vertex 156.933 3.33165 1.6
    endloop
  endfacet
  facet normal -0.859764 -0.510691 0
    outer loop
      vertex 160.099 3.80137 1.6
      vertex 160.014 3.94447 3
      vertex 160.014 3.94447 1.6
    endloop
  endfacet
  facet normal -0.859764 -0.510691 0
    outer loop
      vertex 160.014 3.94447 3
      vertex 160.099 3.80137 1.6
      vertex 160.099 3.80137 3
    endloop
  endfacet
  facet normal -0.941932 -0.335805 0
    outer loop
      vertex 160.227 3.49348 1.6
      vertex 160.171 3.65056 3
      vertex 160.171 3.65056 1.6
    endloop
  endfacet
  facet normal -0.941932 -0.335805 0
    outer loop
      vertex 160.171 3.65056 3
      vertex 160.227 3.49348 1.6
      vertex 160.227 3.49348 3
    endloop
  endfacet
  facet normal -0.33518 -0.942154 0
    outer loop
      vertex 159.093 4.6268 1.6
      vertex 159.251 4.57059 3
      vertex 159.093 4.6268 3
    endloop
  endfacet
  facet normal -0.33518 -0.942154 -0
    outer loop
      vertex 159.251 4.57059 3
      vertex 159.093 4.6268 1.6
      vertex 159.251 4.57059 1.6
    endloop
  endfacet
  facet normal 0.857107 0.515139 0
    outer loop
      vertex 157.187 2.05553 3
      vertex 157.101 2.19862 1.6
      vertex 157.101 2.19862 3
    endloop
  endfacet
  facet normal 0.857107 0.515139 0
    outer loop
      vertex 157.101 2.19862 1.6
      vertex 157.187 2.05553 3
      vertex 157.187 2.05553 1.6
    endloop
  endfacet
  facet normal 0.514363 -0.857572 0
    outer loop
      vertex 157.656 4.4135 1.6
      vertex 157.799 4.49927 3
      vertex 157.656 4.4135 3
    endloop
  endfacet
  facet normal 0.514363 -0.857572 0
    outer loop
      vertex 157.799 4.49927 3
      vertex 157.656 4.4135 1.6
      vertex 157.799 4.49927 1.6
    endloop
  endfacet
  facet normal 0.594695 -0.803952 0
    outer loop
      vertex 156.633 5.39633 0
      vertex 156.878 5.57756 1.6
      vertex 156.633 5.39633 1.6
    endloop
  endfacet
  facet normal 0.594695 -0.803952 0
    outer loop
      vertex 156.878 5.57756 1.6
      vertex 156.633 5.39633 0
      vertex 156.878 5.57756 0
    endloop
  endfacet
  facet normal -0.998784 0.0493064 0
    outer loop
      vertex 161.685 2.69615 0
      vertex 161.7 3 1.6
      vertex 161.7 3 0
    endloop
  endfacet
  facet normal -0.998784 0.0493064 0
    outer loop
      vertex 161.7 3 1.6
      vertex 161.685 2.69615 0
      vertex 161.685 2.69615 1.6
    endloop
  endfacet
  facet normal 0.514012 -0.857783 0
    outer loop
      vertex 156.878 5.57756 0
      vertex 157.139 5.73396 1.6
      vertex 156.878 5.57756 1.6
    endloop
  endfacet
  facet normal 0.514012 -0.857783 0
    outer loop
      vertex 157.139 5.73396 1.6
      vertex 156.878 5.57756 0
      vertex 157.139 5.73396 0
    endloop
  endfacet
  facet normal 0.801985 -0.597345 0
    outer loop
      vertex 156.022 4.72227 1.6
      vertex 156.204 4.96662 0
      vertex 156.204 4.96662 1.6
    endloop
  endfacet
  facet normal 0.801985 -0.597345 0
    outer loop
      vertex 156.204 4.96662 0
      vertex 156.022 4.72227 1.6
      vertex 156.022 4.72227 0
    endloop
  endfacet
  facet normal -0.989004 0.147892 0
    outer loop
      vertex 161.64 2.39522 0
      vertex 161.685 2.69615 1.6
      vertex 161.685 2.69615 0
    endloop
  endfacet
  facet normal -0.989004 0.147892 0
    outer loop
      vertex 161.685 2.69615 1.6
      vertex 161.64 2.39522 0
      vertex 161.64 2.39522 1.6
    endloop
  endfacet
  facet normal 0.970739 -0.240135 0
    outer loop
      vertex 155.56 3.60478 1.6
      vertex 155.633 3.89988 0
      vertex 155.633 3.89988 1.6
    endloop
  endfacet
  facet normal 0.970739 -0.240135 0
    outer loop
      vertex 155.633 3.89988 0
      vertex 155.56 3.60478 1.6
      vertex 155.56 3.60478 0
    endloop
  endfacet
  facet normal -0.427568 -0.903983 0
    outer loop
      vertex 159.786 5.86403 0
      vertex 160.061 5.73396 1.6
      vertex 159.786 5.86403 1.6
    endloop
  endfacet
  facet normal -0.427568 -0.903983 -0
    outer loop
      vertex 160.061 5.73396 1.6
      vertex 159.786 5.86403 0
      vertex 160.061 5.73396 0
    endloop
  endfacet
  facet normal -0.51401 0.857784 0
    outer loop
      vertex 160.322 0.422443 0
      vertex 160.061 0.266044 1.6
      vertex 160.322 0.422443 1.6
    endloop
  endfacet
  facet normal -0.51401 0.857784 0
    outer loop
      vertex 160.061 0.266044 1.6
      vertex 160.322 0.422443 0
      vertex 160.061 0.266044 0
    endloop
  endfacet
  facet normal 0.243057 0.970012 -0
    outer loop
      vertex 157.995 -0.0404339 0
      vertex 157.7 0.0334845 1.6
      vertex 157.995 -0.0404339 1.6
    endloop
  endfacet
  facet normal 0.243057 0.970012 0
    outer loop
      vertex 157.7 0.0334845 1.6
      vertex 157.995 -0.0404339 0
      vertex 157.7 0.0334845 0
    endloop
  endfacet
  facet normal 0.801985 0.597345 0
    outer loop
      vertex 156.204 1.03338 1.6
      vertex 156.022 1.27773 0
      vertex 156.022 1.27773 1.6
    endloop
  endfacet
  facet normal 0.801985 0.597345 0
    outer loop
      vertex 156.022 1.27773 0
      vertex 156.204 1.03338 1.6
      vertex 156.204 1.03338 0
    endloop
  endfacet
  facet normal -0.904078 0.427367 0
    outer loop
      vertex 161.334 1.53867 0
      vertex 161.464 1.81368 1.6
      vertex 161.464 1.81368 0
    endloop
  endfacet
  facet normal -0.904078 0.427367 0
    outer loop
      vertex 161.464 1.81368 1.6
      vertex 161.334 1.53867 0
      vertex 161.334 1.53867 1.6
    endloop
  endfacet
  facet normal -0.970739 0.240135 0
    outer loop
      vertex 161.567 2.10012 0
      vertex 161.64 2.39522 1.6
      vertex 161.64 2.39522 0
    endloop
  endfacet
  facet normal -0.970739 0.240135 0
    outer loop
      vertex 161.64 2.39522 1.6
      vertex 161.567 2.10012 0
      vertex 161.567 2.10012 1.6
    endloop
  endfacet
  facet normal 0 0 -1
    outer loop
      vertex 160.3 3 1.6
      vertex 161.7 3 1.6
      vertex 161.685 2.69615 1.6
    endloop
  endfacet
  facet normal 0 0 -1
    outer loop
      vertex 160.292 2.83337 1.6
      vertex 161.685 2.69615 1.6
      vertex 161.64 2.39522 1.6
    endloop
  endfacet
  facet normal 0 0 -1
    outer loop
      vertex 161.7 3 1.6
      vertex 160.3 3 1.6
      vertex 161.685 3.30385 1.6
    endloop
  endfacet
  facet normal 0 0 -1
    outer loop
      vertex 160.267 2.66835 1.6
      vertex 161.64 2.39522 1.6
      vertex 161.567 2.10012 1.6
    endloop
  endfacet
  facet normal 0 0 -1
    outer loop
      vertex 160.292 3.16663 1.6
      vertex 161.685 3.30385 1.6
      vertex 160.3 3 1.6
    endloop
  endfacet
  facet normal 0 0 -1
    outer loop
      vertex 160.227 2.50652 1.6
      vertex 161.567 2.10012 1.6
      vertex 161.464 1.81368 1.6
    endloop
  endfacet
  facet normal -0 0 -1
    outer loop
      vertex 161.685 3.30385 1.6
      vertex 160.292 3.16663 1.6
      vertex 161.64 3.60478 1.6
    endloop
  endfacet
  facet normal 0 0 -1
    outer loop
      vertex 160.171 2.34944 1.6
      vertex 161.464 1.81368 1.6
      vertex 161.334 1.53867 1.6
    endloop
  endfacet
  facet normal 0 0 -1
    outer loop
      vertex 160.267 3.33165 1.6
      vertex 161.64 3.60478 1.6
      vertex 160.292 3.16663 1.6
    endloop
  endfacet
  facet normal 0 0 -1
    outer loop
      vertex 160.099 2.19862 1.6
      vertex 161.334 1.53867 1.6
      vertex 161.178 1.27773 1.6
    endloop
  endfacet
  facet normal -0 0 -1
    outer loop
      vertex 161.64 3.60478 1.6
      vertex 160.267 3.33165 1.6
      vertex 161.567 3.89988 1.6
    endloop
  endfacet
  facet normal 0 0 -1
    outer loop
      vertex 160.014 2.05553 1.6
      vertex 161.178 1.27773 1.6
      vertex 160.996 1.03338 1.6
    endloop
  endfacet
  facet normal 0 0 -1
    outer loop
      vertex 160.227 3.49348 1.6
      vertex 161.567 3.89988 1.6
      vertex 160.267 3.33165 1.6
    endloop
  endfacet
  facet normal 0 0 -1
    outer loop
      vertex 159.914 1.92153 1.6
      vertex 160.996 1.03338 1.6
      vertex 160.792 0.807968 1.6
    endloop
  endfacet
  facet normal -0 0 -1
    outer loop
      vertex 161.567 3.89988 1.6
      vertex 160.227 3.49348 1.6
      vertex 161.464 4.18632 1.6
    endloop
  endfacet
  facet normal 0 0 -1
    outer loop
      vertex 159.802 1.79792 1.6
      vertex 160.792 0.807968 1.6
      vertex 160.567 0.603667 1.6
    endloop
  endfacet
  facet normal 0 0 -1
    outer loop
      vertex 160.171 3.65056 1.6
      vertex 161.464 4.18632 1.6
      vertex 160.227 3.49348 1.6
    endloop
  endfacet
  facet normal 0 0 -1
    outer loop
      vertex 159.678 1.68588 1.6
      vertex 160.567 0.603667 1.6
      vertex 160.322 0.422443 1.6
    endloop
  endfacet
  facet normal -0 0 -1
    outer loop
      vertex 161.464 4.18632 1.6
      vertex 160.171 3.65056 1.6
      vertex 161.334 4.46133 1.6
    endloop
  endfacet
  facet normal 0 0 -1
    outer loop
      vertex 160.099 3.80137 1.6
      vertex 161.334 4.46133 1.6
      vertex 160.171 3.65056 1.6
    endloop
  endfacet
  facet normal 0 0 -1
    outer loop
      vertex 161.685 2.69615 1.6
      vertex 160.292 2.83337 1.6
      vertex 160.3 3 1.6
    endloop
  endfacet
  facet normal 0 0 -1
    outer loop
      vertex 161.64 2.39522 1.6
      vertex 160.267 2.66835 1.6
      vertex 160.292 2.83337 1.6
    endloop
  endfacet
  facet normal 0 0 -1
    outer loop
      vertex 161.567 2.10012 1.6
      vertex 160.227 2.50652 1.6
      vertex 160.267 2.66835 1.6
    endloop
  endfacet
  facet normal 0 0 -1
    outer loop
      vertex 161.464 1.81368 1.6
      vertex 160.171 2.34944 1.6
      vertex 160.227 2.50652 1.6
    endloop
  endfacet
  facet normal 0 0 -1
    outer loop
      vertex 161.334 1.53867 1.6
      vertex 160.099 2.19862 1.6
      vertex 160.171 2.34944 1.6
    endloop
  endfacet
  facet normal 0 0 -1
    outer loop
      vertex 159.544 1.5865 1.6
      vertex 160.322 0.422443 1.6
      vertex 160.061 0.266044 1.6
    endloop
  endfacet
  facet normal 0 0 -1
    outer loop
      vertex 161.178 1.27773 1.6
      vertex 160.014 2.05553 1.6
      vertex 160.099 2.19862 1.6
    endloop
  endfacet
  facet normal 0 0 -1
    outer loop
      vertex 160.996 1.03338 1.6
      vertex 159.914 1.92153 1.6
      vertex 160.014 2.05553 1.6
    endloop
  endfacet
  facet normal 0 0 -1
    outer loop
      vertex 160.792 0.807968 1.6
      vertex 159.802 1.79792 1.6
      vertex 159.914 1.92153 1.6
    endloop
  endfacet
  facet normal 0 0 -1
    outer loop
      vertex 159.401 1.50073 1.6
      vertex 160.061 0.266044 1.6
      vertex 159.786 0.135973 1.6
    endloop
  endfacet
  facet normal 0 0 -1
    outer loop
      vertex 160.567 0.603667 1.6
      vertex 159.678 1.68588 1.6
      vertex 159.802 1.79792 1.6
    endloop
  endfacet
  facet normal 0 0 -1
    outer loop
      vertex 160.322 0.422443 1.6
      vertex 159.544 1.5865 1.6
      vertex 159.678 1.68588 1.6
    endloop
  endfacet
  facet normal 0 0 -1
    outer loop
      vertex 159.251 1.4294 1.6
      vertex 159.786 0.135973 1.6
      vertex 159.5 0.0334845 1.6
    endloop
  endfacet
  facet normal 0 0 -1
    outer loop
      vertex 160.061 0.266044 1.6
      vertex 159.401 1.50073 1.6
      vertex 159.544 1.5865 1.6
    endloop
  endfacet
  facet normal 0 0 -1
    outer loop
      vertex 159.786 0.135973 1.6
      vertex 159.251 1.4294 1.6
      vertex 159.401 1.50073 1.6
    endloop
  endfacet
  facet normal 0 0 -1
    outer loop
      vertex 159.093 1.3732 1.6
      vertex 159.5 0.0334845 1.6
      vertex 159.205 -0.0404339 1.6
    endloop
  endfacet
  facet normal 0 0 -1
    outer loop
      vertex 159.5 0.0334845 1.6
      vertex 159.093 1.3732 1.6
      vertex 159.251 1.4294 1.6
    endloop
  endfacet
  facet normal 0 0 -1
    outer loop
      vertex 159.205 -0.0404339 1.6
      vertex 158.932 1.33266 1.6
      vertex 159.093 1.3732 1.6
    endloop
  endfacet
  facet normal 0 0 -1
    outer loop
      vertex 158.904 -0.0850725 1.6
      vertex 158.932 1.33266 1.6
      vertex 159.205 -0.0404339 1.6
    endloop
  endfacet
  facet normal 0 0 -1
    outer loop
      vertex 158.904 -0.0850725 1.6
      vertex 158.767 1.30819 1.6
      vertex 158.932 1.33266 1.6
    endloop
  endfacet
  facet normal 0 0 -1
    outer loop
      vertex 158.6 -0.0999994 1.6
      vertex 158.767 1.30819 1.6
      vertex 158.904 -0.0850725 1.6
    endloop
  endfacet
  facet normal 0 0 -1
    outer loop
      vertex 158.6 -0.0999994 1.6
      vertex 158.6 1.3 1.6
      vertex 158.767 1.30819 1.6
    endloop
  endfacet
  facet normal 0 0 -1
    outer loop
      vertex 158.6 -0.0999994 1.6
      vertex 158.433 1.30819 1.6
      vertex 158.6 1.3 1.6
    endloop
  endfacet
  facet normal 0 0 -1
    outer loop
      vertex 158.296 -0.0850725 1.6
      vertex 158.433 1.30819 1.6
      vertex 158.6 -0.0999994 1.6
    endloop
  endfacet
  facet normal 0 0 -1
    outer loop
      vertex 158.296 -0.0850725 1.6
      vertex 158.268 1.33266 1.6
      vertex 158.433 1.30819 1.6
    endloop
  endfacet
  facet normal 0 0 -1
    outer loop
      vertex 157.995 -0.0404339 1.6
      vertex 158.268 1.33266 1.6
      vertex 158.296 -0.0850725 1.6
    endloop
  endfacet
  facet normal -0 0 -1
    outer loop
      vertex 158.268 1.33266 1.6
      vertex 157.995 -0.0404339 1.6
      vertex 158.107 1.3732 1.6
    endloop
  endfacet
  facet normal 0 0 -1
    outer loop
      vertex 157.7 0.0334845 1.6
      vertex 158.107 1.3732 1.6
      vertex 157.995 -0.0404339 1.6
    endloop
  endfacet
  facet normal -0 0 -1
    outer loop
      vertex 158.107 1.3732 1.6
      vertex 157.7 0.0334845 1.6
      vertex 157.949 1.4294 1.6
    endloop
  endfacet
  facet normal 0 0 -1
    outer loop
      vertex 157.414 0.135973 1.6
      vertex 157.949 1.4294 1.6
      vertex 157.7 0.0334845 1.6
    endloop
  endfacet
  facet normal -0 0 -1
    outer loop
      vertex 157.949 1.4294 1.6
      vertex 157.414 0.135973 1.6
      vertex 157.799 1.50073 1.6
    endloop
  endfacet
  facet normal 0 0 -1
    outer loop
      vertex 157.139 0.266044 1.6
      vertex 157.799 1.50073 1.6
      vertex 157.414 0.135973 1.6
    endloop
  endfacet
  facet normal -0 0 -1
    outer loop
      vertex 157.799 1.50073 1.6
      vertex 157.139 0.266044 1.6
      vertex 157.656 1.5865 1.6
    endloop
  endfacet
  facet normal 0 0 -1
    outer loop
      vertex 156.878 0.422443 1.6
      vertex 157.656 1.5865 1.6
      vertex 157.139 0.266044 1.6
    endloop
  endfacet
  facet normal -0 0 -1
    outer loop
      vertex 157.656 1.5865 1.6
      vertex 156.878 0.422443 1.6
      vertex 157.522 1.68588 1.6
    endloop
  endfacet
  facet normal 0 0 -1
    outer loop
      vertex 156.633 0.603667 1.6
      vertex 157.522 1.68588 1.6
      vertex 156.878 0.422443 1.6
    endloop
  endfacet
  facet normal -0 0 -1
    outer loop
      vertex 157.522 1.68588 1.6
      vertex 156.633 0.603667 1.6
      vertex 157.398 1.79792 1.6
    endloop
  endfacet
  facet normal 0 0 -1
    outer loop
      vertex 156.408 0.807968 1.6
      vertex 157.398 1.79792 1.6
      vertex 156.633 0.603667 1.6
    endloop
  endfacet
  facet normal -0 0 -1
    outer loop
      vertex 157.398 1.79792 1.6
      vertex 156.408 0.807968 1.6
      vertex 157.286 1.92153 1.6
    endloop
  endfacet
  facet normal 0 0 -1
    outer loop
      vertex 156.204 1.03338 1.6
      vertex 157.286 1.92153 1.6
      vertex 156.408 0.807968 1.6
    endloop
  endfacet
  facet normal -0 0 -1
    outer loop
      vertex 157.286 1.92153 1.6
      vertex 156.204 1.03338 1.6
      vertex 157.187 2.05553 1.6
    endloop
  endfacet
  facet normal 0 0 -1
    outer loop
      vertex 156.022 1.27773 1.6
      vertex 157.187 2.05553 1.6
      vertex 156.204 1.03338 1.6
    endloop
  endfacet
  facet normal 0 0 -1
    outer loop
      vertex 155.866 1.53867 1.6
      vertex 157.101 2.19862 1.6
      vertex 156.022 1.27773 1.6
    endloop
  endfacet
  facet normal -0 0 -1
    outer loop
      vertex 157.187 2.05553 1.6
      vertex 156.022 1.27773 1.6
      vertex 157.101 2.19862 1.6
    endloop
  endfacet
  facet normal -0 0 -1
    outer loop
      vertex 161.334 4.46133 1.6
      vertex 160.099 3.80137 1.6
      vertex 161.178 4.72227 1.6
    endloop
  endfacet
  facet normal 0 0 -1
    outer loop
      vertex 160.014 3.94447 1.6
      vertex 161.178 4.72227 1.6
      vertex 160.099 3.80137 1.6
    endloop
  endfacet
  facet normal -0 0 -1
    outer loop
      vertex 161.178 4.72227 1.6
      vertex 160.014 3.94447 1.6
      vertex 160.996 4.96662 1.6
    endloop
  endfacet
  facet normal 0 0 -1
    outer loop
      vertex 159.914 4.07847 1.6
      vertex 160.996 4.96662 1.6
      vertex 160.014 3.94447 1.6
    endloop
  endfacet
  facet normal -0 0 -1
    outer loop
      vertex 160.996 4.96662 1.6
      vertex 159.914 4.07847 1.6
      vertex 160.792 5.19203 1.6
    endloop
  endfacet
  facet normal 0 0 -1
    outer loop
      vertex 159.802 4.20208 1.6
      vertex 160.792 5.19203 1.6
      vertex 159.914 4.07847 1.6
    endloop
  endfacet
  facet normal -0 0 -1
    outer loop
      vertex 160.792 5.19203 1.6
      vertex 159.802 4.20208 1.6
      vertex 160.567 5.39633 1.6
    endloop
  endfacet
  facet normal 0 0 -1
    outer loop
      vertex 159.678 4.31412 1.6
      vertex 160.567 5.39633 1.6
      vertex 159.802 4.20208 1.6
    endloop
  endfacet
  facet normal -0 0 -1
    outer loop
      vertex 160.567 5.39633 1.6
      vertex 159.678 4.31412 1.6
      vertex 160.322 5.57756 1.6
    endloop
  endfacet
  facet normal 0 0 -1
    outer loop
      vertex 159.544 4.4135 1.6
      vertex 160.322 5.57756 1.6
      vertex 159.678 4.31412 1.6
    endloop
  endfacet
  facet normal -0 0 -1
    outer loop
      vertex 160.322 5.57756 1.6
      vertex 159.544 4.4135 1.6
      vertex 160.061 5.73396 1.6
    endloop
  endfacet
  facet normal 0 0 -1
    outer loop
      vertex 159.401 4.49927 1.6
      vertex 160.061 5.73396 1.6
      vertex 159.544 4.4135 1.6
    endloop
  endfacet
  facet normal -0 0 -1
    outer loop
      vertex 160.061 5.73396 1.6
      vertex 159.401 4.49927 1.6
      vertex 159.786 5.86403 1.6
    endloop
  endfacet
  facet normal 0 0 -1
    outer loop
      vertex 159.251 4.57059 1.6
      vertex 159.786 5.86403 1.6
      vertex 159.401 4.49927 1.6
    endloop
  endfacet
  facet normal -0 0 -1
    outer loop
      vertex 159.786 5.86403 1.6
      vertex 159.251 4.57059 1.6
      vertex 159.5 5.96651 1.6
    endloop
  endfacet
  facet normal 0 0 -1
    outer loop
      vertex 159.093 4.6268 1.6
      vertex 159.5 5.96651 1.6
      vertex 159.251 4.57059 1.6
    endloop
  endfacet
  facet normal -0 0 -1
    outer loop
      vertex 159.5 5.96651 1.6
      vertex 159.093 4.6268 1.6
      vertex 159.205 6.04043 1.6
    endloop
  endfacet
  facet normal 0 0 -1
    outer loop
      vertex 158.932 4.66733 1.6
      vertex 159.205 6.04043 1.6
      vertex 159.093 4.6268 1.6
    endloop
  endfacet
  facet normal 0 0 -1
    outer loop
      vertex 158.932 4.66733 1.6
      vertex 158.904 6.08507 1.6
      vertex 159.205 6.04043 1.6
    endloop
  endfacet
  facet normal 0 0 -1
    outer loop
      vertex 158.767 4.69181 1.6
      vertex 158.904 6.08507 1.6
      vertex 158.932 4.66733 1.6
    endloop
  endfacet
  facet normal 0 0 -1
    outer loop
      vertex 158.6 4.7 1.6
      vertex 158.904 6.08507 1.6
      vertex 158.767 4.69181 1.6
    endloop
  endfacet
  facet normal 0 0 -1
    outer loop
      vertex 158.6 4.7 1.6
      vertex 158.6 6.1 1.6
      vertex 158.904 6.08507 1.6
    endloop
  endfacet
  facet normal 0 0 -1
    outer loop
      vertex 158.433 4.69181 1.6
      vertex 158.6 6.1 1.6
      vertex 158.6 4.7 1.6
    endloop
  endfacet
  facet normal 0 0 -1
    outer loop
      vertex 158.433 4.69181 1.6
      vertex 158.296 6.08507 1.6
      vertex 158.6 6.1 1.6
    endloop
  endfacet
  facet normal 0 0 -1
    outer loop
      vertex 158.268 4.66733 1.6
      vertex 158.296 6.08507 1.6
      vertex 158.433 4.69181 1.6
    endloop
  endfacet
  facet normal 0 0 -1
    outer loop
      vertex 157.995 6.04043 1.6
      vertex 158.268 4.66733 1.6
      vertex 158.107 4.6268 1.6
    endloop
  endfacet
  facet normal 0 0 -1
    outer loop
      vertex 158.268 4.66733 1.6
      vertex 157.995 6.04043 1.6
      vertex 158.296 6.08507 1.6
    endloop
  endfacet
  facet normal 0 0 -1
    outer loop
      vertex 157.7 5.96651 1.6
      vertex 158.107 4.6268 1.6
      vertex 157.949 4.57059 1.6
    endloop
  endfacet
  facet normal 0 0 -1
    outer loop
      vertex 157.414 5.86403 1.6
      vertex 157.949 4.57059 1.6
      vertex 157.799 4.49927 1.6
    endloop
  endfacet
  facet normal 0 0 -1
    outer loop
      vertex 158.107 4.6268 1.6
      vertex 157.7 5.96651 1.6
      vertex 157.995 6.04043 1.6
    endloop
  endfacet
  facet normal 0 0 -1
    outer loop
      vertex 157.139 5.73396 1.6
      vertex 157.799 4.49927 1.6
      vertex 157.656 4.4135 1.6
    endloop
  endfacet
  facet normal 0 0 -1
    outer loop
      vertex 156.878 5.57756 1.6
      vertex 157.656 4.4135 1.6
      vertex 157.522 4.31412 1.6
    endloop
  endfacet
  facet normal 0 0 -1
    outer loop
      vertex 157.949 4.57059 1.6
      vertex 157.414 5.86403 1.6
      vertex 157.7 5.96651 1.6
    endloop
  endfacet
  facet normal 0 0 -1
    outer loop
      vertex 156.633 5.39633 1.6
      vertex 157.522 4.31412 1.6
      vertex 157.398 4.20208 1.6
    endloop
  endfacet
  facet normal 0 0 -1
    outer loop
      vertex 156.408 5.19203 1.6
      vertex 157.398 4.20208 1.6
      vertex 157.286 4.07847 1.6
    endloop
  endfacet
  facet normal 0 0 -1
    outer loop
      vertex 156.204 4.96662 1.6
      vertex 157.286 4.07847 1.6
      vertex 157.187 3.94447 1.6
    endloop
  endfacet
  facet normal 0 0 -1
    outer loop
      vertex 157.799 4.49927 1.6
      vertex 157.139 5.73396 1.6
      vertex 157.414 5.86403 1.6
    endloop
  endfacet
  facet normal 0 0 -1
    outer loop
      vertex 156.022 4.72227 1.6
      vertex 157.187 3.94447 1.6
      vertex 157.101 3.80137 1.6
    endloop
  endfacet
  facet normal 0 0 -1
    outer loop
      vertex 155.866 4.46133 1.6
      vertex 157.101 3.80137 1.6
      vertex 157.029 3.65056 1.6
    endloop
  endfacet
  facet normal 0 0 -1
    outer loop
      vertex 155.736 4.18632 1.6
      vertex 157.029 3.65056 1.6
      vertex 156.973 3.49348 1.6
    endloop
  endfacet
  facet normal 0 0 -1
    outer loop
      vertex 155.633 3.89988 1.6
      vertex 156.973 3.49348 1.6
      vertex 156.933 3.33165 1.6
    endloop
  endfacet
  facet normal 0 0 -1
    outer loop
      vertex 155.56 3.60478 1.6
      vertex 156.933 3.33165 1.6
      vertex 156.908 3.16663 1.6
    endloop
  endfacet
  facet normal 0 0 -1
    outer loop
      vertex 157.656 4.4135 1.6
      vertex 156.878 5.57756 1.6
      vertex 157.139 5.73396 1.6
    endloop
  endfacet
  facet normal 0 0 -1
    outer loop
      vertex 155.515 3.30385 1.6
      vertex 156.908 3.16663 1.6
      vertex 156.9 3 1.6
    endloop
  endfacet
  facet normal -0 0 -1
    outer loop
      vertex 157.101 2.19862 1.6
      vertex 155.866 1.53867 1.6
      vertex 157.029 2.34944 1.6
    endloop
  endfacet
  facet normal 0 0 -1
    outer loop
      vertex 155.736 1.81368 1.6
      vertex 157.029 2.34944 1.6
      vertex 155.866 1.53867 1.6
    endloop
  endfacet
  facet normal 0 0 -1
    outer loop
      vertex 157.522 4.31412 1.6
      vertex 156.633 5.39633 1.6
      vertex 156.878 5.57756 1.6
    endloop
  endfacet
  facet normal -0 0 -1
    outer loop
      vertex 157.029 2.34944 1.6
      vertex 155.736 1.81368 1.6
      vertex 156.973 2.50652 1.6
    endloop
  endfacet
  facet normal 0 0 -1
    outer loop
      vertex 157.398 4.20208 1.6
      vertex 156.408 5.19203 1.6
      vertex 156.633 5.39633 1.6
    endloop
  endfacet
  facet normal 0 0 -1
    outer loop
      vertex 155.633 2.10012 1.6
      vertex 156.973 2.50652 1.6
      vertex 155.736 1.81368 1.6
    endloop
  endfacet
  facet normal 0 0 -1
    outer loop
      vertex 157.286 4.07847 1.6
      vertex 156.204 4.96662 1.6
      vertex 156.408 5.19203 1.6
    endloop
  endfacet
  facet normal -0 0 -1
    outer loop
      vertex 156.973 2.50652 1.6
      vertex 155.633 2.10012 1.6
      vertex 156.933 2.66835 1.6
    endloop
  endfacet
  facet normal 0 0 -1
    outer loop
      vertex 157.187 3.94447 1.6
      vertex 156.022 4.72227 1.6
      vertex 156.204 4.96662 1.6
    endloop
  endfacet
  facet normal 0 0 -1
    outer loop
      vertex 155.56 2.39522 1.6
      vertex 156.933 2.66835 1.6
      vertex 155.633 2.10012 1.6
    endloop
  endfacet
  facet normal 0 0 -1
    outer loop
      vertex 157.101 3.80137 1.6
      vertex 155.866 4.46133 1.6
      vertex 156.022 4.72227 1.6
    endloop
  endfacet
  facet normal -0 0 -1
    outer loop
      vertex 156.933 2.66835 1.6
      vertex 155.56 2.39522 1.6
      vertex 156.908 2.83337 1.6
    endloop
  endfacet
  facet normal 0 0 -1
    outer loop
      vertex 157.029 3.65056 1.6
      vertex 155.736 4.18632 1.6
      vertex 155.866 4.46133 1.6
    endloop
  endfacet
  facet normal 0 0 -1
    outer loop
      vertex 155.515 2.69615 1.6
      vertex 156.908 2.83337 1.6
      vertex 155.56 2.39522 1.6
    endloop
  endfacet
  facet normal 0 0 -1
    outer loop
      vertex 156.973 3.49348 1.6
      vertex 155.633 3.89988 1.6
      vertex 155.736 4.18632 1.6
    endloop
  endfacet
  facet normal -0 0 -1
    outer loop
      vertex 156.908 2.83337 1.6
      vertex 155.515 2.69615 1.6
      vertex 156.9 3 1.6
    endloop
  endfacet
  facet normal 0 0 -1
    outer loop
      vertex 156.933 3.33165 1.6
      vertex 155.56 3.60478 1.6
      vertex 155.633 3.89988 1.6
    endloop
  endfacet
  facet normal 0 0 -1
    outer loop
      vertex 155.5 3 1.6
      vertex 156.9 3 1.6
      vertex 155.515 2.69615 1.6
    endloop
  endfacet
  facet normal 0 0 -1
    outer loop
      vertex 156.908 3.16663 1.6
      vertex 155.515 3.30385 1.6
      vertex 155.56 3.60478 1.6
    endloop
  endfacet
  facet normal 0 0 -1
    outer loop
      vertex 156.9 3 1.6
      vertex 155.5 3 1.6
      vertex 155.515 3.30385 1.6
    endloop
  endfacet
  facet normal 0.998784 0.0493064 0
    outer loop
      vertex 155.515 2.69615 1.6
      vertex 155.5 3 0
      vertex 155.5 3 1.6
    endloop
  endfacet
  facet normal 0.998784 0.0493064 0
    outer loop
      vertex 155.5 3 0
      vertex 155.515 2.69615 1.6
      vertex 155.515 2.69615 0
    endloop
  endfacet
  facet normal -0.594682 0.803961 0
    outer loop
      vertex 160.567 0.603667 0
      vertex 160.322 0.422443 1.6
      vertex 160.567 0.603667 1.6
    endloop
  endfacet
  facet normal -0.594682 0.803961 0
    outer loop
      vertex 160.322 0.422443 1.6
      vertex 160.567 0.603667 0
      vertex 160.322 0.422443 0
    endloop
  endfacet
  facet normal 0.941011 -0.338375 0
    outer loop
      vertex 155.633 3.89988 1.6
      vertex 155.736 4.18632 0
      vertex 155.736 4.18632 1.6
    endloop
  endfacet
  facet normal 0.941011 -0.338375 0
    outer loop
      vertex 155.736 4.18632 0
      vertex 155.633 3.89988 1.6
      vertex 155.633 3.89988 0
    endloop
  endfacet
  facet normal -0.42757 0.903982 0
    outer loop
      vertex 160.061 0.266044 0
      vertex 159.786 0.135973 1.6
      vertex 160.061 0.266044 1.6
    endloop
  endfacet
  facet normal -0.42757 0.903982 0
    outer loop
      vertex 159.786 0.135973 1.6
      vertex 160.061 0.266044 0
      vertex 159.786 0.135973 0
    endloop
  endfacet
  facet normal -0.970739 -0.240135 0
    outer loop
      vertex 161.64 3.60478 0
      vertex 161.567 3.89988 1.6
      vertex 161.567 3.89988 0
    endloop
  endfacet
  facet normal -0.970739 -0.240135 0
    outer loop
      vertex 161.567 3.89988 1.6
      vertex 161.64 3.60478 0
      vertex 161.64 3.60478 1.6
    endloop
  endfacet
  facet normal -0.337345 0.941381 0
    outer loop
      vertex 159.786 0.135973 0
      vertex 159.5 0.0334845 1.6
      vertex 159.786 0.135973 1.6
    endloop
  endfacet
  facet normal -0.337345 0.941381 0
    outer loop
      vertex 159.5 0.0334845 1.6
      vertex 159.786 0.135973 0
      vertex 159.5 0.0334845 0
    endloop
  endfacet
  facet normal -0.67223 -0.740342 0
    outer loop
      vertex 160.567 5.39633 0
      vertex 160.792 5.19203 1.6
      vertex 160.567 5.39633 1.6
    endloop
  endfacet
  facet normal -0.67223 -0.740342 -0
    outer loop
      vertex 160.792 5.19203 1.6
      vertex 160.567 5.39633 0
      vertex 160.792 5.19203 0
    endloop
  endfacet
  facet normal 0.33732 -0.94139 0
    outer loop
      vertex 157.414 5.86403 0
      vertex 157.7 5.96651 1.6
      vertex 157.414 5.86403 1.6
    endloop
  endfacet
  facet normal 0.33732 -0.94139 0
    outer loop
      vertex 157.7 5.96651 1.6
      vertex 157.414 5.86403 0
      vertex 157.7 5.96651 0
    endloop
  endfacet
  facet normal -0.243062 -0.970011 0
    outer loop
      vertex 159.205 6.04043 0
      vertex 159.5 5.96651 1.6
      vertex 159.205 6.04043 1.6
    endloop
  endfacet
  facet normal -0.243062 -0.970011 -0
    outer loop
      vertex 159.5 5.96651 1.6
      vertex 159.205 6.04043 0
      vertex 159.5 5.96651 0
    endloop
  endfacet
  facet normal -0.941011 0.338375 0
    outer loop
      vertex 161.464 1.81368 0
      vertex 161.567 2.10012 1.6
      vertex 161.567 2.10012 0
    endloop
  endfacet
  facet normal -0.941011 0.338375 0
    outer loop
      vertex 161.567 2.10012 1.6
      vertex 161.464 1.81368 0
      vertex 161.464 1.81368 1.6
    endloop
  endfacet
  facet normal -0.243057 0.970012 0
    outer loop
      vertex 159.5 0.0334845 0
      vertex 159.205 -0.0404339 1.6
      vertex 159.5 0.0334845 1.6
    endloop
  endfacet
  facet normal -0.243057 0.970012 0
    outer loop
      vertex 159.205 -0.0404339 1.6
      vertex 159.5 0.0334845 0
      vertex 159.205 -0.0404339 0
    endloop
  endfacet
  facet normal 0.337345 0.941381 -0
    outer loop
      vertex 157.7 0.0334845 0
      vertex 157.414 0.135973 1.6
      vertex 157.7 0.0334845 1.6
    endloop
  endfacet
  facet normal 0.337345 0.941381 0
    outer loop
      vertex 157.414 0.135973 1.6
      vertex 157.7 0.0334845 0
      vertex 157.414 0.135973 0
    endloop
  endfacet
  facet normal 0.85831 -0.513131 0
    outer loop
      vertex 155.866 4.46133 1.6
      vertex 156.022 4.72227 0
      vertex 156.022 4.72227 1.6
    endloop
  endfacet
  facet normal 0.85831 -0.513131 0
    outer loop
      vertex 156.022 4.72227 0
      vertex 155.866 4.46133 1.6
      vertex 155.866 4.46133 0
    endloop
  endfacet
  facet normal 0.672232 0.74034 -0
    outer loop
      vertex 156.633 0.603667 0
      vertex 156.408 0.807968 1.6
      vertex 156.633 0.603667 1.6
    endloop
  endfacet
  facet normal 0.672232 0.74034 0
    outer loop
      vertex 156.408 0.807968 1.6
      vertex 156.633 0.603667 0
      vertex 156.408 0.807968 0
    endloop
  endfacet
  facet normal -0.998784 -0.0493064 0
    outer loop
      vertex 161.7 3 0
      vertex 161.685 3.30385 1.6
      vertex 161.685 3.30385 0
    endloop
  endfacet
  facet normal -0.998784 -0.0493064 0
    outer loop
      vertex 161.685 3.30385 1.6
      vertex 161.7 3 0
      vertex 161.7 3 1.6
    endloop
  endfacet
  facet normal -0.989004 -0.147892 0
    outer loop
      vertex 161.685 3.30385 0
      vertex 161.64 3.60478 1.6
      vertex 161.64 3.60478 0
    endloop
  endfacet
  facet normal -0.989004 -0.147892 0
    outer loop
      vertex 161.64 3.60478 1.6
      vertex 161.685 3.30385 0
      vertex 161.685 3.30385 1.6
    endloop
  endfacet
  facet normal -0.85831 -0.513131 0
    outer loop
      vertex 161.334 4.46133 0
      vertex 161.178 4.72227 1.6
      vertex 161.178 4.72227 0
    endloop
  endfacet
  facet normal -0.85831 -0.513131 0
    outer loop
      vertex 161.178 4.72227 1.6
      vertex 161.334 4.46133 0
      vertex 161.334 4.46133 1.6
    endloop
  endfacet
  facet normal -0.741444 0.671014 0
    outer loop
      vertex 160.792 0.807968 0
      vertex 160.996 1.03338 1.6
      vertex 160.996 1.03338 0
    endloop
  endfacet
  facet normal -0.741444 0.671014 0
    outer loop
      vertex 160.996 1.03338 1.6
      vertex 160.792 0.807968 0
      vertex 160.792 0.807968 1.6
    endloop
  endfacet
  facet normal -0.514012 -0.857783 0
    outer loop
      vertex 160.061 5.73396 0
      vertex 160.322 5.57756 1.6
      vertex 160.061 5.73396 1.6
    endloop
  endfacet
  facet normal -0.514012 -0.857783 -0
    outer loop
      vertex 160.322 5.57756 1.6
      vertex 160.061 5.73396 0
      vertex 160.322 5.57756 0
    endloop
  endfacet
  facet normal -0.801985 0.597345 0
    outer loop
      vertex 160.996 1.03338 0
      vertex 161.178 1.27773 1.6
      vertex 161.178 1.27773 0
    endloop
  endfacet
  facet normal -0.801985 0.597345 0
    outer loop
      vertex 161.178 1.27773 1.6
      vertex 160.996 1.03338 0
      vertex 160.996 1.03338 1.6
    endloop
  endfacet
  facet normal 0.970739 0.240135 0
    outer loop
      vertex 155.633 2.10012 1.6
      vertex 155.56 2.39522 0
      vertex 155.56 2.39522 1.6
    endloop
  endfacet
  facet normal 0.970739 0.240135 0
    outer loop
      vertex 155.56 2.39522 0
      vertex 155.633 2.10012 1.6
      vertex 155.633 2.10012 0
    endloop
  endfacet
  facet normal 0.42757 0.903982 -0
    outer loop
      vertex 157.414 0.135973 0
      vertex 157.139 0.266044 1.6
      vertex 157.414 0.135973 1.6
    endloop
  endfacet
  facet normal 0.42757 0.903982 0
    outer loop
      vertex 157.139 0.266044 1.6
      vertex 157.414 0.135973 0
      vertex 157.139 0.266044 0
    endloop
  endfacet
  facet normal -0.801985 -0.597345 0
    outer loop
      vertex 161.178 4.72227 0
      vertex 160.996 4.96662 1.6
      vertex 160.996 4.96662 0
    endloop
  endfacet
  facet normal -0.801985 -0.597345 0
    outer loop
      vertex 160.996 4.96662 1.6
      vertex 161.178 4.72227 0
      vertex 161.178 4.72227 1.6
    endloop
  endfacet
  facet normal -0.146697 0.989182 0
    outer loop
      vertex 159.205 -0.0404339 0
      vertex 158.904 -0.0850725 1.6
      vertex 159.205 -0.0404339 1.6
    endloop
  endfacet
  facet normal -0.146697 0.989182 0
    outer loop
      vertex 158.904 -0.0850725 1.6
      vertex 159.205 -0.0404339 0
      vertex 158.904 -0.0850725 0
    endloop
  endfacet
  facet normal -0.85831 0.513131 0
    outer loop
      vertex 161.178 1.27773 0
      vertex 161.334 1.53867 1.6
      vertex 161.334 1.53867 0
    endloop
  endfacet
  facet normal -0.85831 0.513131 0
    outer loop
      vertex 161.334 1.53867 1.6
      vertex 161.178 1.27773 0
      vertex 161.178 1.27773 1.6
    endloop
  endfacet
  facet normal 0.594682 0.803961 -0
    outer loop
      vertex 156.878 0.422443 0
      vertex 156.633 0.603667 1.6
      vertex 156.878 0.422443 1.6
    endloop
  endfacet
  facet normal 0.594682 0.803961 0
    outer loop
      vertex 156.633 0.603667 1.6
      vertex 156.878 0.422443 0
      vertex 156.633 0.603667 0
    endloop
  endfacet
  facet normal 0.0490527 -0.998796 0
    outer loop
      vertex 158.296 6.08507 0
      vertex 158.6 6.1 1.6
      vertex 158.296 6.08507 1.6
    endloop
  endfacet
  facet normal 0.0490527 -0.998796 0
    outer loop
      vertex 158.6 6.1 1.6
      vertex 158.296 6.08507 0
      vertex 158.6 6.1 0
    endloop
  endfacet
  facet normal -0.741441 -0.671018 0
    outer loop
      vertex 160.996 4.96662 0
      vertex 160.792 5.19203 1.6
      vertex 160.792 5.19203 0
    endloop
  endfacet
  facet normal -0.741441 -0.671018 0
    outer loop
      vertex 160.792 5.19203 1.6
      vertex 160.996 4.96662 0
      vertex 160.996 4.96662 1.6
    endloop
  endfacet
  facet normal 0.0490426 0.998797 -0
    outer loop
      vertex 158.6 -0.0999994 0
      vertex 158.296 -0.0850725 1.6
      vertex 158.6 -0.0999994 1.6
    endloop
  endfacet
  facet normal 0.0490426 0.998797 0
    outer loop
      vertex 158.296 -0.0850725 1.6
      vertex 158.6 -0.0999994 0
      vertex 158.296 -0.0850725 0
    endloop
  endfacet
  facet normal -0.146701 -0.989181 0
    outer loop
      vertex 158.904 6.08507 0
      vertex 159.205 6.04043 1.6
      vertex 158.904 6.08507 1.6
    endloop
  endfacet
  facet normal -0.146701 -0.989181 -0
    outer loop
      vertex 159.205 6.04043 1.6
      vertex 158.904 6.08507 0
      vertex 159.205 6.04043 0
    endloop
  endfacet
  facet normal 0.243062 -0.970011 0
    outer loop
      vertex 157.7 5.96651 0
      vertex 157.995 6.04043 1.6
      vertex 157.7 5.96651 1.6
    endloop
  endfacet
  facet normal 0.243062 -0.970011 0
    outer loop
      vertex 157.995 6.04043 1.6
      vertex 157.7 5.96651 0
      vertex 157.995 6.04043 0
    endloop
  endfacet
  facet normal -0.672232 0.74034 0
    outer loop
      vertex 160.792 0.807968 0
      vertex 160.567 0.603667 1.6
      vertex 160.792 0.807968 1.6
    endloop
  endfacet
  facet normal -0.672232 0.74034 0
    outer loop
      vertex 160.567 0.603667 1.6
      vertex 160.792 0.807968 0
      vertex 160.567 0.603667 0
    endloop
  endfacet
  facet normal -0.0490426 0.998797 0
    outer loop
      vertex 158.904 -0.0850725 0
      vertex 158.6 -0.0999994 1.6
      vertex 158.904 -0.0850725 1.6
    endloop
  endfacet
  facet normal -0.0490426 0.998797 0
    outer loop
      vertex 158.6 -0.0999994 1.6
      vertex 158.904 -0.0850725 0
      vertex 158.6 -0.0999994 0
    endloop
  endfacet
  facet normal 0.904078 -0.427367 0
    outer loop
      vertex 155.736 4.18632 1.6
      vertex 155.866 4.46133 0
      vertex 155.866 4.46133 1.6
    endloop
  endfacet
  facet normal 0.904078 -0.427367 0
    outer loop
      vertex 155.866 4.46133 0
      vertex 155.736 4.18632 1.6
      vertex 155.736 4.18632 0
    endloop
  endfacet
  facet normal -0.594695 -0.803952 0
    outer loop
      vertex 160.322 5.57756 0
      vertex 160.567 5.39633 1.6
      vertex 160.322 5.57756 1.6
    endloop
  endfacet
  facet normal -0.594695 -0.803952 -0
    outer loop
      vertex 160.567 5.39633 1.6
      vertex 160.322 5.57756 0
      vertex 160.567 5.39633 0
    endloop
  endfacet
  facet normal 0.741444 0.671014 0
    outer loop
      vertex 156.408 0.807968 1.6
      vertex 156.204 1.03338 0
      vertex 156.204 1.03338 1.6
    endloop
  endfacet
  facet normal 0.741444 0.671014 0
    outer loop
      vertex 156.204 1.03338 0
      vertex 156.408 0.807968 1.6
      vertex 156.408 0.807968 0
    endloop
  endfacet
  facet normal -0.0490527 -0.998796 0
    outer loop
      vertex 158.6 6.1 0
      vertex 158.904 6.08507 1.6
      vertex 158.6 6.1 1.6
    endloop
  endfacet
  facet normal -0.0490527 -0.998796 -0
    outer loop
      vertex 158.904 6.08507 1.6
      vertex 158.6 6.1 0
      vertex 158.904 6.08507 0
    endloop
  endfacet
  facet normal 0.146701 -0.989181 0
    outer loop
      vertex 157.995 6.04043 0
      vertex 158.296 6.08507 1.6
      vertex 157.995 6.04043 1.6
    endloop
  endfacet
  facet normal 0.146701 -0.989181 0
    outer loop
      vertex 158.296 6.08507 1.6
      vertex 157.995 6.04043 0
      vertex 158.296 6.08507 0
    endloop
  endfacet
  facet normal 0.146697 0.989182 -0
    outer loop
      vertex 158.296 -0.0850725 0
      vertex 157.995 -0.0404339 1.6
      vertex 158.296 -0.0850725 1.6
    endloop
  endfacet
  facet normal 0.146697 0.989182 0
    outer loop
      vertex 157.995 -0.0404339 1.6
      vertex 158.296 -0.0850725 0
      vertex 157.995 -0.0404339 0
    endloop
  endfacet
  facet normal 0.998784 -0.0493064 0
    outer loop
      vertex 155.5 3 1.6
      vertex 155.515 3.30385 0
      vertex 155.515 3.30385 1.6
    endloop
  endfacet
  facet normal 0.998784 -0.0493064 0
    outer loop
      vertex 155.515 3.30385 0
      vertex 155.5 3 1.6
      vertex 155.5 3 0
    endloop
  endfacet
  facet normal 0.741441 -0.671018 0
    outer loop
      vertex 156.204 4.96662 1.6
      vertex 156.408 5.19203 0
      vertex 156.408 5.19203 1.6
    endloop
  endfacet
  facet normal 0.741441 -0.671018 0
    outer loop
      vertex 156.408 5.19203 0
      vertex 156.204 4.96662 1.6
      vertex 156.204 4.96662 0
    endloop
  endfacet
  facet normal 0.67223 -0.740342 0
    outer loop
      vertex 156.408 5.19203 0
      vertex 156.633 5.39633 1.6
      vertex 156.408 5.19203 1.6
    endloop
  endfacet
  facet normal 0.67223 -0.740342 0
    outer loop
      vertex 156.633 5.39633 1.6
      vertex 156.408 5.19203 0
      vertex 156.633 5.39633 0
    endloop
  endfacet
  facet normal 0.427568 -0.903983 0
    outer loop
      vertex 157.139 5.73396 0
      vertex 157.414 5.86403 1.6
      vertex 157.139 5.73396 1.6
    endloop
  endfacet
  facet normal 0.427568 -0.903983 0
    outer loop
      vertex 157.414 5.86403 1.6
      vertex 157.139 5.73396 0
      vertex 157.414 5.86403 0
    endloop
  endfacet
  facet normal 0.989004 -0.147892 0
    outer loop
      vertex 155.515 3.30385 1.6
      vertex 155.56 3.60478 0
      vertex 155.56 3.60478 1.6
    endloop
  endfacet
  facet normal 0.989004 -0.147892 0
    outer loop
      vertex 155.56 3.60478 0
      vertex 155.515 3.30385 1.6
      vertex 155.515 3.30385 0
    endloop
  endfacet
  facet normal -0.33732 -0.94139 0
    outer loop
      vertex 159.5 5.96651 0
      vertex 159.786 5.86403 1.6
      vertex 159.5 5.96651 1.6
    endloop
  endfacet
  facet normal -0.33732 -0.94139 -0
    outer loop
      vertex 159.786 5.86403 1.6
      vertex 159.5 5.96651 0
      vertex 159.786 5.86403 0
    endloop
  endfacet
  facet normal -0.904078 -0.427367 0
    outer loop
      vertex 161.464 4.18632 0
      vertex 161.334 4.46133 1.6
      vertex 161.334 4.46133 0
    endloop
  endfacet
  facet normal -0.904078 -0.427367 0
    outer loop
      vertex 161.334 4.46133 1.6
      vertex 161.464 4.18632 0
      vertex 161.464 4.18632 1.6
    endloop
  endfacet
  facet normal -0.941011 -0.338375 0
    outer loop
      vertex 161.567 3.89988 0
      vertex 161.464 4.18632 1.6
      vertex 161.464 4.18632 0
    endloop
  endfacet
  facet normal -0.941011 -0.338375 0
    outer loop
      vertex 161.464 4.18632 1.6
      vertex 161.567 3.89988 0
      vertex 161.567 3.89988 1.6
    endloop
  endfacet
  facet normal 0.51401 0.857784 -0
    outer loop
      vertex 157.139 0.266044 0
      vertex 156.878 0.422443 1.6
      vertex 157.139 0.266044 1.6
    endloop
  endfacet
  facet normal 0.51401 0.857784 0
    outer loop
      vertex 156.878 0.422443 1.6
      vertex 157.139 0.266044 0
      vertex 156.878 0.422443 0
    endloop
  endfacet
  facet normal 0.989004 0.147892 0
    outer loop
      vertex 155.56 2.39522 1.6
      vertex 155.515 2.69615 0
      vertex 155.515 2.69615 1.6
    endloop
  endfacet
  facet normal 0.989004 0.147892 0
    outer loop
      vertex 155.515 2.69615 0
      vertex 155.56 2.39522 1.6
      vertex 155.56 2.39522 0
    endloop
  endfacet
  facet normal 0.904078 0.427367 0
    outer loop
      vertex 155.866 1.53867 1.6
      vertex 155.736 1.81368 0
      vertex 155.736 1.81368 1.6
    endloop
  endfacet
  facet normal 0.904078 0.427367 0
    outer loop
      vertex 155.736 1.81368 0
      vertex 155.866 1.53867 1.6
      vertex 155.866 1.53867 0
    endloop
  endfacet
  facet normal 0.85831 0.513131 0
    outer loop
      vertex 156.022 1.27773 1.6
      vertex 155.866 1.53867 0
      vertex 155.866 1.53867 1.6
    endloop
  endfacet
  facet normal 0.85831 0.513131 0
    outer loop
      vertex 155.866 1.53867 0
      vertex 156.022 1.27773 1.6
      vertex 156.022 1.27773 0
    endloop
  endfacet
  facet normal 0.941011 0.338375 0
    outer loop
      vertex 155.736 1.81368 1.6
      vertex 155.633 2.10012 0
      vertex 155.633 2.10012 1.6
    endloop
  endfacet
  facet normal 0.941011 0.338375 0
    outer loop
      vertex 155.633 2.10012 0
      vertex 155.736 1.81368 1.6
      vertex 155.736 1.81368 0
    endloop
  endfacet
  facet normal 0.989185 0.14667 0
    outer loop
      vertex -4.66733 -78.9317 3
      vertex -4.69181 -78.7666 1.6
      vertex -4.69181 -78.7666 3
    endloop
  endfacet
  facet normal 0.989185 0.14667 0
    outer loop
      vertex -4.69181 -78.7666 1.6
      vertex -4.66733 -78.9317 3
      vertex -4.66733 -78.9317 1.6
    endloop
  endfacet
  facet normal -0.989194 0.146612 0
    outer loop
      vertex -1.33266 -78.9317 1.6
      vertex -1.30819 -78.7666 3
      vertex -1.30819 -78.7666 1.6
    endloop
  endfacet
  facet normal -0.989194 0.146612 0
    outer loop
      vertex -1.30819 -78.7666 3
      vertex -1.33266 -78.9317 1.6
      vertex -1.33266 -78.9317 3
    endloop
  endfacet
  facet normal -0.998794 0.0491004 0
    outer loop
      vertex -1.30819 -78.7666 1.6
      vertex -1.3 -78.6 3
      vertex -1.3 -78.6 1.6
    endloop
  endfacet
  facet normal -0.998794 0.0491004 0
    outer loop
      vertex -1.3 -78.6 3
      vertex -1.30819 -78.7666 1.6
      vertex -1.30819 -78.7666 3
    endloop
  endfacet
  facet normal -0.970015 0.243043 0
    outer loop
      vertex -1.3732 -79.0935 1.6
      vertex -1.33266 -78.9317 3
      vertex -1.33266 -78.9317 1.6
    endloop
  endfacet
  facet normal -0.970015 0.243043 0
    outer loop
      vertex -1.33266 -78.9317 3
      vertex -1.3732 -79.0935 1.6
      vertex -1.3732 -79.0935 3
    endloop
  endfacet
  facet normal -0.336868 0.941552 0
    outer loop
      vertex -2.34944 -80.1706 1.6
      vertex -2.50652 -80.2268 3
      vertex -2.34944 -80.1706 3
    endloop
  endfacet
  facet normal -0.336868 0.941552 0
    outer loop
      vertex -2.50652 -80.2268 3
      vertex -2.34944 -80.1706 1.6
      vertex -2.50652 -80.2268 1.6
    endloop
  endfacet
  facet normal 0.97003 0.242987 0
    outer loop
      vertex -4.6268 -79.0935 3
      vertex -4.66733 -78.9317 1.6
      vertex -4.66733 -78.9317 3
    endloop
  endfacet
  facet normal 0.97003 0.242987 0
    outer loop
      vertex -4.66733 -78.9317 1.6
      vertex -4.6268 -79.0935 3
      vertex -4.6268 -79.0935 1.6
    endloop
  endfacet
  facet normal 0.941546 -0.336883 0
    outer loop
      vertex -4.6268 -78.1065 3
      vertex -4.57059 -77.9494 1.6
      vertex -4.57059 -77.9494 3
    endloop
  endfacet
  facet normal 0.941546 -0.336883 0
    outer loop
      vertex -4.57059 -77.9494 1.6
      vertex -4.6268 -78.1065 3
      vertex -4.6268 -78.1065 1.6
    endloop
  endfacet
  facet normal 0.242775 0.970083 -0
    outer loop
      vertex -3.33165 -80.2673 1.6
      vertex -3.49348 -80.2268 3
      vertex -3.33165 -80.2673 3
    endloop
  endfacet
  facet normal 0.242775 0.970083 0
    outer loop
      vertex -3.49348 -80.2268 3
      vertex -3.33165 -80.2673 1.6
      vertex -3.49348 -80.2268 1.6
    endloop
  endfacet
  facet normal 0.595772 0.803154 -0
    outer loop
      vertex -3.94447 -80.0135 1.6
      vertex -4.07847 -79.9141 3
      vertex -3.94447 -80.0135 3
    endloop
  endfacet
  facet normal 0.595772 0.803154 0
    outer loop
      vertex -4.07847 -79.9141 3
      vertex -3.94447 -80.0135 1.6
      vertex -4.07847 -79.9141 1.6
    endloop
  endfacet
  facet normal 0.671448 -0.741051 0
    outer loop
      vertex -4.20208 -77.3979 1.6
      vertex -4.07847 -77.2859 3
      vertex -4.20208 -77.3979 3
    endloop
  endfacet
  facet normal 0.671448 -0.741051 0
    outer loop
      vertex -4.07847 -77.2859 3
      vertex -4.20208 -77.3979 1.6
      vertex -4.07847 -77.2859 1.6
    endloop
  endfacet
  facet normal 0.903996 -0.42754 0
    outer loop
      vertex -4.57059 -77.9494 3
      vertex -4.49927 -77.7986 1.6
      vertex -4.49927 -77.7986 3
    endloop
  endfacet
  facet normal 0.903996 -0.42754 0
    outer loop
      vertex -4.49927 -77.7986 1.6
      vertex -4.57059 -77.9494 3
      vertex -4.57059 -77.9494 1.6
    endloop
  endfacet
  facet normal -0.146857 -0.989158 0
    outer loop
      vertex -2.83337 -76.9082 1.6
      vertex -2.66835 -76.9327 3
      vertex -2.83337 -76.9082 3
    endloop
  endfacet
  facet normal -0.146857 -0.989158 -0
    outer loop
      vertex -2.66835 -76.9327 3
      vertex -2.83337 -76.9082 1.6
      vertex -2.66835 -76.9327 1.6
    endloop
  endfacet
  facet normal -0.514258 -0.857636 0
    outer loop
      vertex -2.19862 -77.1007 1.6
      vertex -2.05553 -77.1865 3
      vertex -2.19862 -77.1007 3
    endloop
  endfacet
  facet normal -0.514258 -0.857636 -0
    outer loop
      vertex -2.05553 -77.1865 3
      vertex -2.19862 -77.1007 1.6
      vertex -2.05553 -77.1865 1.6
    endloop
  endfacet
  facet normal 0.0491513 0.998791 -0
    outer loop
      vertex -3 -80.3 1.6
      vertex -3.16663 -80.2918 3
      vertex -3 -80.3 3
    endloop
  endfacet
  facet normal 0.0491513 0.998791 0
    outer loop
      vertex -3.16663 -80.2918 3
      vertex -3 -80.3 1.6
      vertex -3.16663 -80.2918 1.6
    endloop
  endfacet
  facet normal -0.803211 -0.595695 0
    outer loop
      vertex -1.5865 -77.6555 1.6
      vertex -1.68588 -77.5215 3
      vertex -1.68588 -77.5215 1.6
    endloop
  endfacet
  facet normal -0.803211 -0.595695 0
    outer loop
      vertex -1.68588 -77.5215 3
      vertex -1.5865 -77.6555 1.6
      vertex -1.5865 -77.6555 3
    endloop
  endfacet
  facet normal -0.242775 -0.970083 0
    outer loop
      vertex -2.66835 -76.9327 1.6
      vertex -2.50652 -76.9732 3
      vertex -2.66835 -76.9327 3
    endloop
  endfacet
  facet normal -0.242775 -0.970083 -0
    outer loop
      vertex -2.50652 -76.9732 3
      vertex -2.66835 -76.9327 1.6
      vertex -2.50652 -76.9732 1.6
    endloop
  endfacet
  facet normal 0.427419 -0.904054 0
    outer loop
      vertex -3.80137 -77.1007 1.6
      vertex -3.65056 -77.0294 3
      vertex -3.80137 -77.1007 3
    endloop
  endfacet
  facet normal 0.427419 -0.904054 0
    outer loop
      vertex -3.65056 -77.0294 3
      vertex -3.80137 -77.1007 1.6
      vertex -3.65056 -77.0294 1.6
    endloop
  endfacet
  facet normal 0.0491513 -0.998791 0
    outer loop
      vertex -3.16663 -76.9082 1.6
      vertex -3 -76.9 3
      vertex -3.16663 -76.9082 3
    endloop
  endfacet
  facet normal 0.0491513 -0.998791 0
    outer loop
      vertex -3 -76.9 3
      vertex -3.16663 -76.9082 1.6
      vertex -3 -76.9 1.6
    endloop
  endfacet
  facet normal -0.989194 -0.146612 0
    outer loop
      vertex -1.30819 -78.4334 1.6
      vertex -1.33266 -78.2683 3
      vertex -1.33266 -78.2683 1.6
    endloop
  endfacet
  facet normal -0.989194 -0.146612 0
    outer loop
      vertex -1.33266 -78.2683 3
      vertex -1.30819 -78.4334 1.6
      vertex -1.30819 -78.4334 3
    endloop
  endfacet
  facet normal 0.146857 -0.989158 0
    outer loop
      vertex -3.33165 -76.9327 1.6
      vertex -3.16663 -76.9082 3
      vertex -3.33165 -76.9327 3
    endloop
  endfacet
  facet normal 0.146857 -0.989158 0
    outer loop
      vertex -3.16663 -76.9082 3
      vertex -3.33165 -76.9327 1.6
      vertex -3.16663 -76.9082 1.6
    endloop
  endfacet
  facet normal -0.427396 0.904065 0
    outer loop
      vertex -2.19862 -80.0993 1.6
      vertex -2.34944 -80.1706 3
      vertex -2.19862 -80.0993 3
    endloop
  endfacet
  facet normal -0.427396 0.904065 0
    outer loop
      vertex -2.34944 -80.1706 3
      vertex -2.19862 -80.0993 1.6
      vertex -2.34944 -80.1706 1.6
    endloop
  endfacet
  facet normal 0.857731 0.514099 0
    outer loop
      vertex -4.4135 -79.5445 3
      vertex -4.49927 -79.4014 1.6
      vertex -4.49927 -79.4014 3
    endloop
  endfacet
  facet normal 0.857731 0.514099 0
    outer loop
      vertex -4.49927 -79.4014 1.6
      vertex -4.4135 -79.5445 3
      vertex -4.4135 -79.5445 1.6
    endloop
  endfacet
  facet normal 0.903996 0.42754 0
    outer loop
      vertex -4.49927 -79.4014 3
      vertex -4.57059 -79.2506 1.6
      vertex -4.57059 -79.2506 3
    endloop
  endfacet
  facet normal 0.903996 0.42754 0
    outer loop
      vertex -4.57059 -79.2506 1.6
      vertex -4.49927 -79.4014 3
      vertex -4.49927 -79.4014 1.6
    endloop
  endfacet
  facet normal 0.97003 -0.242987 0
    outer loop
      vertex -4.66733 -78.2683 3
      vertex -4.6268 -78.1065 1.6
      vertex -4.6268 -78.1065 3
    endloop
  endfacet
  facet normal 0.97003 -0.242987 0
    outer loop
      vertex -4.6268 -78.1065 1.6
      vertex -4.66733 -78.2683 3
      vertex -4.66733 -78.2683 1.6
    endloop
  endfacet
  facet normal -0.970015 -0.243043 0
    outer loop
      vertex -1.33266 -78.2683 1.6
      vertex -1.3732 -78.1065 3
      vertex -1.3732 -78.1065 1.6
    endloop
  endfacet
  facet normal -0.970015 -0.243043 0
    outer loop
      vertex -1.3732 -78.1065 3
      vertex -1.33266 -78.2683 1.6
      vertex -1.33266 -78.2683 3
    endloop
  endfacet
  facet normal 0.427419 0.904054 -0
    outer loop
      vertex -3.65056 -80.1706 1.6
      vertex -3.80137 -80.0993 3
      vertex -3.65056 -80.1706 3
    endloop
  endfacet
  facet normal 0.427419 0.904054 0
    outer loop
      vertex -3.80137 -80.0993 3
      vertex -3.65056 -80.1706 1.6
      vertex -3.80137 -80.0993 1.6
    endloop
  endfacet
  facet normal 0.671448 0.741051 -0
    outer loop
      vertex -4.07847 -79.9141 1.6
      vertex -4.20208 -79.8021 3
      vertex -4.07847 -79.9141 3
    endloop
  endfacet
  facet normal 0.671448 0.741051 0
    outer loop
      vertex -4.20208 -79.8021 3
      vertex -4.07847 -79.9141 1.6
      vertex -4.20208 -79.8021 1.6
    endloop
  endfacet
  facet normal -0.336868 -0.941552 0
    outer loop
      vertex -2.50652 -76.9732 1.6
      vertex -2.34944 -77.0294 3
      vertex -2.50652 -76.9732 3
    endloop
  endfacet
  facet normal -0.336868 -0.941552 -0
    outer loop
      vertex -2.34944 -77.0294 3
      vertex -2.50652 -76.9732 1.6
      vertex -2.34944 -77.0294 1.6
    endloop
  endfacet
  facet normal 0.336868 0.941552 -0
    outer loop
      vertex -3.49348 -80.2268 1.6
      vertex -3.65056 -80.1706 3
      vertex -3.49348 -80.2268 3
    endloop
  endfacet
  facet normal 0.336868 0.941552 0
    outer loop
      vertex -3.65056 -80.1706 3
      vertex -3.49348 -80.2268 1.6
      vertex -3.65056 -80.1706 1.6
    endloop
  endfacet
  facet normal -0.803211 0.595695 0
    outer loop
      vertex -1.68588 -79.6785 1.6
      vertex -1.5865 -79.5445 3
      vertex -1.5865 -79.5445 1.6
    endloop
  endfacet
  facet normal -0.803211 0.595695 0
    outer loop
      vertex -1.5865 -79.5445 3
      vertex -1.68588 -79.6785 1.6
      vertex -1.68588 -79.6785 3
    endloop
  endfacet
  facet normal -0.998794 -0.0491004 0
    outer loop
      vertex -1.3 -78.6 1.6
      vertex -1.30819 -78.4334 3
      vertex -1.30819 -78.4334 1.6
    endloop
  endfacet
  facet normal -0.998794 -0.0491004 0
    outer loop
      vertex -1.30819 -78.4334 3
      vertex -1.3 -78.6 1.6
      vertex -1.3 -78.6 3
    endloop
  endfacet
  facet normal -0.903973 -0.427589 0
    outer loop
      vertex -1.4294 -77.9494 1.6
      vertex -1.50073 -77.7986 3
      vertex -1.50073 -77.7986 1.6
    endloop
  endfacet
  facet normal -0.903973 -0.427589 0
    outer loop
      vertex -1.50073 -77.7986 3
      vertex -1.4294 -77.9494 1.6
      vertex -1.4294 -77.9494 3
    endloop
  endfacet
  facet normal -0.857731 0.514099 0
    outer loop
      vertex -1.5865 -79.5445 1.6
      vertex -1.50073 -79.4014 3
      vertex -1.50073 -79.4014 1.6
    endloop
  endfacet
  facet normal -0.857731 0.514099 0
    outer loop
      vertex -1.50073 -79.4014 3
      vertex -1.5865 -79.5445 1.6
      vertex -1.5865 -79.5445 3
    endloop
  endfacet
  facet normal -0.740905 0.67161 0
    outer loop
      vertex -1.79792 -79.8021 1.6
      vertex -1.68588 -79.6785 3
      vertex -1.68588 -79.6785 1.6
    endloop
  endfacet
  facet normal -0.740905 0.67161 0
    outer loop
      vertex -1.68588 -79.6785 3
      vertex -1.79792 -79.8021 1.6
      vertex -1.79792 -79.8021 3
    endloop
  endfacet
  facet normal 0.803211 0.595695 0
    outer loop
      vertex -4.31412 -79.6785 3
      vertex -4.4135 -79.5445 1.6
      vertex -4.4135 -79.5445 3
    endloop
  endfacet
  facet normal 0.803211 0.595695 0
    outer loop
      vertex -4.4135 -79.5445 1.6
      vertex -4.31412 -79.6785 3
      vertex -4.31412 -79.6785 1.6
    endloop
  endfacet
  facet normal -0.146857 0.989158 0
    outer loop
      vertex -2.66835 -80.2673 1.6
      vertex -2.83337 -80.2918 3
      vertex -2.66835 -80.2673 3
    endloop
  endfacet
  facet normal -0.146857 0.989158 0
    outer loop
      vertex -2.83337 -80.2918 3
      vertex -2.66835 -80.2673 1.6
      vertex -2.83337 -80.2918 1.6
    endloop
  endfacet
  facet normal 0.595772 -0.803154 0
    outer loop
      vertex -4.07847 -77.2859 1.6
      vertex -3.94447 -77.1865 3
      vertex -4.07847 -77.2859 3
    endloop
  endfacet
  facet normal 0.595772 -0.803154 0
    outer loop
      vertex -3.94447 -77.1865 3
      vertex -4.07847 -77.2859 1.6
      vertex -3.94447 -77.1865 1.6
    endloop
  endfacet
  facet normal -0.595772 0.803154 0
    outer loop
      vertex -1.92153 -79.9141 1.6
      vertex -2.05553 -80.0135 3
      vertex -1.92153 -79.9141 3
    endloop
  endfacet
  facet normal -0.595772 0.803154 0
    outer loop
      vertex -2.05553 -80.0135 3
      vertex -1.92153 -79.9141 1.6
      vertex -2.05553 -80.0135 1.6
    endloop
  endfacet
  facet normal -0.514258 0.857636 0
    outer loop
      vertex -2.05553 -80.0135 1.6
      vertex -2.19862 -80.0993 3
      vertex -2.05553 -80.0135 3
    endloop
  endfacet
  facet normal -0.514258 0.857636 0
    outer loop
      vertex -2.19862 -80.0993 3
      vertex -2.05553 -80.0135 1.6
      vertex -2.19862 -80.0993 1.6
    endloop
  endfacet
  facet normal -0.0491513 -0.998791 0
    outer loop
      vertex -3 -76.9 1.6
      vertex -2.83337 -76.9082 3
      vertex -3 -76.9 3
    endloop
  endfacet
  facet normal -0.0491513 -0.998791 -0
    outer loop
      vertex -2.83337 -76.9082 3
      vertex -3 -76.9 1.6
      vertex -2.83337 -76.9082 1.6
    endloop
  endfacet
  facet normal -0.941566 0.33683 0
    outer loop
      vertex -1.4294 -79.2506 1.6
      vertex -1.3732 -79.0935 3
      vertex -1.3732 -79.0935 1.6
    endloop
  endfacet
  facet normal -0.941566 0.33683 0
    outer loop
      vertex -1.3732 -79.0935 3
      vertex -1.4294 -79.2506 1.6
      vertex -1.4294 -79.2506 3
    endloop
  endfacet
  facet normal -0.857731 -0.514099 0
    outer loop
      vertex -1.50073 -77.7986 1.6
      vertex -1.5865 -77.6555 3
      vertex -1.5865 -77.6555 1.6
    endloop
  endfacet
  facet normal -0.857731 -0.514099 0
    outer loop
      vertex -1.5865 -77.6555 3
      vertex -1.50073 -77.7986 1.6
      vertex -1.50073 -77.7986 3
    endloop
  endfacet
  facet normal -0.671448 0.741051 0
    outer loop
      vertex -1.79792 -79.8021 1.6
      vertex -1.92153 -79.9141 3
      vertex -1.79792 -79.8021 3
    endloop
  endfacet
  facet normal -0.671448 0.741051 0
    outer loop
      vertex -1.92153 -79.9141 3
      vertex -1.79792 -79.8021 1.6
      vertex -1.92153 -79.9141 1.6
    endloop
  endfacet
  facet normal -0.941566 -0.33683 0
    outer loop
      vertex -1.3732 -78.1065 1.6
      vertex -1.4294 -77.9494 3
      vertex -1.4294 -77.9494 1.6
    endloop
  endfacet
  facet normal -0.941566 -0.33683 0
    outer loop
      vertex -1.4294 -77.9494 3
      vertex -1.3732 -78.1065 1.6
      vertex -1.3732 -78.1065 3
    endloop
  endfacet
  facet normal -0.903973 0.427589 0
    outer loop
      vertex -1.50073 -79.4014 1.6
      vertex -1.4294 -79.2506 3
      vertex -1.4294 -79.2506 1.6
    endloop
  endfacet
  facet normal -0.903973 0.427589 0
    outer loop
      vertex -1.4294 -79.2506 3
      vertex -1.50073 -79.4014 1.6
      vertex -1.50073 -79.4014 3
    endloop
  endfacet
  facet normal -0.0491513 0.998791 0
    outer loop
      vertex -2.83337 -80.2918 1.6
      vertex -3 -80.3 3
      vertex -2.83337 -80.2918 3
    endloop
  endfacet
  facet normal -0.0491513 0.998791 0
    outer loop
      vertex -3 -80.3 3
      vertex -2.83337 -80.2918 1.6
      vertex -3 -80.3 1.6
    endloop
  endfacet
  facet normal 0.242775 -0.970083 0
    outer loop
      vertex -3.49348 -76.9732 1.6
      vertex -3.33165 -76.9327 3
      vertex -3.49348 -76.9732 3
    endloop
  endfacet
  facet normal 0.242775 -0.970083 0
    outer loop
      vertex -3.33165 -76.9327 3
      vertex -3.49348 -76.9732 1.6
      vertex -3.33165 -76.9327 1.6
    endloop
  endfacet
  facet normal 0.740905 0.67161 0
    outer loop
      vertex -4.20208 -79.8021 3
      vertex -4.31412 -79.6785 1.6
      vertex -4.31412 -79.6785 3
    endloop
  endfacet
  facet normal 0.740905 0.67161 0
    outer loop
      vertex -4.31412 -79.6785 1.6
      vertex -4.20208 -79.8021 3
      vertex -4.20208 -79.8021 1.6
    endloop
  endfacet
  facet normal 0.857731 -0.514099 0
    outer loop
      vertex -4.49927 -77.7986 3
      vertex -4.4135 -77.6555 1.6
      vertex -4.4135 -77.6555 3
    endloop
  endfacet
  facet normal 0.857731 -0.514099 0
    outer loop
      vertex -4.4135 -77.6555 1.6
      vertex -4.49927 -77.7986 3
      vertex -4.49927 -77.7986 1.6
    endloop
  endfacet
  facet normal 0.146857 0.989158 -0
    outer loop
      vertex -3.16663 -80.2918 1.6
      vertex -3.33165 -80.2673 3
      vertex -3.16663 -80.2918 3
    endloop
  endfacet
  facet normal 0.146857 0.989158 0
    outer loop
      vertex -3.33165 -80.2673 3
      vertex -3.16663 -80.2918 1.6
      vertex -3.33165 -80.2673 1.6
    endloop
  endfacet
  facet normal 0.989185 -0.14667 0
    outer loop
      vertex -4.69181 -78.4334 3
      vertex -4.66733 -78.2683 1.6
      vertex -4.66733 -78.2683 3
    endloop
  endfacet
  facet normal 0.989185 -0.14667 0
    outer loop
      vertex -4.66733 -78.2683 1.6
      vertex -4.69181 -78.4334 3
      vertex -4.69181 -78.4334 1.6
    endloop
  endfacet
  facet normal 0.740905 -0.67161 0
    outer loop
      vertex -4.31412 -77.5215 3
      vertex -4.20208 -77.3979 1.6
      vertex -4.20208 -77.3979 3
    endloop
  endfacet
  facet normal 0.740905 -0.67161 0
    outer loop
      vertex -4.20208 -77.3979 1.6
      vertex -4.31412 -77.5215 3
      vertex -4.31412 -77.5215 1.6
    endloop
  endfacet
  facet normal 0.803211 -0.595695 0
    outer loop
      vertex -4.4135 -77.6555 3
      vertex -4.31412 -77.5215 1.6
      vertex -4.31412 -77.5215 3
    endloop
  endfacet
  facet normal 0.803211 -0.595695 0
    outer loop
      vertex -4.31412 -77.5215 1.6
      vertex -4.4135 -77.6555 3
      vertex -4.4135 -77.6555 1.6
    endloop
  endfacet
  facet normal -0.427396 -0.904065 0
    outer loop
      vertex -2.34944 -77.0294 1.6
      vertex -2.19862 -77.1007 3
      vertex -2.34944 -77.0294 3
    endloop
  endfacet
  facet normal -0.427396 -0.904065 -0
    outer loop
      vertex -2.19862 -77.1007 3
      vertex -2.34944 -77.0294 1.6
      vertex -2.19862 -77.1007 1.6
    endloop
  endfacet
  facet normal 0.336868 -0.941552 0
    outer loop
      vertex -3.65056 -77.0294 1.6
      vertex -3.49348 -76.9732 3
      vertex -3.65056 -77.0294 3
    endloop
  endfacet
  facet normal 0.336868 -0.941552 0
    outer loop
      vertex -3.49348 -76.9732 3
      vertex -3.65056 -77.0294 1.6
      vertex -3.49348 -76.9732 1.6
    endloop
  endfacet
  facet normal 0.998794 -0.0491004 0
    outer loop
      vertex -4.7 -78.6 3
      vertex -4.69181 -78.4334 1.6
      vertex -4.69181 -78.4334 3
    endloop
  endfacet
  facet normal 0.998794 -0.0491004 0
    outer loop
      vertex -4.69181 -78.4334 1.6
      vertex -4.7 -78.6 3
      vertex -4.7 -78.6 1.6
    endloop
  endfacet
  facet normal -0.242775 0.970083 0
    outer loop
      vertex -2.50652 -80.2268 1.6
      vertex -2.66835 -80.2673 3
      vertex -2.50652 -80.2268 3
    endloop
  endfacet
  facet normal -0.242775 0.970083 0
    outer loop
      vertex -2.66835 -80.2673 3
      vertex -2.50652 -80.2268 1.6
      vertex -2.66835 -80.2673 1.6
    endloop
  endfacet
  facet normal -0.595772 -0.803154 0
    outer loop
      vertex -2.05553 -77.1865 1.6
      vertex -1.92153 -77.2859 3
      vertex -2.05553 -77.1865 3
    endloop
  endfacet
  facet normal -0.595772 -0.803154 -0
    outer loop
      vertex -1.92153 -77.2859 3
      vertex -2.05553 -77.1865 1.6
      vertex -1.92153 -77.2859 1.6
    endloop
  endfacet
  facet normal 0.514231 0.857652 -0
    outer loop
      vertex -3.80137 -80.0993 1.6
      vertex -3.94447 -80.0135 3
      vertex -3.80137 -80.0993 3
    endloop
  endfacet
  facet normal 0.514231 0.857652 0
    outer loop
      vertex -3.94447 -80.0135 3
      vertex -3.80137 -80.0993 1.6
      vertex -3.94447 -80.0135 1.6
    endloop
  endfacet
  facet normal 0.514231 -0.857652 0
    outer loop
      vertex -3.94447 -77.1865 1.6
      vertex -3.80137 -77.1007 3
      vertex -3.94447 -77.1865 3
    endloop
  endfacet
  facet normal 0.514231 -0.857652 0
    outer loop
      vertex -3.80137 -77.1007 3
      vertex -3.94447 -77.1865 1.6
      vertex -3.80137 -77.1007 1.6
    endloop
  endfacet
  facet normal 0.941546 0.336883 0
    outer loop
      vertex -4.57059 -79.2506 3
      vertex -4.6268 -79.0935 1.6
      vertex -4.6268 -79.0935 3
    endloop
  endfacet
  facet normal 0.941546 0.336883 0
    outer loop
      vertex -4.6268 -79.0935 1.6
      vertex -4.57059 -79.2506 3
      vertex -4.57059 -79.2506 1.6
    endloop
  endfacet
  facet normal 0.998794 0.0491004 0
    outer loop
      vertex -4.69181 -78.7666 3
      vertex -4.7 -78.6 1.6
      vertex -4.7 -78.6 3
    endloop
  endfacet
  facet normal 0.998794 0.0491004 0
    outer loop
      vertex -4.7 -78.6 1.6
      vertex -4.69181 -78.7666 3
      vertex -4.69181 -78.7666 1.6
    endloop
  endfacet
  facet normal -0.740905 -0.67161 0
    outer loop
      vertex -1.68588 -77.5215 1.6
      vertex -1.79792 -77.3979 3
      vertex -1.79792 -77.3979 1.6
    endloop
  endfacet
  facet normal -0.740905 -0.67161 0
    outer loop
      vertex -1.79792 -77.3979 3
      vertex -1.68588 -77.5215 1.6
      vertex -1.68588 -77.5215 3
    endloop
  endfacet
  facet normal -0.671448 -0.741051 0
    outer loop
      vertex -1.92153 -77.2859 1.6
      vertex -1.79792 -77.3979 3
      vertex -1.92153 -77.2859 3
    endloop
  endfacet
  facet normal -0.671448 -0.741051 -0
    outer loop
      vertex -1.79792 -77.3979 3
      vertex -1.92153 -77.2859 1.6
      vertex -1.79792 -77.3979 1.6
    endloop
  endfacet
  facet normal -0.989174 0.146744 0
    outer loop
      vertex 0.0404339 -79.2048 0
      vertex 0.0850725 -78.9039 1.6
      vertex 0.0850725 -78.9039 0
    endloop
  endfacet
  facet normal -0.989174 0.146744 0
    outer loop
      vertex 0.0850725 -78.9039 1.6
      vertex 0.0404339 -79.2048 0
      vertex 0.0404339 -79.2048 1.6
    endloop
  endfacet
  facet normal -0.998796 0.0490587 0
    outer loop
      vertex 0.0850725 -78.9039 0
      vertex 0.0999994 -78.6 1.6
      vertex 0.0999994 -78.6 0
    endloop
  endfacet
  facet normal -0.998796 0.0490587 0
    outer loop
      vertex 0.0999994 -78.6 1.6
      vertex 0.0850725 -78.9039 0
      vertex 0.0850725 -78.9039 1.6
    endloop
  endfacet
  facet normal -0.970031 0.242979 0
    outer loop
      vertex -0.0334845 -79.4999 0
      vertex 0.0404339 -79.2048 1.6
      vertex 0.0404339 -79.2048 0
    endloop
  endfacet
  facet normal -0.970031 0.242979 0
    outer loop
      vertex 0.0404339 -79.2048 1.6
      vertex -0.0334845 -79.4999 0
      vertex -0.0334845 -79.4999 1.6
    endloop
  endfacet
  facet normal -0.998796 -0.0490587 0
    outer loop
      vertex 0.0999994 -78.6 0
      vertex 0.0850725 -78.2961 1.6
      vertex 0.0850725 -78.2961 0
    endloop
  endfacet
  facet normal -0.998796 -0.0490587 0
    outer loop
      vertex 0.0850725 -78.2961 1.6
      vertex 0.0999994 -78.6 0
      vertex 0.0999994 -78.6 1.6
    endloop
  endfacet
  facet normal -0.857784 0.51401 0
    outer loop
      vertex -0.422443 -80.3223 0
      vertex -0.266044 -80.0613 1.6
      vertex -0.266044 -80.0613 0
    endloop
  endfacet
  facet normal -0.857784 0.51401 0
    outer loop
      vertex -0.266044 -80.0613 1.6
      vertex -0.422443 -80.3223 0
      vertex -0.422443 -80.3223 1.6
    endloop
  endfacet
  facet normal 0.595864 -0.803085 0
    outer loop
      vertex -4.96662 -76.2037 0
      vertex -4.72227 -76.0224 1.6
      vertex -4.96662 -76.2037 1.6
    endloop
  endfacet
  facet normal 0.595864 -0.803085 0
    outer loop
      vertex -4.72227 -76.0224 1.6
      vertex -4.96662 -76.2037 0
      vertex -4.72227 -76.0224 0
    endloop
  endfacet
  facet normal 0.595864 0.803085 -0
    outer loop
      vertex -4.72227 -81.1776 0
      vertex -4.96662 -80.9963 1.6
      vertex -4.72227 -81.1776 1.6
    endloop
  endfacet
  facet normal 0.595864 0.803085 0
    outer loop
      vertex -4.96662 -80.9963 1.6
      vertex -4.72227 -81.1776 0
      vertex -4.96662 -80.9963 0
    endloop
  endfacet
  facet normal 0.242922 -0.970046 0
    outer loop
      vertex -3.89988 -75.6335 0
      vertex -3.60478 -75.5596 1.6
      vertex -3.89988 -75.6335 1.6
    endloop
  endfacet
  facet normal 0.242922 -0.970046 0
    outer loop
      vertex -3.60478 -75.5596 1.6
      vertex -3.89988 -75.6335 0
      vertex -3.60478 -75.5596 0
    endloop
  endfacet
  facet normal -0.146927 0.989147 0
    outer loop
      vertex -2.39522 -81.6404 0
      vertex -2.69615 -81.6851 1.6
      vertex -2.39522 -81.6404 1.6
    endloop
  endfacet
  facet normal -0.146927 0.989147 0
    outer loop
      vertex -2.69615 -81.6851 1.6
      vertex -2.39522 -81.6404 0
      vertex -2.69615 -81.6851 0
    endloop
  endfacet
  facet normal -0.857784 -0.51401 0
    outer loop
      vertex -0.266044 -77.1387 0
      vertex -0.422443 -76.8777 1.6
      vertex -0.422443 -76.8777 0
    endloop
  endfacet
  facet normal -0.857784 -0.51401 0
    outer loop
      vertex -0.422443 -76.8777 1.6
      vertex -0.266044 -77.1387 0
      vertex -0.266044 -77.1387 1.6
    endloop
  endfacet
  facet normal 0.146927 0.989147 -0
    outer loop
      vertex -3.30385 -81.6851 0
      vertex -3.60478 -81.6404 1.6
      vertex -3.30385 -81.6851 1.6
    endloop
  endfacet
  facet normal 0.146927 0.989147 0
    outer loop
      vertex -3.60478 -81.6404 1.6
      vertex -3.30385 -81.6851 0
      vertex -3.60478 -81.6404 0
    endloop
  endfacet
  facet normal -0.242922 0.970046 0
    outer loop
      vertex -2.10012 -81.5665 0
      vertex -2.39522 -81.6404 1.6
      vertex -2.10012 -81.5665 1.6
    endloop
  endfacet
  facet normal -0.242922 0.970046 0
    outer loop
      vertex -2.39522 -81.6404 1.6
      vertex -2.10012 -81.5665 0
      vertex -2.39522 -81.6404 0
    endloop
  endfacet
  facet normal -0.336919 -0.941534 0
    outer loop
      vertex -2.10012 -75.6335 0
      vertex -1.81368 -75.736 1.6
      vertex -2.10012 -75.6335 1.6
    endloop
  endfacet
  facet normal -0.336919 -0.941534 -0
    outer loop
      vertex -1.81368 -75.736 1.6
      vertex -2.10012 -75.6335 0
      vertex -1.81368 -75.736 0
    endloop
  endfacet
  facet normal 0.989174 -0.146749 0
    outer loop
      vertex -6.08507 -78.2961 1.6
      vertex -6.04043 -77.9952 0
      vertex -6.04043 -77.9952 1.6
    endloop
  endfacet
  facet normal 0.989174 -0.146749 0
    outer loop
      vertex -6.04043 -77.9952 0
      vertex -6.08507 -78.2961 1.6
      vertex -6.08507 -78.2961 0
    endloop
  endfacet
  facet normal 0.740936 -0.671576 0
    outer loop
      vertex -5.39633 -76.6334 1.6
      vertex -5.19203 -76.408 0
      vertex -5.19203 -76.408 1.6
    endloop
  endfacet
  facet normal 0.740936 -0.671576 0
    outer loop
      vertex -5.19203 -76.408 0
      vertex -5.39633 -76.6334 1.6
      vertex -5.39633 -76.6334 0
    endloop
  endfacet
  facet normal -0.0489785 0.9988 0
    outer loop
      vertex -2.69615 -81.6851 0
      vertex -3 -81.7 1.6
      vertex -2.69615 -81.6851 1.6
    endloop
  endfacet
  facet normal -0.0489785 0.9988 0
    outer loop
      vertex -3 -81.7 1.6
      vertex -2.69615 -81.6851 0
      vertex -3 -81.7 0
    endloop
  endfacet
  facet normal 0.989174 0.146749 0
    outer loop
      vertex -6.04043 -79.2048 1.6
      vertex -6.08507 -78.9039 0
      vertex -6.08507 -78.9039 1.6
    endloop
  endfacet
  facet normal 0.989174 0.146749 0
    outer loop
      vertex -6.08507 -78.9039 0
      vertex -6.04043 -79.2048 1.6
      vertex -6.04043 -79.2048 0
    endloop
  endfacet
  facet normal -0.941531 0.336928 0
    outer loop
      vertex -0.135973 -79.7863 0
      vertex -0.0334845 -79.4999 1.6
      vertex -0.0334845 -79.4999 0
    endloop
  endfacet
  facet normal -0.941531 0.336928 0
    outer loop
      vertex -0.0334845 -79.4999 1.6
      vertex -0.135973 -79.7863 0
      vertex -0.135973 -79.7863 1.6
    endloop
  endfacet
  facet normal 0.671559 -0.740951 0
    outer loop
      vertex -5.19203 -76.408 0
      vertex -4.96662 -76.2037 1.6
      vertex -5.19203 -76.408 1.6
    endloop
  endfacet
  facet normal 0.671559 -0.740951 0
    outer loop
      vertex -4.96662 -76.2037 1.6
      vertex -5.19203 -76.408 0
      vertex -4.96662 -76.2037 0
    endloop
  endfacet
  facet normal 0.146927 -0.989147 0
    outer loop
      vertex -3.60478 -75.5596 0
      vertex -3.30385 -75.5149 1.6
      vertex -3.60478 -75.5596 1.6
    endloop
  endfacet
  facet normal 0.146927 -0.989147 0
    outer loop
      vertex -3.30385 -75.5149 1.6
      vertex -3.60478 -75.5596 0
      vertex -3.30385 -75.5149 0
    endloop
  endfacet
  facet normal -0.514099 0.857731 0
    outer loop
      vertex -1.27773 -81.1776 0
      vertex -1.53867 -81.334 1.6
      vertex -1.27773 -81.1776 1.6
    endloop
  endfacet
  facet normal -0.514099 0.857731 0
    outer loop
      vertex -1.53867 -81.334 1.6
      vertex -1.27773 -81.1776 0
      vertex -1.53867 -81.334 0
    endloop
  endfacet
  facet normal 0.941539 -0.336903 0
    outer loop
      vertex -5.96651 -77.7001 1.6
      vertex -5.86403 -77.4137 0
      vertex -5.86403 -77.4137 1.6
    endloop
  endfacet
  facet normal 0.941539 -0.336903 0
    outer loop
      vertex -5.86403 -77.4137 0
      vertex -5.96651 -77.7001 1.6
      vertex -5.96651 -77.7001 0
    endloop
  endfacet
  facet normal 0.857783 0.514012 0
    outer loop
      vertex -5.57756 -80.3223 1.6
      vertex -5.73396 -80.0613 0
      vertex -5.73396 -80.0613 1.6
    endloop
  endfacet
  facet normal 0.857783 0.514012 0
    outer loop
      vertex -5.73396 -80.0613 0
      vertex -5.57756 -80.3223 1.6
      vertex -5.57756 -80.3223 0
    endloop
  endfacet
  facet normal -0.336919 0.941534 0
    outer loop
      vertex -1.81368 -81.464 0
      vertex -2.10012 -81.5665 1.6
      vertex -1.81368 -81.464 1.6
    endloop
  endfacet
  facet normal -0.336919 0.941534 0
    outer loop
      vertex -2.10012 -81.5665 1.6
      vertex -1.81368 -81.464 0
      vertex -2.10012 -81.5665 0
    endloop
  endfacet
  facet normal -0.970031 -0.242979 0
    outer loop
      vertex 0.0404339 -77.9952 0
      vertex -0.0334845 -77.7001 1.6
      vertex -0.0334845 -77.7001 0
    endloop
  endfacet
  facet normal -0.970031 -0.242979 0
    outer loop
      vertex -0.0334845 -77.7001 1.6
      vertex 0.0404339 -77.9952 0
      vertex 0.0404339 -77.9952 1.6
    endloop
  endfacet
  facet normal 0.336919 0.941534 -0
    outer loop
      vertex -3.89988 -81.5665 0
      vertex -4.18632 -81.464 1.6
      vertex -3.89988 -81.5665 1.6
    endloop
  endfacet
  facet normal 0.336919 0.941534 0
    outer loop
      vertex -4.18632 -81.464 1.6
      vertex -3.89988 -81.5665 0
      vertex -4.18632 -81.464 0
    endloop
  endfacet
  facet normal 0.803137 -0.595794 0
    outer loop
      vertex -5.57756 -76.8777 1.6
      vertex -5.39633 -76.6334 0
      vertex -5.39633 -76.6334 1.6
    endloop
  endfacet
  facet normal 0.803137 -0.595794 0
    outer loop
      vertex -5.39633 -76.6334 0
      vertex -5.57756 -76.8777 1.6
      vertex -5.57756 -76.8777 0
    endloop
  endfacet
  facet normal 0.998795 0.0490688 0
    outer loop
      vertex -6.08507 -78.9039 1.6
      vertex -6.1 -78.6 0
      vertex -6.1 -78.6 1.6
    endloop
  endfacet
  facet normal 0.998795 0.0490688 0
    outer loop
      vertex -6.1 -78.6 0
      vertex -6.08507 -78.9039 1.6
      vertex -6.08507 -78.9039 0
    endloop
  endfacet
  facet normal -0.903982 0.42757 0
    outer loop
      vertex -0.266044 -80.0613 0
      vertex -0.135973 -79.7863 1.6
      vertex -0.135973 -79.7863 0
    endloop
  endfacet
  facet normal -0.903982 0.42757 0
    outer loop
      vertex -0.135973 -79.7863 1.6
      vertex -0.266044 -80.0613 0
      vertex -0.266044 -80.0613 1.6
    endloop
  endfacet
  facet normal -0.671556 0.740954 0
    outer loop
      vertex -0.807968 -80.792 0
      vertex -1.03338 -80.9963 1.6
      vertex -0.807968 -80.792 1.6
    endloop
  endfacet
  facet normal -0.671556 0.740954 0
    outer loop
      vertex -1.03338 -80.9963 1.6
      vertex -0.807968 -80.792 0
      vertex -1.03338 -80.9963 0
    endloop
  endfacet
  facet normal 0.803137 0.595794 0
    outer loop
      vertex -5.39633 -80.5666 1.6
      vertex -5.57756 -80.3223 0
      vertex -5.57756 -80.3223 1.6
    endloop
  endfacet
  facet normal 0.803137 0.595794 0
    outer loop
      vertex -5.57756 -80.3223 0
      vertex -5.39633 -80.5666 1.6
      vertex -5.39633 -80.5666 0
    endloop
  endfacet
  facet normal -0.803147 -0.595782 0
    outer loop
      vertex -0.422443 -76.8777 0
      vertex -0.603667 -76.6334 1.6
      vertex -0.603667 -76.6334 0
    endloop
  endfacet
  facet normal -0.803147 -0.595782 0
    outer loop
      vertex -0.603667 -76.6334 1.6
      vertex -0.422443 -76.8777 0
      vertex -0.422443 -76.8777 1.6
    endloop
  endfacet
  facet normal 0.740936 0.671576 0
    outer loop
      vertex -5.19203 -80.792 1.6
      vertex -5.39633 -80.5666 0
      vertex -5.39633 -80.5666 1.6
    endloop
  endfacet
  facet normal 0.740936 0.671576 0
    outer loop
      vertex -5.39633 -80.5666 0
      vertex -5.19203 -80.792 1.6
      vertex -5.19203 -80.792 0
    endloop
  endfacet
  facet normal -0.903982 -0.42757 0
    outer loop
      vertex -0.135973 -77.4137 0
      vertex -0.266044 -77.1387 1.6
      vertex -0.266044 -77.1387 0
    endloop
  endfacet
  facet normal -0.903982 -0.42757 0
    outer loop
      vertex -0.266044 -77.1387 1.6
      vertex -0.135973 -77.4137 0
      vertex -0.135973 -77.4137 1.6
    endloop
  endfacet
  facet normal -0.427367 -0.904078 0
    outer loop
      vertex -1.81368 -75.736 0
      vertex -1.53867 -75.866 1.6
      vertex -1.81368 -75.736 1.6
    endloop
  endfacet
  facet normal -0.427367 -0.904078 -0
    outer loop
      vertex -1.53867 -75.866 1.6
      vertex -1.81368 -75.736 0
      vertex -1.53867 -75.866 0
    endloop
  endfacet
  facet normal 0.336919 -0.941534 0
    outer loop
      vertex -4.18632 -75.736 0
      vertex -3.89988 -75.6335 1.6
      vertex -4.18632 -75.736 1.6
    endloop
  endfacet
  facet normal 0.336919 -0.941534 0
    outer loop
      vertex -3.89988 -75.6335 1.6
      vertex -4.18632 -75.736 0
      vertex -3.89988 -75.6335 0
    endloop
  endfacet
  facet normal 0.514099 0.857731 -0
    outer loop
      vertex -4.46133 -81.334 0
      vertex -4.72227 -81.1776 1.6
      vertex -4.46133 -81.334 1.6
    endloop
  endfacet
  facet normal 0.514099 0.857731 0
    outer loop
      vertex -4.72227 -81.1776 1.6
      vertex -4.46133 -81.334 0
      vertex -4.72227 -81.1776 0
    endloop
  endfacet
  facet normal 0.427367 0.904078 -0
    outer loop
      vertex -4.18632 -81.464 0
      vertex -4.46133 -81.334 1.6
      vertex -4.18632 -81.464 1.6
    endloop
  endfacet
  facet normal 0.427367 0.904078 0
    outer loop
      vertex -4.46133 -81.334 1.6
      vertex -4.18632 -81.464 0
      vertex -4.46133 -81.334 0
    endloop
  endfacet
  facet normal -0.427367 0.904078 0
    outer loop
      vertex -1.53867 -81.334 0
      vertex -1.81368 -81.464 1.6
      vertex -1.53867 -81.334 1.6
    endloop
  endfacet
  facet normal -0.427367 0.904078 0
    outer loop
      vertex -1.81368 -81.464 1.6
      vertex -1.53867 -81.334 0
      vertex -1.81368 -81.464 0
    endloop
  endfacet
  facet normal 0.242922 0.970046 -0
    outer loop
      vertex -3.60478 -81.6404 0
      vertex -3.89988 -81.5665 1.6
      vertex -3.60478 -81.6404 1.6
    endloop
  endfacet
  facet normal 0.242922 0.970046 0
    outer loop
      vertex -3.89988 -81.5665 1.6
      vertex -3.60478 -81.6404 0
      vertex -3.89988 -81.5665 0
    endloop
  endfacet
  facet normal 0.97003 0.242984 0
    outer loop
      vertex -5.96651 -79.4999 1.6
      vertex -6.04043 -79.2048 0
      vertex -6.04043 -79.2048 1.6
    endloop
  endfacet
  facet normal 0.97003 0.242984 0
    outer loop
      vertex -6.04043 -79.2048 0
      vertex -5.96651 -79.4999 1.6
      vertex -5.96651 -79.4999 0
    endloop
  endfacet
  facet normal 0.941539 0.336903 0
    outer loop
      vertex -5.86403 -79.7863 1.6
      vertex -5.96651 -79.4999 0
      vertex -5.96651 -79.4999 1.6
    endloop
  endfacet
  facet normal 0.941539 0.336903 0
    outer loop
      vertex -5.96651 -79.4999 0
      vertex -5.86403 -79.7863 1.6
      vertex -5.86403 -79.7863 0
    endloop
  endfacet
  facet normal -0.595864 0.803085 0
    outer loop
      vertex -1.03338 -80.9963 0
      vertex -1.27773 -81.1776 1.6
      vertex -1.03338 -80.9963 1.6
    endloop
  endfacet
  facet normal -0.595864 0.803085 0
    outer loop
      vertex -1.27773 -81.1776 1.6
      vertex -1.03338 -80.9963 0
      vertex -1.27773 -81.1776 0
    endloop
  endfacet
  facet normal -0.989174 -0.146744 0
    outer loop
      vertex 0.0850725 -78.2961 0
      vertex 0.0404339 -77.9952 1.6
      vertex 0.0404339 -77.9952 0
    endloop
  endfacet
  facet normal -0.989174 -0.146744 0
    outer loop
      vertex 0.0404339 -77.9952 1.6
      vertex 0.0850725 -78.2961 0
      vertex 0.0850725 -78.2961 1.6
    endloop
  endfacet
  facet normal 0.0489785 0.9988 -0
    outer loop
      vertex -3 -81.7 0
      vertex -3.30385 -81.6851 1.6
      vertex -3 -81.7 1.6
    endloop
  endfacet
  facet normal 0.0489785 0.9988 0
    outer loop
      vertex -3.30385 -81.6851 1.6
      vertex -3 -81.7 0
      vertex -3.30385 -81.6851 0
    endloop
  endfacet
  facet normal 0.514099 -0.857731 0
    outer loop
      vertex -4.72227 -76.0224 0
      vertex -4.46133 -75.866 1.6
      vertex -4.72227 -76.0224 1.6
    endloop
  endfacet
  facet normal 0.514099 -0.857731 0
    outer loop
      vertex -4.46133 -75.866 1.6
      vertex -4.72227 -76.0224 0
      vertex -4.46133 -75.866 0
    endloop
  endfacet
  facet normal 0.903983 -0.427568 0
    outer loop
      vertex -5.86403 -77.4137 1.6
      vertex -5.73396 -77.1387 0
      vertex -5.73396 -77.1387 1.6
    endloop
  endfacet
  facet normal 0.903983 -0.427568 0
    outer loop
      vertex -5.73396 -77.1387 0
      vertex -5.86403 -77.4137 1.6
      vertex -5.86403 -77.4137 0
    endloop
  endfacet
  facet normal 0.671559 0.740951 -0
    outer loop
      vertex -4.96662 -80.9963 0
      vertex -5.19203 -80.792 1.6
      vertex -4.96662 -80.9963 1.6
    endloop
  endfacet
  facet normal 0.671559 0.740951 0
    outer loop
      vertex -5.19203 -80.792 1.6
      vertex -4.96662 -80.9963 0
      vertex -5.19203 -80.792 0
    endloop
  endfacet
  facet normal 0.97003 -0.242984 0
    outer loop
      vertex -6.04043 -77.9952 1.6
      vertex -5.96651 -77.7001 0
      vertex -5.96651 -77.7001 1.6
    endloop
  endfacet
  facet normal 0.97003 -0.242984 0
    outer loop
      vertex -5.96651 -77.7001 0
      vertex -6.04043 -77.9952 1.6
      vertex -6.04043 -77.9952 0
    endloop
  endfacet
  facet normal -0.146927 -0.989147 0
    outer loop
      vertex -2.69615 -75.5149 0
      vertex -2.39522 -75.5596 1.6
      vertex -2.69615 -75.5149 1.6
    endloop
  endfacet
  facet normal -0.146927 -0.989147 -0
    outer loop
      vertex -2.39522 -75.5596 1.6
      vertex -2.69615 -75.5149 0
      vertex -2.39522 -75.5596 0
    endloop
  endfacet
  facet normal -0.242922 -0.970046 0
    outer loop
      vertex -2.39522 -75.5596 0
      vertex -2.10012 -75.6335 1.6
      vertex -2.39522 -75.5596 1.6
    endloop
  endfacet
  facet normal -0.242922 -0.970046 -0
    outer loop
      vertex -2.10012 -75.6335 1.6
      vertex -2.39522 -75.5596 0
      vertex -2.10012 -75.6335 0
    endloop
  endfacet
  facet normal -0.740934 -0.671578 0
    outer loop
      vertex -0.603667 -76.6334 0
      vertex -0.807968 -76.408 1.6
      vertex -0.807968 -76.408 0
    endloop
  endfacet
  facet normal -0.740934 -0.671578 0
    outer loop
      vertex -0.807968 -76.408 1.6
      vertex -0.603667 -76.6334 0
      vertex -0.603667 -76.6334 1.6
    endloop
  endfacet
  facet normal -0.803147 0.595782 0
    outer loop
      vertex -0.603667 -80.5666 0
      vertex -0.422443 -80.3223 1.6
      vertex -0.422443 -80.3223 0
    endloop
  endfacet
  facet normal -0.803147 0.595782 0
    outer loop
      vertex -0.422443 -80.3223 1.6
      vertex -0.603667 -80.5666 0
      vertex -0.603667 -80.5666 1.6
    endloop
  endfacet
  facet normal -0.740934 0.671578 0
    outer loop
      vertex -0.807968 -80.792 0
      vertex -0.603667 -80.5666 1.6
      vertex -0.603667 -80.5666 0
    endloop
  endfacet
  facet normal -0.740934 0.671578 0
    outer loop
      vertex -0.603667 -80.5666 1.6
      vertex -0.807968 -80.792 0
      vertex -0.807968 -80.792 1.6
    endloop
  endfacet
  facet normal 0.0489785 -0.9988 0
    outer loop
      vertex -3.30385 -75.5149 0
      vertex -3 -75.5 1.6
      vertex -3.30385 -75.5149 1.6
    endloop
  endfacet
  facet normal 0.0489785 -0.9988 0
    outer loop
      vertex -3 -75.5 1.6
      vertex -3.30385 -75.5149 0
      vertex -3 -75.5 0
    endloop
  endfacet
  facet normal -0.0489785 -0.9988 0
    outer loop
      vertex -3 -75.5 0
      vertex -2.69615 -75.5149 1.6
      vertex -3 -75.5 1.6
    endloop
  endfacet
  facet normal -0.0489785 -0.9988 -0
    outer loop
      vertex -2.69615 -75.5149 1.6
      vertex -3 -75.5 0
      vertex -2.69615 -75.5149 0
    endloop
  endfacet
  facet normal 0.998795 -0.0490688 0
    outer loop
      vertex -6.1 -78.6 1.6
      vertex -6.08507 -78.2961 0
      vertex -6.08507 -78.2961 1.6
    endloop
  endfacet
  facet normal 0.998795 -0.0490688 0
    outer loop
      vertex -6.08507 -78.2961 0
      vertex -6.1 -78.6 1.6
      vertex -6.1 -78.6 0
    endloop
  endfacet
  facet normal -0.941531 -0.336928 0
    outer loop
      vertex -0.0334845 -77.7001 0
      vertex -0.135973 -77.4137 1.6
      vertex -0.135973 -77.4137 0
    endloop
  endfacet
  facet normal -0.941531 -0.336928 0
    outer loop
      vertex -0.135973 -77.4137 1.6
      vertex -0.0334845 -77.7001 0
      vertex -0.0334845 -77.7001 1.6
    endloop
  endfacet
  facet normal -0.595864 -0.803085 0
    outer loop
      vertex -1.27773 -76.0224 0
      vertex -1.03338 -76.2037 1.6
      vertex -1.27773 -76.0224 1.6
    endloop
  endfacet
  facet normal -0.595864 -0.803085 -0
    outer loop
      vertex -1.03338 -76.2037 1.6
      vertex -1.27773 -76.0224 0
      vertex -1.03338 -76.2037 0
    endloop
  endfacet
  facet normal -0.514099 -0.857731 0
    outer loop
      vertex -1.53867 -75.866 0
      vertex -1.27773 -76.0224 1.6
      vertex -1.53867 -75.866 1.6
    endloop
  endfacet
  facet normal -0.514099 -0.857731 -0
    outer loop
      vertex -1.27773 -76.0224 1.6
      vertex -1.53867 -75.866 0
      vertex -1.27773 -76.0224 0
    endloop
  endfacet
  facet normal 0.903983 0.427568 0
    outer loop
      vertex -5.73396 -80.0613 1.6
      vertex -5.86403 -79.7863 0
      vertex -5.86403 -79.7863 1.6
    endloop
  endfacet
  facet normal 0.903983 0.427568 0
    outer loop
      vertex -5.86403 -79.7863 0
      vertex -5.73396 -80.0613 1.6
      vertex -5.73396 -80.0613 0
    endloop
  endfacet
  facet normal 0.857783 -0.514012 0
    outer loop
      vertex -5.73396 -77.1387 1.6
      vertex -5.57756 -76.8777 0
      vertex -5.57756 -76.8777 1.6
    endloop
  endfacet
  facet normal 0.857783 -0.514012 0
    outer loop
      vertex -5.57756 -76.8777 0
      vertex -5.73396 -77.1387 1.6
      vertex -5.73396 -77.1387 0
    endloop
  endfacet
  facet normal 0.427367 -0.904078 0
    outer loop
      vertex -4.46133 -75.866 0
      vertex -4.18632 -75.736 1.6
      vertex -4.46133 -75.866 1.6
    endloop
  endfacet
  facet normal 0.427367 -0.904078 0
    outer loop
      vertex -4.18632 -75.736 1.6
      vertex -4.46133 -75.866 0
      vertex -4.18632 -75.736 0
    endloop
  endfacet
  facet normal -0.671556 -0.740954 0
    outer loop
      vertex -1.03338 -76.2037 0
      vertex -0.807968 -76.408 1.6
      vertex -1.03338 -76.2037 1.6
    endloop
  endfacet
  facet normal -0.671556 -0.740954 -0
    outer loop
      vertex -0.807968 -76.408 1.6
      vertex -1.03338 -76.2037 0
      vertex -0.807968 -76.408 0
    endloop
  endfacet
  facet normal 0 0 -1
    outer loop
      vertex -1.3 -78.6 1.6
      vertex 0.0999994 -78.6 1.6
      vertex 0.0850725 -78.9039 1.6
    endloop
  endfacet
  facet normal 0 0 -1
    outer loop
      vertex -1.30819 -78.7666 1.6
      vertex 0.0850725 -78.9039 1.6
      vertex 0.0404339 -79.2048 1.6
    endloop
  endfacet
  facet normal 0 0 -1
    outer loop
      vertex 0.0999994 -78.6 1.6
      vertex -1.3 -78.6 1.6
      vertex 0.0850725 -78.2961 1.6
    endloop
  endfacet
  facet normal 0 0 -1
    outer loop
      vertex -1.33266 -78.9317 1.6
      vertex 0.0404339 -79.2048 1.6
      vertex -0.0334845 -79.4999 1.6
    endloop
  endfacet
  facet normal 0 0 -1
    outer loop
      vertex -1.30819 -78.4334 1.6
      vertex 0.0850725 -78.2961 1.6
      vertex -1.3 -78.6 1.6
    endloop
  endfacet
  facet normal 0 0 -1
    outer loop
      vertex -1.3732 -79.0935 1.6
      vertex -0.0334845 -79.4999 1.6
      vertex -0.135973 -79.7863 1.6
    endloop
  endfacet
  facet normal -0 0 -1
    outer loop
      vertex 0.0850725 -78.2961 1.6
      vertex -1.30819 -78.4334 1.6
      vertex 0.0404339 -77.9952 1.6
    endloop
  endfacet
  facet normal 0 0 -1
    outer loop
      vertex -1.4294 -79.2506 1.6
      vertex -0.135973 -79.7863 1.6
      vertex -0.266044 -80.0613 1.6
    endloop
  endfacet
  facet normal 0 0 -1
    outer loop
      vertex -1.33266 -78.2683 1.6
      vertex 0.0404339 -77.9952 1.6
      vertex -1.30819 -78.4334 1.6
    endloop
  endfacet
  facet normal 0 0 -1
    outer loop
      vertex -1.50073 -79.4014 1.6
      vertex -0.266044 -80.0613 1.6
      vertex -0.422443 -80.3223 1.6
    endloop
  endfacet
  facet normal -0 0 -1
    outer loop
      vertex 0.0404339 -77.9952 1.6
      vertex -1.33266 -78.2683 1.6
      vertex -0.0334845 -77.7001 1.6
    endloop
  endfacet
  facet normal 0 0 -1
    outer loop
      vertex -1.5865 -79.5445 1.6
      vertex -0.422443 -80.3223 1.6
      vertex -0.603667 -80.5666 1.6
    endloop
  endfacet
  facet normal 0 0 -1
    outer loop
      vertex -1.3732 -78.1065 1.6
      vertex -0.0334845 -77.7001 1.6
      vertex -1.33266 -78.2683 1.6
    endloop
  endfacet
  facet normal 0 0 -1
    outer loop
      vertex -1.68588 -79.6785 1.6
      vertex -0.603667 -80.5666 1.6
      vertex -0.807968 -80.792 1.6
    endloop
  endfacet
  facet normal -0 0 -1
    outer loop
      vertex -0.0334845 -77.7001 1.6
      vertex -1.3732 -78.1065 1.6
      vertex -0.135973 -77.4137 1.6
    endloop
  endfacet
  facet normal 0 0 -1
    outer loop
      vertex -1.79792 -79.8021 1.6
      vertex -0.807968 -80.792 1.6
      vertex -1.03338 -80.9963 1.6
    endloop
  endfacet
  facet normal 0 0 -1
    outer loop
      vertex -1.4294 -77.9494 1.6
      vertex -0.135973 -77.4137 1.6
      vertex -1.3732 -78.1065 1.6
    endloop
  endfacet
  facet normal 0 0 -1
    outer loop
      vertex -1.92153 -79.9141 1.6
      vertex -1.03338 -80.9963 1.6
      vertex -1.27773 -81.1776 1.6
    endloop
  endfacet
  facet normal -0 0 -1
    outer loop
      vertex -0.135973 -77.4137 1.6
      vertex -1.4294 -77.9494 1.6
      vertex -0.266044 -77.1387 1.6
    endloop
  endfacet
  facet normal 0 0 -1
    outer loop
      vertex -1.50073 -77.7986 1.6
      vertex -0.266044 -77.1387 1.6
      vertex -1.4294 -77.9494 1.6
    endloop
  endfacet
  facet normal 0 0 -1
    outer loop
      vertex 0.0850725 -78.9039 1.6
      vertex -1.30819 -78.7666 1.6
      vertex -1.3 -78.6 1.6
    endloop
  endfacet
  facet normal 0 0 -1
    outer loop
      vertex 0.0404339 -79.2048 1.6
      vertex -1.33266 -78.9317 1.6
      vertex -1.30819 -78.7666 1.6
    endloop
  endfacet
  facet normal 0 0 -1
    outer loop
      vertex -0.0334845 -79.4999 1.6
      vertex -1.3732 -79.0935 1.6
      vertex -1.33266 -78.9317 1.6
    endloop
  endfacet
  facet normal 0 0 -1
    outer loop
      vertex -0.135973 -79.7863 1.6
      vertex -1.4294 -79.2506 1.6
      vertex -1.3732 -79.0935 1.6
    endloop
  endfacet
  facet normal 0 0 -1
    outer loop
      vertex -0.266044 -80.0613 1.6
      vertex -1.50073 -79.4014 1.6
      vertex -1.4294 -79.2506 1.6
    endloop
  endfacet
  facet normal 0 0 -1
    outer loop
      vertex -2.05553 -80.0135 1.6
      vertex -1.27773 -81.1776 1.6
      vertex -1.53867 -81.334 1.6
    endloop
  endfacet
  facet normal 0 0 -1
    outer loop
      vertex -0.422443 -80.3223 1.6
      vertex -1.5865 -79.5445 1.6
      vertex -1.50073 -79.4014 1.6
    endloop
  endfacet
  facet normal 0 0 -1
    outer loop
      vertex -0.603667 -80.5666 1.6
      vertex -1.68588 -79.6785 1.6
      vertex -1.5865 -79.5445 1.6
    endloop
  endfacet
  facet normal 0 0 -1
    outer loop
      vertex -0.807968 -80.792 1.6
      vertex -1.79792 -79.8021 1.6
      vertex -1.68588 -79.6785 1.6
    endloop
  endfacet
  facet normal 0 0 -1
    outer loop
      vertex -2.19862 -80.0993 1.6
      vertex -1.53867 -81.334 1.6
      vertex -1.81368 -81.464 1.6
    endloop
  endfacet
  facet normal 0 0 -1
    outer loop
      vertex -1.03338 -80.9963 1.6
      vertex -1.92153 -79.9141 1.6
      vertex -1.79792 -79.8021 1.6
    endloop
  endfacet
  facet normal 0 0 -1
    outer loop
      vertex -1.27773 -81.1776 1.6
      vertex -2.05553 -80.0135 1.6
      vertex -1.92153 -79.9141 1.6
    endloop
  endfacet
  facet normal 0 0 -1
    outer loop
      vertex -2.34944 -80.1706 1.6
      vertex -1.81368 -81.464 1.6
      vertex -2.10012 -81.5665 1.6
    endloop
  endfacet
  facet normal 0 0 -1
    outer loop
      vertex -1.53867 -81.334 1.6
      vertex -2.19862 -80.0993 1.6
      vertex -2.05553 -80.0135 1.6
    endloop
  endfacet
  facet normal 0 0 -1
    outer loop
      vertex -1.81368 -81.464 1.6
      vertex -2.34944 -80.1706 1.6
      vertex -2.19862 -80.0993 1.6
    endloop
  endfacet
  facet normal 0 0 -1
    outer loop
      vertex -2.50652 -80.2268 1.6
      vertex -2.10012 -81.5665 1.6
      vertex -2.39522 -81.6404 1.6
    endloop
  endfacet
  facet normal 0 0 -1
    outer loop
      vertex -2.10012 -81.5665 1.6
      vertex -2.50652 -80.2268 1.6
      vertex -2.34944 -80.1706 1.6
    endloop
  endfacet
  facet normal 0 0 -1
    outer loop
      vertex -2.39522 -81.6404 1.6
      vertex -2.66835 -80.2673 1.6
      vertex -2.50652 -80.2268 1.6
    endloop
  endfacet
  facet normal 0 0 -1
    outer loop
      vertex -2.69615 -81.6851 1.6
      vertex -2.66835 -80.2673 1.6
      vertex -2.39522 -81.6404 1.6
    endloop
  endfacet
  facet normal 0 0 -1
    outer loop
      vertex -2.69615 -81.6851 1.6
      vertex -2.83337 -80.2918 1.6
      vertex -2.66835 -80.2673 1.6
    endloop
  endfacet
  facet normal 0 0 -1
    outer loop
      vertex -3 -81.7 1.6
      vertex -2.83337 -80.2918 1.6
      vertex -2.69615 -81.6851 1.6
    endloop
  endfacet
  facet normal 0 0 -1
    outer loop
      vertex -3 -81.7 1.6
      vertex -3 -80.3 1.6
      vertex -2.83337 -80.2918 1.6
    endloop
  endfacet
  facet normal 0 0 -1
    outer loop
      vertex -3 -81.7 1.6
      vertex -3.16663 -80.2918 1.6
      vertex -3 -80.3 1.6
    endloop
  endfacet
  facet normal 0 0 -1
    outer loop
      vertex -3.30385 -81.6851 1.6
      vertex -3.16663 -80.2918 1.6
      vertex -3 -81.7 1.6
    endloop
  endfacet
  facet normal 0 0 -1
    outer loop
      vertex -3.30385 -81.6851 1.6
      vertex -3.33165 -80.2673 1.6
      vertex -3.16663 -80.2918 1.6
    endloop
  endfacet
  facet normal 0 0 -1
    outer loop
      vertex -3.60478 -81.6404 1.6
      vertex -3.33165 -80.2673 1.6
      vertex -3.30385 -81.6851 1.6
    endloop
  endfacet
  facet normal -0 0 -1
    outer loop
      vertex -3.33165 -80.2673 1.6
      vertex -3.60478 -81.6404 1.6
      vertex -3.49348 -80.2268 1.6
    endloop
  endfacet
  facet normal 0 0 -1
    outer loop
      vertex -3.89988 -81.5665 1.6
      vertex -3.49348 -80.2268 1.6
      vertex -3.60478 -81.6404 1.6
    endloop
  endfacet
  facet normal -0 0 -1
    outer loop
      vertex -3.49348 -80.2268 1.6
      vertex -3.89988 -81.5665 1.6
      vertex -3.65056 -80.1706 1.6
    endloop
  endfacet
  facet normal 0 0 -1
    outer loop
      vertex -4.18632 -81.464 1.6
      vertex -3.65056 -80.1706 1.6
      vertex -3.89988 -81.5665 1.6
    endloop
  endfacet
  facet normal -0 0 -1
    outer loop
      vertex -3.65056 -80.1706 1.6
      vertex -4.18632 -81.464 1.6
      vertex -3.80137 -80.0993 1.6
    endloop
  endfacet
  facet normal 0 0 -1
    outer loop
      vertex -4.46133 -81.334 1.6
      vertex -3.80137 -80.0993 1.6
      vertex -4.18632 -81.464 1.6
    endloop
  endfacet
  facet normal -0 0 -1
    outer loop
      vertex -3.80137 -80.0993 1.6
      vertex -4.46133 -81.334 1.6
      vertex -3.94447 -80.0135 1.6
    endloop
  endfacet
  facet normal 0 0 -1
    outer loop
      vertex -4.72227 -81.1776 1.6
      vertex -3.94447 -80.0135 1.6
      vertex -4.46133 -81.334 1.6
    endloop
  endfacet
  facet normal -0 0 -1
    outer loop
      vertex -3.94447 -80.0135 1.6
      vertex -4.72227 -81.1776 1.6
      vertex -4.07847 -79.9141 1.6
    endloop
  endfacet
  facet normal 0 0 -1
    outer loop
      vertex -4.96662 -80.9963 1.6
      vertex -4.07847 -79.9141 1.6
      vertex -4.72227 -81.1776 1.6
    endloop
  endfacet
  facet normal -0 0 -1
    outer loop
      vertex -4.07847 -79.9141 1.6
      vertex -4.96662 -80.9963 1.6
      vertex -4.20208 -79.8021 1.6
    endloop
  endfacet
  facet normal 0 0 -1
    outer loop
      vertex -5.19203 -80.792 1.6
      vertex -4.20208 -79.8021 1.6
      vertex -4.96662 -80.9963 1.6
    endloop
  endfacet
  facet normal -0 0 -1
    outer loop
      vertex -4.20208 -79.8021 1.6
      vertex -5.19203 -80.792 1.6
      vertex -4.31412 -79.6785 1.6
    endloop
  endfacet
  facet normal 0 0 -1
    outer loop
      vertex -5.39633 -80.5666 1.6
      vertex -4.31412 -79.6785 1.6
      vertex -5.19203 -80.792 1.6
    endloop
  endfacet
  facet normal -0 0 -1
    outer loop
      vertex -4.31412 -79.6785 1.6
      vertex -5.39633 -80.5666 1.6
      vertex -4.4135 -79.5445 1.6
    endloop
  endfacet
  facet normal 0 0 -1
    outer loop
      vertex -5.57756 -80.3223 1.6
      vertex -4.4135 -79.5445 1.6
      vertex -5.39633 -80.5666 1.6
    endloop
  endfacet
  facet normal 0 0 -1
    outer loop
      vertex -5.73396 -80.0613 1.6
      vertex -4.49927 -79.4014 1.6
      vertex -5.57756 -80.3223 1.6
    endloop
  endfacet
  facet normal -0 0 -1
    outer loop
      vertex -4.4135 -79.5445 1.6
      vertex -5.57756 -80.3223 1.6
      vertex -4.49927 -79.4014 1.6
    endloop
  endfacet
  facet normal -0 0 -1
    outer loop
      vertex -0.266044 -77.1387 1.6
      vertex -1.50073 -77.7986 1.6
      vertex -0.422443 -76.8777 1.6
    endloop
  endfacet
  facet normal 0 0 -1
    outer loop
      vertex -1.5865 -77.6555 1.6
      vertex -0.422443 -76.8777 1.6
      vertex -1.50073 -77.7986 1.6
    endloop
  endfacet
  facet normal -0 0 -1
    outer loop
      vertex -0.422443 -76.8777 1.6
      vertex -1.5865 -77.6555 1.6
      vertex -0.603667 -76.6334 1.6
    endloop
  endfacet
  facet normal 0 0 -1
    outer loop
      vertex -1.68588 -77.5215 1.6
      vertex -0.603667 -76.6334 1.6
      vertex -1.5865 -77.6555 1.6
    endloop
  endfacet
  facet normal -0 0 -1
    outer loop
      vertex -0.603667 -76.6334 1.6
      vertex -1.68588 -77.5215 1.6
      vertex -0.807968 -76.408 1.6
    endloop
  endfacet
  facet normal 0 0 -1
    outer loop
      vertex -1.79792 -77.3979 1.6
      vertex -0.807968 -76.408 1.6
      vertex -1.68588 -77.5215 1.6
    endloop
  endfacet
  facet normal -0 0 -1
    outer loop
      vertex -0.807968 -76.408 1.6
      vertex -1.79792 -77.3979 1.6
      vertex -1.03338 -76.2037 1.6
    endloop
  endfacet
  facet normal 0 0 -1
    outer loop
      vertex -1.92153 -77.2859 1.6
      vertex -1.03338 -76.2037 1.6
      vertex -1.79792 -77.3979 1.6
    endloop
  endfacet
  facet normal -0 0 -1
    outer loop
      vertex -1.03338 -76.2037 1.6
      vertex -1.92153 -77.2859 1.6
      vertex -1.27773 -76.0224 1.6
    endloop
  endfacet
  facet normal 0 0 -1
    outer loop
      vertex -2.05553 -77.1865 1.6
      vertex -1.27773 -76.0224 1.6
      vertex -1.92153 -77.2859 1.6
    endloop
  endfacet
  facet normal -0 0 -1
    outer loop
      vertex -1.27773 -76.0224 1.6
      vertex -2.05553 -77.1865 1.6
      vertex -1.53867 -75.866 1.6
    endloop
  endfacet
  facet normal 0 0 -1
    outer loop
      vertex -2.19862 -77.1007 1.6
      vertex -1.53867 -75.866 1.6
      vertex -2.05553 -77.1865 1.6
    endloop
  endfacet
  facet normal -0 0 -1
    outer loop
      vertex -1.53867 -75.866 1.6
      vertex -2.19862 -77.1007 1.6
      vertex -1.81368 -75.736 1.6
    endloop
  endfacet
  facet normal 0 0 -1
    outer loop
      vertex -2.34944 -77.0294 1.6
      vertex -1.81368 -75.736 1.6
      vertex -2.19862 -77.1007 1.6
    endloop
  endfacet
  facet normal -0 0 -1
    outer loop
      vertex -1.81368 -75.736 1.6
      vertex -2.34944 -77.0294 1.6
      vertex -2.10012 -75.6335 1.6
    endloop
  endfacet
  facet normal 0 0 -1
    outer loop
      vertex -2.50652 -76.9732 1.6
      vertex -2.10012 -75.6335 1.6
      vertex -2.34944 -77.0294 1.6
    endloop
  endfacet
  facet normal -0 0 -1
    outer loop
      vertex -2.10012 -75.6335 1.6
      vertex -2.50652 -76.9732 1.6
      vertex -2.39522 -75.5596 1.6
    endloop
  endfacet
  facet normal 0 0 -1
    outer loop
      vertex -2.66835 -76.9327 1.6
      vertex -2.39522 -75.5596 1.6
      vertex -2.50652 -76.9732 1.6
    endloop
  endfacet
  facet normal 0 0 -1
    outer loop
      vertex -2.66835 -76.9327 1.6
      vertex -2.69615 -75.5149 1.6
      vertex -2.39522 -75.5596 1.6
    endloop
  endfacet
  facet normal 0 0 -1
    outer loop
      vertex -2.83337 -76.9082 1.6
      vertex -2.69615 -75.5149 1.6
      vertex -2.66835 -76.9327 1.6
    endloop
  endfacet
  facet normal 0 0 -1
    outer loop
      vertex -3 -76.9 1.6
      vertex -2.69615 -75.5149 1.6
      vertex -2.83337 -76.9082 1.6
    endloop
  endfacet
  facet normal 0 0 -1
    outer loop
      vertex -3 -76.9 1.6
      vertex -3 -75.5 1.6
      vertex -2.69615 -75.5149 1.6
    endloop
  endfacet
  facet normal 0 0 -1
    outer loop
      vertex -3.16663 -76.9082 1.6
      vertex -3 -75.5 1.6
      vertex -3 -76.9 1.6
    endloop
  endfacet
  facet normal 0 0 -1
    outer loop
      vertex -3.16663 -76.9082 1.6
      vertex -3.30385 -75.5149 1.6
      vertex -3 -75.5 1.6
    endloop
  endfacet
  facet normal 0 0 -1
    outer loop
      vertex -3.33165 -76.9327 1.6
      vertex -3.30385 -75.5149 1.6
      vertex -3.16663 -76.9082 1.6
    endloop
  endfacet
  facet normal 0 0 -1
    outer loop
      vertex -3.60478 -75.5596 1.6
      vertex -3.33165 -76.9327 1.6
      vertex -3.49348 -76.9732 1.6
    endloop
  endfacet
  facet normal 0 0 -1
    outer loop
      vertex -3.33165 -76.9327 1.6
      vertex -3.60478 -75.5596 1.6
      vertex -3.30385 -75.5149 1.6
    endloop
  endfacet
  facet normal 0 0 -1
    outer loop
      vertex -3.89988 -75.6335 1.6
      vertex -3.49348 -76.9732 1.6
      vertex -3.65056 -77.0294 1.6
    endloop
  endfacet
  facet normal 0 0 -1
    outer loop
      vertex -4.18632 -75.736 1.6
      vertex -3.65056 -77.0294 1.6
      vertex -3.80137 -77.1007 1.6
    endloop
  endfacet
  facet normal 0 0 -1
    outer loop
      vertex -3.49348 -76.9732 1.6
      vertex -3.89988 -75.6335 1.6
      vertex -3.60478 -75.5596 1.6
    endloop
  endfacet
  facet normal 0 0 -1
    outer loop
      vertex -4.46133 -75.866 1.6
      vertex -3.80137 -77.1007 1.6
      vertex -3.94447 -77.1865 1.6
    endloop
  endfacet
  facet normal 0 0 -1
    outer loop
      vertex -4.72227 -76.0224 1.6
      vertex -3.94447 -77.1865 1.6
      vertex -4.07847 -77.2859 1.6
    endloop
  endfacet
  facet normal 0 0 -1
    outer loop
      vertex -3.65056 -77.0294 1.6
      vertex -4.18632 -75.736 1.6
      vertex -3.89988 -75.6335 1.6
    endloop
  endfacet
  facet normal 0 0 -1
    outer loop
      vertex -4.96662 -76.2037 1.6
      vertex -4.07847 -77.2859 1.6
      vertex -4.20208 -77.3979 1.6
    endloop
  endfacet
  facet normal 0 0 -1
    outer loop
      vertex -5.19203 -76.408 1.6
      vertex -4.20208 -77.3979 1.6
      vertex -4.31412 -77.5215 1.6
    endloop
  endfacet
  facet normal 0 0 -1
    outer loop
      vertex -5.39633 -76.6334 1.6
      vertex -4.31412 -77.5215 1.6
      vertex -4.4135 -77.6555 1.6
    endloop
  endfacet
  facet normal 0 0 -1
    outer loop
      vertex -3.80137 -77.1007 1.6
      vertex -4.46133 -75.866 1.6
      vertex -4.18632 -75.736 1.6
    endloop
  endfacet
  facet normal 0 0 -1
    outer loop
      vertex -5.57756 -76.8777 1.6
      vertex -4.4135 -77.6555 1.6
      vertex -4.49927 -77.7986 1.6
    endloop
  endfacet
  facet normal 0 0 -1
    outer loop
      vertex -5.73396 -77.1387 1.6
      vertex -4.49927 -77.7986 1.6
      vertex -4.57059 -77.9494 1.6
    endloop
  endfacet
  facet normal 0 0 -1
    outer loop
      vertex -5.86403 -77.4137 1.6
      vertex -4.57059 -77.9494 1.6
      vertex -4.6268 -78.1065 1.6
    endloop
  endfacet
  facet normal 0 0 -1
    outer loop
      vertex -5.96651 -77.7001 1.6
      vertex -4.6268 -78.1065 1.6
      vertex -4.66733 -78.2683 1.6
    endloop
  endfacet
  facet normal 0 0 -1
    outer loop
      vertex -6.04043 -77.9952 1.6
      vertex -4.66733 -78.2683 1.6
      vertex -4.69181 -78.4334 1.6
    endloop
  endfacet
  facet normal 0 0 -1
    outer loop
      vertex -3.94447 -77.1865 1.6
      vertex -4.72227 -76.0224 1.6
      vertex -4.46133 -75.866 1.6
    endloop
  endfacet
  facet normal 0 0 -1
    outer loop
      vertex -6.08507 -78.2961 1.6
      vertex -4.69181 -78.4334 1.6
      vertex -4.7 -78.6 1.6
    endloop
  endfacet
  facet normal -0 0 -1
    outer loop
      vertex -4.49927 -79.4014 1.6
      vertex -5.73396 -80.0613 1.6
      vertex -4.57059 -79.2506 1.6
    endloop
  endfacet
  facet normal 0 0 -1
    outer loop
      vertex -5.86403 -79.7863 1.6
      vertex -4.57059 -79.2506 1.6
      vertex -5.73396 -80.0613 1.6
    endloop
  endfacet
  facet normal 0 0 -1
    outer loop
      vertex -4.07847 -77.2859 1.6
      vertex -4.96662 -76.2037 1.6
      vertex -4.72227 -76.0224 1.6
    endloop
  endfacet
  facet normal -0 0 -1
    outer loop
      vertex -4.57059 -79.2506 1.6
      vertex -5.86403 -79.7863 1.6
      vertex -4.6268 -79.0935 1.6
    endloop
  endfacet
  facet normal 0 0 -1
    outer loop
      vertex -4.20208 -77.3979 1.6
      vertex -5.19203 -76.408 1.6
      vertex -4.96662 -76.2037 1.6
    endloop
  endfacet
  facet normal 0 0 -1
    outer loop
      vertex -5.96651 -79.4999 1.6
      vertex -4.6268 -79.0935 1.6
      vertex -5.86403 -79.7863 1.6
    endloop
  endfacet
  facet normal 0 0 -1
    outer loop
      vertex -4.31412 -77.5215 1.6
      vertex -5.39633 -76.6334 1.6
      vertex -5.19203 -76.408 1.6
    endloop
  endfacet
  facet normal -0 0 -1
    outer loop
      vertex -4.6268 -79.0935 1.6
      vertex -5.96651 -79.4999 1.6
      vertex -4.66733 -78.9317 1.6
    endloop
  endfacet
  facet normal 0 0 -1
    outer loop
      vertex -4.4135 -77.6555 1.6
      vertex -5.57756 -76.8777 1.6
      vertex -5.39633 -76.6334 1.6
    endloop
  endfacet
  facet normal 0 0 -1
    outer loop
      vertex -6.04043 -79.2048 1.6
      vertex -4.66733 -78.9317 1.6
      vertex -5.96651 -79.4999 1.6
    endloop
  endfacet
  facet normal 0 0 -1
    outer loop
      vertex -4.49927 -77.7986 1.6
      vertex -5.73396 -77.1387 1.6
      vertex -5.57756 -76.8777 1.6
    endloop
  endfacet
  facet normal -0 0 -1
    outer loop
      vertex -4.66733 -78.9317 1.6
      vertex -6.04043 -79.2048 1.6
      vertex -4.69181 -78.7666 1.6
    endloop
  endfacet
  facet normal 0 0 -1
    outer loop
      vertex -4.57059 -77.9494 1.6
      vertex -5.86403 -77.4137 1.6
      vertex -5.73396 -77.1387 1.6
    endloop
  endfacet
  facet normal 0 0 -1
    outer loop
      vertex -6.08507 -78.9039 1.6
      vertex -4.69181 -78.7666 1.6
      vertex -6.04043 -79.2048 1.6
    endloop
  endfacet
  facet normal 0 0 -1
    outer loop
      vertex -4.6268 -78.1065 1.6
      vertex -5.96651 -77.7001 1.6
      vertex -5.86403 -77.4137 1.6
    endloop
  endfacet
  facet normal -0 0 -1
    outer loop
      vertex -4.69181 -78.7666 1.6
      vertex -6.08507 -78.9039 1.6
      vertex -4.7 -78.6 1.6
    endloop
  endfacet
  facet normal 0 0 -1
    outer loop
      vertex -4.66733 -78.2683 1.6
      vertex -6.04043 -77.9952 1.6
      vertex -5.96651 -77.7001 1.6
    endloop
  endfacet
  facet normal 0 0 -1
    outer loop
      vertex -6.1 -78.6 1.6
      vertex -4.7 -78.6 1.6
      vertex -6.08507 -78.9039 1.6
    endloop
  endfacet
  facet normal 0 0 -1
    outer loop
      vertex -4.69181 -78.4334 1.6
      vertex -6.08507 -78.2961 1.6
      vertex -6.04043 -77.9952 1.6
    endloop
  endfacet
  facet normal 0 0 -1
    outer loop
      vertex -4.7 -78.6 1.6
      vertex -6.1 -78.6 1.6
      vertex -6.08507 -78.2961 1.6
    endloop
  endfacet
  facet normal -0.988729 0.149717 0
    outer loop
      vertex 160.267 -78.9317 1.6
      vertex 160.292 -78.7666 3
      vertex 160.292 -78.7666 1.6
    endloop
  endfacet
  facet normal -0.988729 0.149717 0
    outer loop
      vertex 160.292 -78.7666 3
      vertex 160.267 -78.9317 1.6
      vertex 160.267 -78.9317 3
    endloop
  endfacet
  facet normal -0.998849 0.0479639 0
    outer loop
      vertex 160.292 -78.7666 1.6
      vertex 160.3 -78.6 3
      vertex 160.3 -78.6 1.6
    endloop
  endfacet
  facet normal -0.998849 0.0479639 0
    outer loop
      vertex 160.3 -78.6 3
      vertex 160.292 -78.7666 1.6
      vertex 160.292 -78.7666 3
    endloop
  endfacet
  facet normal -0.970774 0.239994 0
    outer loop
      vertex 160.227 -79.0935 1.6
      vertex 160.267 -78.9317 3
      vertex 160.267 -78.9317 1.6
    endloop
  endfacet
  facet normal -0.970774 0.239994 0
    outer loop
      vertex 160.267 -78.9317 3
      vertex 160.227 -79.0935 1.6
      vertex 160.227 -79.0935 3
    endloop
  endfacet
  facet normal 0.998849 -0.0479639 0
    outer loop
      vertex 156.9 -78.6 3
      vertex 156.908 -78.4334 1.6
      vertex 156.908 -78.4334 3
    endloop
  endfacet
  facet normal 0.998849 -0.0479639 0
    outer loop
      vertex 156.908 -78.4334 1.6
      vertex 156.9 -78.6 3
      vertex 156.9 -78.6 1.6
    endloop
  endfacet
  facet normal 0.857123 0.515112 0
    outer loop
      vertex 157.187 -79.5445 3
      vertex 157.101 -79.4014 1.6
      vertex 157.101 -79.4014 3
    endloop
  endfacet
  facet normal 0.857123 0.515112 0
    outer loop
      vertex 157.101 -79.4014 1.6
      vertex 157.187 -79.5445 3
      vertex 157.187 -79.5445 1.6
    endloop
  endfacet
  facet normal 0.988729 -0.149717 0
    outer loop
      vertex 156.908 -78.4334 3
      vertex 156.933 -78.2683 1.6
      vertex 156.933 -78.2683 3
    endloop
  endfacet
  facet normal 0.988729 -0.149717 0
    outer loop
      vertex 156.933 -78.2683 1.6
      vertex 156.908 -78.4334 3
      vertex 156.908 -78.4334 1.6
    endloop
  endfacet
  facet normal 0.335127 -0.942173 0
    outer loop
      vertex 157.949 -77.0294 1.6
      vertex 158.107 -76.9732 3
      vertex 157.949 -77.0294 3
    endloop
  endfacet
  facet normal 0.335127 -0.942173 0
    outer loop
      vertex 158.107 -76.9732 3
      vertex 157.949 -77.0294 1.6
      vertex 158.107 -76.9732 1.6
    endloop
  endfacet
  facet normal 0.595772 0.803154 -0
    outer loop
      vertex 157.656 -80.0135 1.6
      vertex 157.522 -79.9141 3
      vertex 157.656 -80.0135 3
    endloop
  endfacet
  facet normal 0.595772 0.803154 0
    outer loop
      vertex 157.522 -79.9141 3
      vertex 157.656 -80.0135 1.6
      vertex 157.522 -79.9141 1.6
    endloop
  endfacet
  facet normal -0.741024 0.671478 0
    outer loop
      vertex 159.802 -79.8021 1.6
      vertex 159.914 -79.6785 3
      vertex 159.914 -79.6785 1.6
    endloop
  endfacet
  facet normal -0.741024 0.671478 0
    outer loop
      vertex 159.914 -79.6785 3
      vertex 159.802 -79.8021 1.6
      vertex 159.802 -79.8021 3
    endloop
  endfacet
  facet normal 0.941945 0.335767 0
    outer loop
      vertex 157.029 -79.2506 3
      vertex 156.973 -79.0935 1.6
      vertex 156.973 -79.0935 3
    endloop
  endfacet
  facet normal 0.941945 0.335767 0
    outer loop
      vertex 156.973 -79.0935 1.6
      vertex 157.029 -79.2506 3
      vertex 157.029 -79.2506 1.6
    endloop
  endfacet
  facet normal -0.146875 -0.989155 0
    outer loop
      vertex 158.767 -76.9082 1.6
      vertex 158.932 -76.9327 3
      vertex 158.767 -76.9082 3
    endloop
  endfacet
  facet normal -0.146875 -0.989155 -0
    outer loop
      vertex 158.932 -76.9327 3
      vertex 158.767 -76.9082 1.6
      vertex 158.932 -76.9327 1.6
    endloop
  endfacet
  facet normal -0.0490427 0.998797 0
    outer loop
      vertex 158.767 -80.2918 1.6
      vertex 158.6 -80.3 3
      vertex 158.767 -80.2918 3
    endloop
  endfacet
  facet normal -0.0490427 0.998797 0
    outer loop
      vertex 158.6 -80.3 3
      vertex 158.767 -80.2918 1.6
      vertex 158.6 -80.3 1.6
    endloop
  endfacet
  facet normal -0.335127 -0.942173 0
    outer loop
      vertex 159.093 -76.9732 1.6
      vertex 159.251 -77.0294 3
      vertex 159.093 -76.9732 3
    endloop
  endfacet
  facet normal -0.335127 -0.942173 -0
    outer loop
      vertex 159.251 -77.0294 3
      vertex 159.093 -76.9732 1.6
      vertex 159.251 -77.0294 1.6
    endloop
  endfacet
  facet normal 0.243953 0.969787 -0
    outer loop
      vertex 158.268 -80.2673 1.6
      vertex 158.107 -80.2268 3
      vertex 158.268 -80.2673 3
    endloop
  endfacet
  facet normal 0.243953 0.969787 0
    outer loop
      vertex 158.107 -80.2268 3
      vertex 158.268 -80.2673 1.6
      vertex 158.107 -80.2268 1.6
    endloop
  endfacet
  facet normal -0.998849 -0.0479639 0
    outer loop
      vertex 160.3 -78.6 1.6
      vertex 160.292 -78.4334 3
      vertex 160.292 -78.4334 1.6
    endloop
  endfacet
  facet normal -0.998849 -0.0479639 0
    outer loop
      vertex 160.292 -78.4334 3
      vertex 160.3 -78.6 1.6
      vertex 160.3 -78.6 3
    endloop
  endfacet
  facet normal -0.335127 0.942173 0
    outer loop
      vertex 159.251 -80.1706 1.6
      vertex 159.093 -80.2268 3
      vertex 159.251 -80.1706 3
    endloop
  endfacet
  facet normal -0.335127 0.942173 0
    outer loop
      vertex 159.093 -80.2268 3
      vertex 159.251 -80.1706 1.6
      vertex 159.093 -80.2268 1.6
    endloop
  endfacet
  facet normal -0.741024 -0.671478 0
    outer loop
      vertex 159.914 -77.5215 1.6
      vertex 159.802 -77.3979 3
      vertex 159.802 -77.3979 1.6
    endloop
  endfacet
  facet normal -0.741024 -0.671478 0
    outer loop
      vertex 159.802 -77.3979 3
      vertex 159.914 -77.5215 1.6
      vertex 159.914 -77.5215 3
    endloop
  endfacet
  facet normal 0.595772 -0.803154 0
    outer loop
      vertex 157.522 -77.2859 1.6
      vertex 157.656 -77.1865 3
      vertex 157.522 -77.2859 3
    endloop
  endfacet
  facet normal 0.595772 -0.803154 0
    outer loop
      vertex 157.656 -77.1865 3
      vertex 157.522 -77.2859 1.6
      vertex 157.656 -77.1865 1.6
    endloop
  endfacet
  facet normal -0.902418 0.430863 0
    outer loop
      vertex 160.099 -79.4014 1.6
      vertex 160.171 -79.2506 3
      vertex 160.171 -79.2506 1.6
    endloop
  endfacet
  facet normal -0.902418 0.430863 0
    outer loop
      vertex 160.171 -79.2506 3
      vertex 160.099 -79.4014 1.6
      vertex 160.099 -79.4014 3
    endloop
  endfacet
  facet normal -0.514496 -0.857493 0
    outer loop
      vertex 159.401 -77.1007 1.6
      vertex 159.544 -77.1865 3
      vertex 159.401 -77.1007 3
    endloop
  endfacet
  facet normal -0.514496 -0.857493 -0
    outer loop
      vertex 159.544 -77.1865 3
      vertex 159.401 -77.1007 1.6
      vertex 159.544 -77.1865 1.6
    endloop
  endfacet
  facet normal 0.514496 -0.857493 0
    outer loop
      vertex 157.656 -77.1865 1.6
      vertex 157.799 -77.1007 3
      vertex 157.656 -77.1865 3
    endloop
  endfacet
  facet normal 0.514496 -0.857493 0
    outer loop
      vertex 157.799 -77.1007 3
      vertex 157.656 -77.1865 1.6
      vertex 157.799 -77.1007 1.6
    endloop
  endfacet
  facet normal 0.941945 -0.335767 0
    outer loop
      vertex 156.973 -78.1065 3
      vertex 157.029 -77.9494 1.6
      vertex 157.029 -77.9494 3
    endloop
  endfacet
  facet normal 0.941945 -0.335767 0
    outer loop
      vertex 157.029 -77.9494 1.6
      vertex 156.973 -78.1065 3
      vertex 156.973 -78.1065 1.6
    endloop
  endfacet
  facet normal 0.670286 -0.742103 0
    outer loop
      vertex 157.398 -77.3979 1.6
      vertex 157.522 -77.2859 3
      vertex 157.398 -77.3979 3
    endloop
  endfacet
  facet normal 0.670286 -0.742103 0
    outer loop
      vertex 157.522 -77.2859 3
      vertex 157.398 -77.3979 1.6
      vertex 157.522 -77.2859 1.6
    endloop
  endfacet
  facet normal -0.941945 0.335767 0
    outer loop
      vertex 160.171 -79.2506 1.6
      vertex 160.227 -79.0935 3
      vertex 160.227 -79.0935 1.6
    endloop
  endfacet
  facet normal -0.941945 0.335767 0
    outer loop
      vertex 160.227 -79.0935 3
      vertex 160.171 -79.2506 1.6
      vertex 160.171 -79.2506 3
    endloop
  endfacet
  facet normal 0.514496 0.857493 -0
    outer loop
      vertex 157.799 -80.0993 1.6
      vertex 157.656 -80.0135 3
      vertex 157.799 -80.0993 3
    endloop
  endfacet
  facet normal 0.514496 0.857493 0
    outer loop
      vertex 157.656 -80.0135 3
      vertex 157.799 -80.0993 1.6
      vertex 157.656 -80.0135 1.6
    endloop
  endfacet
  facet normal 0.741024 0.671478 0
    outer loop
      vertex 157.398 -79.8021 3
      vertex 157.286 -79.6785 1.6
      vertex 157.286 -79.6785 3
    endloop
  endfacet
  facet normal 0.741024 0.671478 0
    outer loop
      vertex 157.286 -79.6785 1.6
      vertex 157.398 -79.8021 3
      vertex 157.398 -79.8021 1.6
    endloop
  endfacet
  facet normal -0.243953 -0.969787 0
    outer loop
      vertex 158.932 -76.9327 1.6
      vertex 159.093 -76.9732 3
      vertex 158.932 -76.9327 3
    endloop
  endfacet
  facet normal -0.243953 -0.969787 -0
    outer loop
      vertex 159.093 -76.9732 3
      vertex 158.932 -76.9327 1.6
      vertex 159.093 -76.9732 1.6
    endloop
  endfacet
  facet normal 0.0490427 0.998797 -0
    outer loop
      vertex 158.6 -80.3 1.6
      vertex 158.433 -80.2918 3
      vertex 158.6 -80.3 3
    endloop
  endfacet
  facet normal 0.0490427 0.998797 0
    outer loop
      vertex 158.433 -80.2918 3
      vertex 158.6 -80.3 1.6
      vertex 158.433 -80.2918 1.6
    endloop
  endfacet
  facet normal -0.514496 0.857493 0
    outer loop
      vertex 159.544 -80.0135 1.6
      vertex 159.401 -80.0993 3
      vertex 159.544 -80.0135 3
    endloop
  endfacet
  facet normal -0.514496 0.857493 0
    outer loop
      vertex 159.401 -80.0993 3
      vertex 159.544 -80.0135 1.6
      vertex 159.401 -80.0993 1.6
    endloop
  endfacet
  facet normal 0.146875 0.989155 -0
    outer loop
      vertex 158.433 -80.2918 1.6
      vertex 158.268 -80.2673 3
      vertex 158.433 -80.2918 3
    endloop
  endfacet
  facet normal 0.146875 0.989155 0
    outer loop
      vertex 158.268 -80.2673 3
      vertex 158.433 -80.2918 1.6
      vertex 158.268 -80.2673 1.6
    endloop
  endfacet
  facet normal -0.595772 0.803154 0
    outer loop
      vertex 159.678 -79.9141 1.6
      vertex 159.544 -80.0135 3
      vertex 159.678 -79.9141 3
    endloop
  endfacet
  facet normal -0.595772 0.803154 0
    outer loop
      vertex 159.544 -80.0135 3
      vertex 159.678 -79.9141 1.6
      vertex 159.544 -80.0135 1.6
    endloop
  endfacet
  facet normal 0.902418 -0.430863 0
    outer loop
      vertex 157.029 -77.9494 3
      vertex 157.101 -77.7986 1.6
      vertex 157.101 -77.7986 3
    endloop
  endfacet
  facet normal 0.902418 -0.430863 0
    outer loop
      vertex 157.101 -77.7986 1.6
      vertex 157.029 -77.9494 3
      vertex 157.029 -77.9494 1.6
    endloop
  endfacet
  facet normal -0.243953 0.969787 0
    outer loop
      vertex 159.093 -80.2268 1.6
      vertex 158.932 -80.2673 3
      vertex 159.093 -80.2268 3
    endloop
  endfacet
  facet normal -0.243953 0.969787 0
    outer loop
      vertex 158.932 -80.2673 3
      vertex 159.093 -80.2268 1.6
      vertex 158.932 -80.2673 1.6
    endloop
  endfacet
  facet normal 0.429302 -0.903161 0
    outer loop
      vertex 157.799 -77.1007 1.6
      vertex 157.949 -77.0294 3
      vertex 157.799 -77.1007 3
    endloop
  endfacet
  facet normal 0.429302 -0.903161 0
    outer loop
      vertex 157.949 -77.0294 3
      vertex 157.799 -77.1007 1.6
      vertex 157.949 -77.0294 1.6
    endloop
  endfacet
  facet normal -0.801433 0.598084 0
    outer loop
      vertex 159.914 -79.6785 1.6
      vertex 160.014 -79.5445 3
      vertex 160.014 -79.5445 1.6
    endloop
  endfacet
  facet normal -0.801433 0.598084 0
    outer loop
      vertex 160.014 -79.5445 3
      vertex 159.914 -79.6785 1.6
      vertex 159.914 -79.6785 3
    endloop
  endfacet
  facet normal -0.429302 -0.903161 0
    outer loop
      vertex 159.251 -77.0294 1.6
      vertex 159.401 -77.1007 3
      vertex 159.251 -77.0294 3
    endloop
  endfacet
  facet normal -0.429302 -0.903161 -0
    outer loop
      vertex 159.401 -77.1007 3
      vertex 159.251 -77.0294 1.6
      vertex 159.401 -77.1007 1.6
    endloop
  endfacet
  facet normal -0.941945 -0.335767 0
    outer loop
      vertex 160.227 -78.1065 1.6
      vertex 160.171 -77.9494 3
      vertex 160.171 -77.9494 1.6
    endloop
  endfacet
  facet normal -0.941945 -0.335767 0
    outer loop
      vertex 160.171 -77.9494 3
      vertex 160.227 -78.1065 1.6
      vertex 160.227 -78.1065 3
    endloop
  endfacet
  facet normal -0.970774 -0.239994 0
    outer loop
      vertex 160.267 -78.2683 1.6
      vertex 160.227 -78.1065 3
      vertex 160.227 -78.1065 1.6
    endloop
  endfacet
  facet normal -0.970774 -0.239994 0
    outer loop
      vertex 160.227 -78.1065 3
      vertex 160.267 -78.2683 1.6
      vertex 160.267 -78.2683 3
    endloop
  endfacet
  facet normal 0.429302 0.903161 -0
    outer loop
      vertex 157.949 -80.1706 1.6
      vertex 157.799 -80.0993 3
      vertex 157.949 -80.1706 3
    endloop
  endfacet
  facet normal 0.429302 0.903161 0
    outer loop
      vertex 157.799 -80.0993 3
      vertex 157.949 -80.1706 1.6
      vertex 157.799 -80.0993 1.6
    endloop
  endfacet
  facet normal -0.0490427 -0.998797 0
    outer loop
      vertex 158.6 -76.9 1.6
      vertex 158.767 -76.9082 3
      vertex 158.6 -76.9 3
    endloop
  endfacet
  facet normal -0.0490427 -0.998797 -0
    outer loop
      vertex 158.767 -76.9082 3
      vertex 158.6 -76.9 1.6
      vertex 158.767 -76.9082 1.6
    endloop
  endfacet
  facet normal -0.801433 -0.598084 0
    outer loop
      vertex 160.014 -77.6555 1.6
      vertex 159.914 -77.5215 3
      vertex 159.914 -77.5215 1.6
    endloop
  endfacet
  facet normal -0.801433 -0.598084 0
    outer loop
      vertex 159.914 -77.5215 3
      vertex 160.014 -77.6555 1.6
      vertex 160.014 -77.6555 3
    endloop
  endfacet
  facet normal 0.998849 0.0479639 0
    outer loop
      vertex 156.908 -78.7666 3
      vertex 156.9 -78.6 1.6
      vertex 156.9 -78.6 3
    endloop
  endfacet
  facet normal 0.998849 0.0479639 0
    outer loop
      vertex 156.9 -78.6 1.6
      vertex 156.908 -78.7666 3
      vertex 156.908 -78.7666 1.6
    endloop
  endfacet
  facet normal -0.429302 0.903161 0
    outer loop
      vertex 159.401 -80.0993 1.6
      vertex 159.251 -80.1706 3
      vertex 159.401 -80.0993 3
    endloop
  endfacet
  facet normal -0.429302 0.903161 0
    outer loop
      vertex 159.251 -80.1706 3
      vertex 159.401 -80.0993 1.6
      vertex 159.251 -80.1706 1.6
    endloop
  endfacet
  facet normal -0.670286 0.742103 0
    outer loop
      vertex 159.802 -79.8021 1.6
      vertex 159.678 -79.9141 3
      vertex 159.802 -79.8021 3
    endloop
  endfacet
  facet normal -0.670286 0.742103 0
    outer loop
      vertex 159.678 -79.9141 3
      vertex 159.802 -79.8021 1.6
      vertex 159.678 -79.9141 1.6
    endloop
  endfacet
  facet normal -0.988729 -0.149717 0
    outer loop
      vertex 160.292 -78.4334 1.6
      vertex 160.267 -78.2683 3
      vertex 160.267 -78.2683 1.6
    endloop
  endfacet
  facet normal -0.988729 -0.149717 0
    outer loop
      vertex 160.267 -78.2683 3
      vertex 160.292 -78.4334 1.6
      vertex 160.292 -78.4334 3
    endloop
  endfacet
  facet normal 0.146875 -0.989155 0
    outer loop
      vertex 158.268 -76.9327 1.6
      vertex 158.433 -76.9082 3
      vertex 158.268 -76.9327 3
    endloop
  endfacet
  facet normal 0.146875 -0.989155 0
    outer loop
      vertex 158.433 -76.9082 3
      vertex 158.268 -76.9327 1.6
      vertex 158.433 -76.9082 1.6
    endloop
  endfacet
  facet normal -0.859764 0.510691 0
    outer loop
      vertex 160.014 -79.5445 1.6
      vertex 160.099 -79.4014 3
      vertex 160.099 -79.4014 1.6
    endloop
  endfacet
  facet normal -0.859764 0.510691 0
    outer loop
      vertex 160.099 -79.4014 3
      vertex 160.014 -79.5445 1.6
      vertex 160.014 -79.5445 3
    endloop
  endfacet
  facet normal 0.243953 -0.969787 0
    outer loop
      vertex 158.107 -76.9732 1.6
      vertex 158.268 -76.9327 3
      vertex 158.107 -76.9732 3
    endloop
  endfacet
  facet normal 0.243953 -0.969787 0
    outer loop
      vertex 158.268 -76.9327 3
      vertex 158.107 -76.9732 1.6
      vertex 158.268 -76.9327 1.6
    endloop
  endfacet
  facet normal 0.670286 0.742103 -0
    outer loop
      vertex 157.522 -79.9141 1.6
      vertex 157.398 -79.8021 3
      vertex 157.522 -79.9141 3
    endloop
  endfacet
  facet normal 0.670286 0.742103 0
    outer loop
      vertex 157.398 -79.8021 3
      vertex 157.522 -79.9141 1.6
      vertex 157.398 -79.8021 1.6
    endloop
  endfacet
  facet normal 0.335127 0.942173 -0
    outer loop
      vertex 158.107 -80.2268 1.6
      vertex 157.949 -80.1706 3
      vertex 158.107 -80.2268 3
    endloop
  endfacet
  facet normal 0.335127 0.942173 0
    outer loop
      vertex 157.949 -80.1706 3
      vertex 158.107 -80.2268 1.6
      vertex 157.949 -80.1706 1.6
    endloop
  endfacet
  facet normal 0.0490427 -0.998797 0
    outer loop
      vertex 158.433 -76.9082 1.6
      vertex 158.6 -76.9 3
      vertex 158.433 -76.9082 3
    endloop
  endfacet
  facet normal 0.0490427 -0.998797 0
    outer loop
      vertex 158.6 -76.9 3
      vertex 158.433 -76.9082 1.6
      vertex 158.6 -76.9 1.6
    endloop
  endfacet
  facet normal -0.595772 -0.803154 0
    outer loop
      vertex 159.544 -77.1865 1.6
      vertex 159.678 -77.2859 3
      vertex 159.544 -77.1865 3
    endloop
  endfacet
  facet normal -0.595772 -0.803154 -0
    outer loop
      vertex 159.678 -77.2859 3
      vertex 159.544 -77.1865 1.6
      vertex 159.678 -77.2859 1.6
    endloop
  endfacet
  facet normal 0.804301 -0.594222 0
    outer loop
      vertex 157.187 -77.6555 3
      vertex 157.286 -77.5215 1.6
      vertex 157.286 -77.5215 3
    endloop
  endfacet
  facet normal 0.804301 -0.594222 0
    outer loop
      vertex 157.286 -77.5215 1.6
      vertex 157.187 -77.6555 3
      vertex 157.187 -77.6555 1.6
    endloop
  endfacet
  facet normal 0.970774 0.239994 0
    outer loop
      vertex 156.973 -79.0935 3
      vertex 156.933 -78.9317 1.6
      vertex 156.933 -78.9317 3
    endloop
  endfacet
  facet normal 0.970774 0.239994 0
    outer loop
      vertex 156.933 -78.9317 1.6
      vertex 156.973 -79.0935 3
      vertex 156.973 -79.0935 1.6
    endloop
  endfacet
  facet normal 0.970774 -0.239994 0
    outer loop
      vertex 156.933 -78.2683 3
      vertex 156.973 -78.1065 1.6
      vertex 156.973 -78.1065 3
    endloop
  endfacet
  facet normal 0.970774 -0.239994 0
    outer loop
      vertex 156.973 -78.1065 1.6
      vertex 156.933 -78.2683 3
      vertex 156.933 -78.2683 1.6
    endloop
  endfacet
  facet normal -0.146875 0.989155 0
    outer loop
      vertex 158.932 -80.2673 1.6
      vertex 158.767 -80.2918 3
      vertex 158.932 -80.2673 3
    endloop
  endfacet
  facet normal -0.146875 0.989155 0
    outer loop
      vertex 158.767 -80.2918 3
      vertex 158.932 -80.2673 1.6
      vertex 158.767 -80.2918 1.6
    endloop
  endfacet
  facet normal 0.741024 -0.671478 0
    outer loop
      vertex 157.286 -77.5215 3
      vertex 157.398 -77.3979 1.6
      vertex 157.398 -77.3979 3
    endloop
  endfacet
  facet normal 0.741024 -0.671478 0
    outer loop
      vertex 157.398 -77.3979 1.6
      vertex 157.286 -77.5215 3
      vertex 157.286 -77.5215 1.6
    endloop
  endfacet
  facet normal -0.859764 -0.510691 0
    outer loop
      vertex 160.099 -77.7986 1.6
      vertex 160.014 -77.6555 3
      vertex 160.014 -77.6555 1.6
    endloop
  endfacet
  facet normal -0.859764 -0.510691 0
    outer loop
      vertex 160.014 -77.6555 3
      vertex 160.099 -77.7986 1.6
      vertex 160.099 -77.7986 3
    endloop
  endfacet
  facet normal -0.902418 -0.430863 0
    outer loop
      vertex 160.171 -77.9494 1.6
      vertex 160.099 -77.7986 3
      vertex 160.099 -77.7986 1.6
    endloop
  endfacet
  facet normal -0.902418 -0.430863 0
    outer loop
      vertex 160.099 -77.7986 3
      vertex 160.171 -77.9494 1.6
      vertex 160.171 -77.9494 3
    endloop
  endfacet
  facet normal 0.804301 0.594222 0
    outer loop
      vertex 157.286 -79.6785 3
      vertex 157.187 -79.5445 1.6
      vertex 157.187 -79.5445 3
    endloop
  endfacet
  facet normal 0.804301 0.594222 0
    outer loop
      vertex 157.187 -79.5445 1.6
      vertex 157.286 -79.6785 3
      vertex 157.286 -79.6785 1.6
    endloop
  endfacet
  facet normal 0.902418 0.430863 0
    outer loop
      vertex 157.101 -79.4014 3
      vertex 157.029 -79.2506 1.6
      vertex 157.029 -79.2506 3
    endloop
  endfacet
  facet normal 0.902418 0.430863 0
    outer loop
      vertex 157.029 -79.2506 1.6
      vertex 157.101 -79.4014 3
      vertex 157.101 -79.4014 1.6
    endloop
  endfacet
  facet normal 0.988729 0.149717 0
    outer loop
      vertex 156.933 -78.9317 3
      vertex 156.908 -78.7666 1.6
      vertex 156.908 -78.7666 3
    endloop
  endfacet
  facet normal 0.988729 0.149717 0
    outer loop
      vertex 156.908 -78.7666 1.6
      vertex 156.933 -78.9317 3
      vertex 156.933 -78.9317 1.6
    endloop
  endfacet
  facet normal 0.857123 -0.515112 0
    outer loop
      vertex 157.101 -77.7986 3
      vertex 157.187 -77.6555 1.6
      vertex 157.187 -77.6555 3
    endloop
  endfacet
  facet normal 0.857123 -0.515112 0
    outer loop
      vertex 157.187 -77.6555 1.6
      vertex 157.101 -77.7986 3
      vertex 157.101 -77.7986 1.6
    endloop
  endfacet
  facet normal -0.670286 -0.742103 0
    outer loop
      vertex 159.678 -77.2859 1.6
      vertex 159.802 -77.3979 3
      vertex 159.678 -77.2859 3
    endloop
  endfacet
  facet normal -0.670286 -0.742103 -0
    outer loop
      vertex 159.802 -77.3979 3
      vertex 159.678 -77.2859 1.6
      vertex 159.802 -77.3979 1.6
    endloop
  endfacet
  facet normal 0.337379 -0.941369 0
    outer loop
      vertex 157.414 -75.736 0
      vertex 157.7 -75.6335 1.6
      vertex 157.414 -75.736 1.6
    endloop
  endfacet
  facet normal 0.337379 -0.941369 0
    outer loop
      vertex 157.7 -75.6335 1.6
      vertex 157.414 -75.736 0
      vertex 157.7 -75.6335 0
    endloop
  endfacet
  facet normal -0.989001 0.147906 0
    outer loop
      vertex 161.64 -79.2048 0
      vertex 161.685 -78.9039 1.6
      vertex 161.685 -78.9039 0
    endloop
  endfacet
  facet normal -0.989001 0.147906 0
    outer loop
      vertex 161.685 -78.9039 1.6
      vertex 161.64 -79.2048 0
      vertex 161.64 -79.2048 1.6
    endloop
  endfacet
  facet normal -0.998784 0.0492983 0
    outer loop
      vertex 161.685 -78.9039 0
      vertex 161.7 -78.6 1.6
      vertex 161.7 -78.6 0
    endloop
  endfacet
  facet normal -0.998784 0.0492983 0
    outer loop
      vertex 161.7 -78.6 1.6
      vertex 161.685 -78.9039 0
      vertex 161.685 -78.9039 1.6
    endloop
  endfacet
  facet normal -0.970739 0.240135 0
    outer loop
      vertex 161.567 -79.4999 0
      vertex 161.64 -79.2048 1.6
      vertex 161.64 -79.2048 0
    endloop
  endfacet
  facet normal -0.970739 0.240135 0
    outer loop
      vertex 161.64 -79.2048 1.6
      vertex 161.567 -79.4999 0
      vertex 161.567 -79.4999 1.6
    endloop
  endfacet
  facet normal 0.989001 0.147906 0
    outer loop
      vertex 155.56 -79.2048 1.6
      vertex 155.515 -78.9039 0
      vertex 155.515 -78.9039 1.6
    endloop
  endfacet
  facet normal 0.989001 0.147906 0
    outer loop
      vertex 155.515 -78.9039 0
      vertex 155.56 -79.2048 1.6
      vertex 155.56 -79.2048 0
    endloop
  endfacet
  facet normal 0.243 -0.970026 0
    outer loop
      vertex 157.7 -75.6335 0
      vertex 157.995 -75.5596 1.6
      vertex 157.7 -75.6335 1.6
    endloop
  endfacet
  facet normal 0.243 -0.970026 0
    outer loop
      vertex 157.995 -75.5596 1.6
      vertex 157.7 -75.6335 0
      vertex 157.995 -75.5596 0
    endloop
  endfacet
  facet normal -0.337379 0.941369 0
    outer loop
      vertex 159.786 -81.464 0
      vertex 159.5 -81.5665 1.6
      vertex 159.786 -81.464 1.6
    endloop
  endfacet
  facet normal -0.337379 0.941369 0
    outer loop
      vertex 159.5 -81.5665 1.6
      vertex 159.786 -81.464 0
      vertex 159.5 -81.5665 0
    endloop
  endfacet
  facet normal 0.514012 0.857783 -0
    outer loop
      vertex 157.139 -81.334 0
      vertex 156.878 -81.1776 1.6
      vertex 157.139 -81.334 1.6
    endloop
  endfacet
  facet normal 0.514012 0.857783 0
    outer loop
      vertex 156.878 -81.1776 1.6
      vertex 157.139 -81.334 0
      vertex 156.878 -81.1776 0
    endloop
  endfacet
  facet normal 0.904072 -0.42738 0
    outer loop
      vertex 155.736 -77.4137 1.6
      vertex 155.866 -77.1387 0
      vertex 155.866 -77.1387 1.6
    endloop
  endfacet
  facet normal 0.904072 -0.42738 0
    outer loop
      vertex 155.866 -77.1387 0
      vertex 155.736 -77.4137 1.6
      vertex 155.736 -77.4137 0
    endloop
  endfacet
  facet normal 0.243 0.970026 -0
    outer loop
      vertex 157.995 -81.6404 0
      vertex 157.7 -81.5665 1.6
      vertex 157.995 -81.6404 1.6
    endloop
  endfacet
  facet normal 0.243 0.970026 0
    outer loop
      vertex 157.7 -81.5665 1.6
      vertex 157.995 -81.6404 0
      vertex 157.7 -81.5665 0
    endloop
  endfacet
  facet normal 0.858362 -0.513044 0
    outer loop
      vertex 155.866 -77.1387 1.6
      vertex 156.022 -76.8777 0
      vertex 156.022 -76.8777 1.6
    endloop
  endfacet
  facet normal 0.858362 -0.513044 0
    outer loop
      vertex 156.022 -76.8777 0
      vertex 155.866 -77.1387 1.6
      vertex 155.866 -77.1387 0
    endloop
  endfacet
  facet normal -0.243 -0.970026 0
    outer loop
      vertex 159.205 -75.5596 0
      vertex 159.5 -75.6335 1.6
      vertex 159.205 -75.5596 1.6
    endloop
  endfacet
  facet normal -0.243 -0.970026 -0
    outer loop
      vertex 159.5 -75.6335 1.6
      vertex 159.205 -75.5596 0
      vertex 159.5 -75.6335 0
    endloop
  endfacet
  facet normal 0.594843 -0.803842 0
    outer loop
      vertex 156.633 -76.2037 0
      vertex 156.878 -76.0224 1.6
      vertex 156.633 -76.2037 1.6
    endloop
  endfacet
  facet normal 0.594843 -0.803842 0
    outer loop
      vertex 156.878 -76.0224 1.6
      vertex 156.633 -76.2037 0
      vertex 156.878 -76.0224 0
    endloop
  endfacet
  facet normal -0.514012 -0.857783 0
    outer loop
      vertex 160.061 -75.866 0
      vertex 160.322 -76.0224 1.6
      vertex 160.061 -75.866 1.6
    endloop
  endfacet
  facet normal -0.514012 -0.857783 -0
    outer loop
      vertex 160.322 -76.0224 1.6
      vertex 160.061 -75.866 0
      vertex 160.322 -76.0224 0
    endloop
  endfacet
  facet normal -0.801926 -0.597423 0
    outer loop
      vertex 161.178 -76.8777 0
      vertex 160.996 -76.6334 1.6
      vertex 160.996 -76.6334 0
    endloop
  endfacet
  facet normal -0.801926 -0.597423 0
    outer loop
      vertex 160.996 -76.6334 1.6
      vertex 161.178 -76.8777 0
      vertex 161.178 -76.8777 1.6
    endloop
  endfacet
  facet normal -0.146894 0.989152 0
    outer loop
      vertex 159.205 -81.6404 0
      vertex 158.904 -81.6851 1.6
      vertex 159.205 -81.6404 1.6
    endloop
  endfacet
  facet normal -0.146894 0.989152 0
    outer loop
      vertex 158.904 -81.6851 1.6
      vertex 159.205 -81.6404 0
      vertex 158.904 -81.6851 0
    endloop
  endfacet
  facet normal 0.594843 0.803842 -0
    outer loop
      vertex 156.878 -81.1776 0
      vertex 156.633 -80.9963 1.6
      vertex 156.878 -81.1776 1.6
    endloop
  endfacet
  facet normal 0.594843 0.803842 0
    outer loop
      vertex 156.633 -80.9963 1.6
      vertex 156.878 -81.1776 0
      vertex 156.633 -80.9963 0
    endloop
  endfacet
  facet normal -0.42738 -0.904072 0
    outer loop
      vertex 159.786 -75.736 0
      vertex 160.061 -75.866 1.6
      vertex 159.786 -75.736 1.6
    endloop
  endfacet
  facet normal -0.42738 -0.904072 -0
    outer loop
      vertex 160.061 -75.866 1.6
      vertex 159.786 -75.736 0
      vertex 160.061 -75.866 0
    endloop
  endfacet
  facet normal 0.801926 0.597423 0
    outer loop
      vertex 156.204 -80.5666 1.6
      vertex 156.022 -80.3223 0
      vertex 156.022 -80.3223 1.6
    endloop
  endfacet
  facet normal 0.801926 0.597423 0
    outer loop
      vertex 156.022 -80.3223 0
      vertex 156.204 -80.5666 1.6
      vertex 156.204 -80.5666 0
    endloop
  endfacet
  facet normal -0.989001 -0.147906 0
    outer loop
      vertex 161.685 -78.2961 0
      vertex 161.64 -77.9952 1.6
      vertex 161.64 -77.9952 0
    endloop
  endfacet
  facet normal -0.989001 -0.147906 0
    outer loop
      vertex 161.64 -77.9952 1.6
      vertex 161.685 -78.2961 0
      vertex 161.685 -78.2961 1.6
    endloop
  endfacet
  facet normal 0.940996 0.338417 0
    outer loop
      vertex 155.736 -79.7863 1.6
      vertex 155.633 -79.4999 0
      vertex 155.633 -79.4999 1.6
    endloop
  endfacet
  facet normal 0.940996 0.338417 0
    outer loop
      vertex 155.633 -79.4999 0
      vertex 155.736 -79.7863 1.6
      vertex 155.736 -79.7863 0
    endloop
  endfacet
  facet normal -0.42738 0.904072 0
    outer loop
      vertex 160.061 -81.334 0
      vertex 159.786 -81.464 1.6
      vertex 160.061 -81.334 1.6
    endloop
  endfacet
  facet normal -0.42738 0.904072 0
    outer loop
      vertex 159.786 -81.464 1.6
      vertex 160.061 -81.334 0
      vertex 159.786 -81.464 0
    endloop
  endfacet
  facet normal 0.940996 -0.338417 0
    outer loop
      vertex 155.633 -77.7001 1.6
      vertex 155.736 -77.4137 0
      vertex 155.736 -77.4137 1.6
    endloop
  endfacet
  facet normal 0.940996 -0.338417 0
    outer loop
      vertex 155.736 -77.4137 0
      vertex 155.633 -77.7001 1.6
      vertex 155.633 -77.7001 0
    endloop
  endfacet
  facet normal -0.970739 -0.240135 0
    outer loop
      vertex 161.64 -77.9952 0
      vertex 161.567 -77.7001 1.6
      vertex 161.567 -77.7001 0
    endloop
  endfacet
  facet normal -0.970739 -0.240135 0
    outer loop
      vertex 161.567 -77.7001 1.6
      vertex 161.64 -77.9952 0
      vertex 161.64 -77.9952 1.6
    endloop
  endfacet
  facet normal 0.0489544 0.998801 -0
    outer loop
      vertex 158.6 -81.7 0
      vertex 158.296 -81.6851 1.6
      vertex 158.6 -81.7 1.6
    endloop
  endfacet
  facet normal 0.0489544 0.998801 0
    outer loop
      vertex 158.296 -81.6851 1.6
      vertex 158.6 -81.7 0
      vertex 158.296 -81.6851 0
    endloop
  endfacet
  facet normal -0.67223 0.740342 0
    outer loop
      vertex 160.792 -80.792 0
      vertex 160.567 -80.9963 1.6
      vertex 160.792 -80.792 1.6
    endloop
  endfacet
  facet normal -0.67223 0.740342 0
    outer loop
      vertex 160.567 -80.9963 1.6
      vertex 160.792 -80.792 0
      vertex 160.567 -80.9963 0
    endloop
  endfacet
  facet normal 0.42738 0.904072 -0
    outer loop
      vertex 157.414 -81.464 0
      vertex 157.139 -81.334 1.6
      vertex 157.414 -81.464 1.6
    endloop
  endfacet
  facet normal 0.42738 0.904072 0
    outer loop
      vertex 157.139 -81.334 1.6
      vertex 157.414 -81.464 0
      vertex 157.139 -81.334 0
    endloop
  endfacet
  facet normal 0.67223 0.740342 -0
    outer loop
      vertex 156.633 -80.9963 0
      vertex 156.408 -80.792 1.6
      vertex 156.633 -80.9963 1.6
    endloop
  endfacet
  facet normal 0.67223 0.740342 0
    outer loop
      vertex 156.408 -80.792 1.6
      vertex 156.633 -80.9963 0
      vertex 156.408 -80.792 0
    endloop
  endfacet
  facet normal -0.337379 -0.941369 0
    outer loop
      vertex 159.5 -75.6335 0
      vertex 159.786 -75.736 1.6
      vertex 159.5 -75.6335 1.6
    endloop
  endfacet
  facet normal -0.337379 -0.941369 -0
    outer loop
      vertex 159.786 -75.736 1.6
      vertex 159.5 -75.6335 0
      vertex 159.786 -75.736 0
    endloop
  endfacet
  facet normal 0.337379 0.941369 -0
    outer loop
      vertex 157.7 -81.5665 0
      vertex 157.414 -81.464 1.6
      vertex 157.7 -81.5665 1.6
    endloop
  endfacet
  facet normal 0.337379 0.941369 0
    outer loop
      vertex 157.414 -81.464 1.6
      vertex 157.7 -81.5665 0
      vertex 157.414 -81.464 0
    endloop
  endfacet
  facet normal -0.801926 0.597423 0
    outer loop
      vertex 160.996 -80.5666 0
      vertex 161.178 -80.3223 1.6
      vertex 161.178 -80.3223 0
    endloop
  endfacet
  facet normal -0.801926 0.597423 0
    outer loop
      vertex 161.178 -80.3223 1.6
      vertex 160.996 -80.5666 0
      vertex 160.996 -80.5666 1.6
    endloop
  endfacet
  facet normal 0.858362 0.513044 0
    outer loop
      vertex 156.022 -80.3223 1.6
      vertex 155.866 -80.0613 0
      vertex 155.866 -80.0613 1.6
    endloop
  endfacet
  facet normal 0.858362 0.513044 0
    outer loop
      vertex 155.866 -80.0613 0
      vertex 156.022 -80.3223 1.6
      vertex 156.022 -80.3223 0
    endloop
  endfacet
  facet normal -0.998784 -0.0492983 0
    outer loop
      vertex 161.7 -78.6 0
      vertex 161.685 -78.2961 1.6
      vertex 161.685 -78.2961 0
    endloop
  endfacet
  facet normal -0.998784 -0.0492983 0
    outer loop
      vertex 161.685 -78.2961 1.6
      vertex 161.7 -78.6 0
      vertex 161.7 -78.6 1.6
    endloop
  endfacet
  facet normal -0.904072 -0.42738 0
    outer loop
      vertex 161.464 -77.4137 0
      vertex 161.334 -77.1387 1.6
      vertex 161.334 -77.1387 0
    endloop
  endfacet
  facet normal -0.904072 -0.42738 0
    outer loop
      vertex 161.334 -77.1387 1.6
      vertex 161.464 -77.4137 0
      vertex 161.464 -77.4137 1.6
    endloop
  endfacet
  facet normal -0.858362 0.513044 0
    outer loop
      vertex 161.178 -80.3223 0
      vertex 161.334 -80.0613 1.6
      vertex 161.334 -80.0613 0
    endloop
  endfacet
  facet normal -0.858362 0.513044 0
    outer loop
      vertex 161.334 -80.0613 1.6
      vertex 161.178 -80.3223 0
      vertex 161.178 -80.3223 1.6
    endloop
  endfacet
  facet normal -0.594843 0.803842 0
    outer loop
      vertex 160.567 -80.9963 0
      vertex 160.322 -81.1776 1.6
      vertex 160.567 -80.9963 1.6
    endloop
  endfacet
  facet normal -0.594843 0.803842 0
    outer loop
      vertex 160.322 -81.1776 1.6
      vertex 160.567 -80.9963 0
      vertex 160.322 -81.1776 0
    endloop
  endfacet
  facet normal 0.514012 -0.857783 0
    outer loop
      vertex 156.878 -76.0224 0
      vertex 157.139 -75.866 1.6
      vertex 156.878 -76.0224 1.6
    endloop
  endfacet
  facet normal 0.514012 -0.857783 0
    outer loop
      vertex 157.139 -75.866 1.6
      vertex 156.878 -76.0224 0
      vertex 157.139 -75.866 0
    endloop
  endfacet
  facet normal -0.514012 0.857783 0
    outer loop
      vertex 160.322 -81.1776 0
      vertex 160.061 -81.334 1.6
      vertex 160.322 -81.1776 1.6
    endloop
  endfacet
  facet normal -0.514012 0.857783 0
    outer loop
      vertex 160.061 -81.334 1.6
      vertex 160.322 -81.1776 0
      vertex 160.061 -81.334 0
    endloop
  endfacet
  facet normal -0.146894 -0.989152 0
    outer loop
      vertex 158.904 -75.5149 0
      vertex 159.205 -75.5596 1.6
      vertex 158.904 -75.5149 1.6
    endloop
  endfacet
  facet normal -0.146894 -0.989152 -0
    outer loop
      vertex 159.205 -75.5596 1.6
      vertex 158.904 -75.5149 0
      vertex 159.205 -75.5596 0
    endloop
  endfacet
  facet normal -0.940996 0.338417 0
    outer loop
      vertex 161.464 -79.7863 0
      vertex 161.567 -79.4999 1.6
      vertex 161.567 -79.4999 0
    endloop
  endfacet
  facet normal -0.940996 0.338417 0
    outer loop
      vertex 161.567 -79.4999 1.6
      vertex 161.464 -79.7863 0
      vertex 161.464 -79.7863 1.6
    endloop
  endfacet
  facet normal -0.858362 -0.513044 0
    outer loop
      vertex 161.334 -77.1387 0
      vertex 161.178 -76.8777 1.6
      vertex 161.178 -76.8777 0
    endloop
  endfacet
  facet normal -0.858362 -0.513044 0
    outer loop
      vertex 161.178 -76.8777 1.6
      vertex 161.334 -77.1387 0
      vertex 161.334 -77.1387 1.6
    endloop
  endfacet
  facet normal 0.998784 -0.0492983 0
    outer loop
      vertex 155.5 -78.6 1.6
      vertex 155.515 -78.2961 0
      vertex 155.515 -78.2961 1.6
    endloop
  endfacet
  facet normal 0.998784 -0.0492983 0
    outer loop
      vertex 155.515 -78.2961 0
      vertex 155.5 -78.6 1.6
      vertex 155.5 -78.6 0
    endloop
  endfacet
  facet normal -0.940996 -0.338417 0
    outer loop
      vertex 161.567 -77.7001 0
      vertex 161.464 -77.4137 1.6
      vertex 161.464 -77.4137 0
    endloop
  endfacet
  facet normal -0.940996 -0.338417 0
    outer loop
      vertex 161.464 -77.4137 1.6
      vertex 161.567 -77.7001 0
      vertex 161.567 -77.7001 1.6
    endloop
  endfacet
  facet normal 0.146894 0.989152 -0
    outer loop
      vertex 158.296 -81.6851 0
      vertex 157.995 -81.6404 1.6
      vertex 158.296 -81.6851 1.6
    endloop
  endfacet
  facet normal 0.146894 0.989152 0
    outer loop
      vertex 157.995 -81.6404 1.6
      vertex 158.296 -81.6851 0
      vertex 157.995 -81.6404 0
    endloop
  endfacet
  facet normal -0.741427 0.671034 0
    outer loop
      vertex 160.792 -80.792 0
      vertex 160.996 -80.5666 1.6
      vertex 160.996 -80.5666 0
    endloop
  endfacet
  facet normal -0.741427 0.671034 0
    outer loop
      vertex 160.996 -80.5666 1.6
      vertex 160.792 -80.792 0
      vertex 160.792 -80.792 1.6
    endloop
  endfacet
  facet normal -0.0489544 0.998801 0
    outer loop
      vertex 158.904 -81.6851 0
      vertex 158.6 -81.7 1.6
      vertex 158.904 -81.6851 1.6
    endloop
  endfacet
  facet normal -0.0489544 0.998801 0
    outer loop
      vertex 158.6 -81.7 1.6
      vertex 158.904 -81.6851 0
      vertex 158.6 -81.7 0
    endloop
  endfacet
  facet normal -0.904072 0.42738 0
    outer loop
      vertex 161.334 -80.0613 0
      vertex 161.464 -79.7863 1.6
      vertex 161.464 -79.7863 0
    endloop
  endfacet
  facet normal -0.904072 0.42738 0
    outer loop
      vertex 161.464 -79.7863 1.6
      vertex 161.334 -80.0613 0
      vertex 161.334 -80.0613 1.6
    endloop
  endfacet
  facet normal 0.146894 -0.989152 0
    outer loop
      vertex 157.995 -75.5596 0
      vertex 158.296 -75.5149 1.6
      vertex 157.995 -75.5596 1.6
    endloop
  endfacet
  facet normal 0.146894 -0.989152 0
    outer loop
      vertex 158.296 -75.5149 1.6
      vertex 157.995 -75.5596 0
      vertex 158.296 -75.5149 0
    endloop
  endfacet
  facet normal -0.67223 -0.740342 0
    outer loop
      vertex 160.567 -76.2037 0
      vertex 160.792 -76.408 1.6
      vertex 160.567 -76.2037 1.6
    endloop
  endfacet
  facet normal -0.67223 -0.740342 -0
    outer loop
      vertex 160.792 -76.408 1.6
      vertex 160.567 -76.2037 0
      vertex 160.792 -76.408 0
    endloop
  endfacet
  facet normal 0.0489544 -0.998801 0
    outer loop
      vertex 158.296 -75.5149 0
      vertex 158.6 -75.5 1.6
      vertex 158.296 -75.5149 1.6
    endloop
  endfacet
  facet normal 0.0489544 -0.998801 0
    outer loop
      vertex 158.6 -75.5 1.6
      vertex 158.296 -75.5149 0
      vertex 158.6 -75.5 0
    endloop
  endfacet
  facet normal 0.741427 0.671034 0
    outer loop
      vertex 156.408 -80.792 1.6
      vertex 156.204 -80.5666 0
      vertex 156.204 -80.5666 1.6
    endloop
  endfacet
  facet normal 0.741427 0.671034 0
    outer loop
      vertex 156.204 -80.5666 0
      vertex 156.408 -80.792 1.6
      vertex 156.408 -80.792 0
    endloop
  endfacet
  facet normal 0.904072 0.42738 0
    outer loop
      vertex 155.866 -80.0613 1.6
      vertex 155.736 -79.7863 0
      vertex 155.736 -79.7863 1.6
    endloop
  endfacet
  facet normal 0.904072 0.42738 0
    outer loop
      vertex 155.736 -79.7863 0
      vertex 155.866 -80.0613 1.6
      vertex 155.866 -80.0613 0
    endloop
  endfacet
  facet normal 0.67223 -0.740342 0
    outer loop
      vertex 156.408 -76.408 0
      vertex 156.633 -76.2037 1.6
      vertex 156.408 -76.408 1.6
    endloop
  endfacet
  facet normal 0.67223 -0.740342 0
    outer loop
      vertex 156.633 -76.2037 1.6
      vertex 156.408 -76.408 0
      vertex 156.633 -76.2037 0
    endloop
  endfacet
  facet normal 0.970739 0.240135 0
    outer loop
      vertex 155.633 -79.4999 1.6
      vertex 155.56 -79.2048 0
      vertex 155.56 -79.2048 1.6
    endloop
  endfacet
  facet normal 0.970739 0.240135 0
    outer loop
      vertex 155.56 -79.2048 0
      vertex 155.633 -79.4999 1.6
      vertex 155.633 -79.4999 0
    endloop
  endfacet
  facet normal -0.243 0.970026 0
    outer loop
      vertex 159.5 -81.5665 0
      vertex 159.205 -81.6404 1.6
      vertex 159.5 -81.5665 1.6
    endloop
  endfacet
  facet normal -0.243 0.970026 0
    outer loop
      vertex 159.205 -81.6404 1.6
      vertex 159.5 -81.5665 0
      vertex 159.205 -81.6404 0
    endloop
  endfacet
  facet normal 0.970739 -0.240135 0
    outer loop
      vertex 155.56 -77.9952 1.6
      vertex 155.633 -77.7001 0
      vertex 155.633 -77.7001 1.6
    endloop
  endfacet
  facet normal 0.970739 -0.240135 0
    outer loop
      vertex 155.633 -77.7001 0
      vertex 155.56 -77.9952 1.6
      vertex 155.56 -77.9952 0
    endloop
  endfacet
  facet normal 0.42738 -0.904072 0
    outer loop
      vertex 157.139 -75.866 0
      vertex 157.414 -75.736 1.6
      vertex 157.139 -75.866 1.6
    endloop
  endfacet
  facet normal 0.42738 -0.904072 0
    outer loop
      vertex 157.414 -75.736 1.6
      vertex 157.139 -75.866 0
      vertex 157.414 -75.736 0
    endloop
  endfacet
  facet normal 0.741427 -0.671034 0
    outer loop
      vertex 156.204 -76.6334 1.6
      vertex 156.408 -76.408 0
      vertex 156.408 -76.408 1.6
    endloop
  endfacet
  facet normal 0.741427 -0.671034 0
    outer loop
      vertex 156.408 -76.408 0
      vertex 156.204 -76.6334 1.6
      vertex 156.204 -76.6334 0
    endloop
  endfacet
  facet normal -0.0489544 -0.998801 0
    outer loop
      vertex 158.6 -75.5 0
      vertex 158.904 -75.5149 1.6
      vertex 158.6 -75.5 1.6
    endloop
  endfacet
  facet normal -0.0489544 -0.998801 -0
    outer loop
      vertex 158.904 -75.5149 1.6
      vertex 158.6 -75.5 0
      vertex 158.904 -75.5149 0
    endloop
  endfacet
  facet normal 0.989001 -0.147906 0
    outer loop
      vertex 155.515 -78.2961 1.6
      vertex 155.56 -77.9952 0
      vertex 155.56 -77.9952 1.6
    endloop
  endfacet
  facet normal 0.989001 -0.147906 0
    outer loop
      vertex 155.56 -77.9952 0
      vertex 155.515 -78.2961 1.6
      vertex 155.515 -78.2961 0
    endloop
  endfacet
  facet normal -0.594843 -0.803842 0
    outer loop
      vertex 160.322 -76.0224 0
      vertex 160.567 -76.2037 1.6
      vertex 160.322 -76.0224 1.6
    endloop
  endfacet
  facet normal -0.594843 -0.803842 -0
    outer loop
      vertex 160.567 -76.2037 1.6
      vertex 160.322 -76.0224 0
      vertex 160.567 -76.2037 0
    endloop
  endfacet
  facet normal 0 0 -1
    outer loop
      vertex 160.3 -78.6 1.6
      vertex 161.7 -78.6 1.6
      vertex 161.685 -78.9039 1.6
    endloop
  endfacet
  facet normal 0 0 -1
    outer loop
      vertex 160.292 -78.7666 1.6
      vertex 161.685 -78.9039 1.6
      vertex 161.64 -79.2048 1.6
    endloop
  endfacet
  facet normal 0 0 -1
    outer loop
      vertex 161.7 -78.6 1.6
      vertex 160.3 -78.6 1.6
      vertex 161.685 -78.2961 1.6
    endloop
  endfacet
  facet normal 0 0 -1
    outer loop
      vertex 160.267 -78.9317 1.6
      vertex 161.64 -79.2048 1.6
      vertex 161.567 -79.4999 1.6
    endloop
  endfacet
  facet normal 0 0 -1
    outer loop
      vertex 160.292 -78.4334 1.6
      vertex 161.685 -78.2961 1.6
      vertex 160.3 -78.6 1.6
    endloop
  endfacet
  facet normal 0 0 -1
    outer loop
      vertex 160.227 -79.0935 1.6
      vertex 161.567 -79.4999 1.6
      vertex 161.464 -79.7863 1.6
    endloop
  endfacet
  facet normal -0 0 -1
    outer loop
      vertex 161.685 -78.2961 1.6
      vertex 160.292 -78.4334 1.6
      vertex 161.64 -77.9952 1.6
    endloop
  endfacet
  facet normal 0 0 -1
    outer loop
      vertex 160.171 -79.2506 1.6
      vertex 161.464 -79.7863 1.6
      vertex 161.334 -80.0613 1.6
    endloop
  endfacet
  facet normal 0 0 -1
    outer loop
      vertex 160.267 -78.2683 1.6
      vertex 161.64 -77.9952 1.6
      vertex 160.292 -78.4334 1.6
    endloop
  endfacet
  facet normal 0 0 -1
    outer loop
      vertex 160.099 -79.4014 1.6
      vertex 161.334 -80.0613 1.6
      vertex 161.178 -80.3223 1.6
    endloop
  endfacet
  facet normal -0 0 -1
    outer loop
      vertex 161.64 -77.9952 1.6
      vertex 160.267 -78.2683 1.6
      vertex 161.567 -77.7001 1.6
    endloop
  endfacet
  facet normal 0 0 -1
    outer loop
      vertex 160.014 -79.5445 1.6
      vertex 161.178 -80.3223 1.6
      vertex 160.996 -80.5666 1.6
    endloop
  endfacet
  facet normal 0 0 -1
    outer loop
      vertex 160.227 -78.1065 1.6
      vertex 161.567 -77.7001 1.6
      vertex 160.267 -78.2683 1.6
    endloop
  endfacet
  facet normal 0 0 -1
    outer loop
      vertex 159.914 -79.6785 1.6
      vertex 160.996 -80.5666 1.6
      vertex 160.792 -80.792 1.6
    endloop
  endfacet
  facet normal -0 0 -1
    outer loop
      vertex 161.567 -77.7001 1.6
      vertex 160.227 -78.1065 1.6
      vertex 161.464 -77.4137 1.6
    endloop
  endfacet
  facet normal 0 0 -1
    outer loop
      vertex 159.802 -79.8021 1.6
      vertex 160.792 -80.792 1.6
      vertex 160.567 -80.9963 1.6
    endloop
  endfacet
  facet normal 0 0 -1
    outer loop
      vertex 160.171 -77.9494 1.6
      vertex 161.464 -77.4137 1.6
      vertex 160.227 -78.1065 1.6
    endloop
  endfacet
  facet normal 0 0 -1
    outer loop
      vertex 159.678 -79.9141 1.6
      vertex 160.567 -80.9963 1.6
      vertex 160.322 -81.1776 1.6
    endloop
  endfacet
  facet normal -0 0 -1
    outer loop
      vertex 161.464 -77.4137 1.6
      vertex 160.171 -77.9494 1.6
      vertex 161.334 -77.1387 1.6
    endloop
  endfacet
  facet normal 0 0 -1
    outer loop
      vertex 160.099 -77.7986 1.6
      vertex 161.334 -77.1387 1.6
      vertex 160.171 -77.9494 1.6
    endloop
  endfacet
  facet normal 0 0 -1
    outer loop
      vertex 161.685 -78.9039 1.6
      vertex 160.292 -78.7666 1.6
      vertex 160.3 -78.6 1.6
    endloop
  endfacet
  facet normal 0 0 -1
    outer loop
      vertex 161.64 -79.2048 1.6
      vertex 160.267 -78.9317 1.6
      vertex 160.292 -78.7666 1.6
    endloop
  endfacet
  facet normal 0 0 -1
    outer loop
      vertex 161.567 -79.4999 1.6
      vertex 160.227 -79.0935 1.6
      vertex 160.267 -78.9317 1.6
    endloop
  endfacet
  facet normal 0 0 -1
    outer loop
      vertex 161.464 -79.7863 1.6
      vertex 160.171 -79.2506 1.6
      vertex 160.227 -79.0935 1.6
    endloop
  endfacet
  facet normal 0 0 -1
    outer loop
      vertex 161.334 -80.0613 1.6
      vertex 160.099 -79.4014 1.6
      vertex 160.171 -79.2506 1.6
    endloop
  endfacet
  facet normal 0 0 -1
    outer loop
      vertex 159.544 -80.0135 1.6
      vertex 160.322 -81.1776 1.6
      vertex 160.061 -81.334 1.6
    endloop
  endfacet
  facet normal 0 0 -1
    outer loop
      vertex 161.178 -80.3223 1.6
      vertex 160.014 -79.5445 1.6
      vertex 160.099 -79.4014 1.6
    endloop
  endfacet
  facet normal 0 0 -1
    outer loop
      vertex 160.996 -80.5666 1.6
      vertex 159.914 -79.6785 1.6
      vertex 160.014 -79.5445 1.6
    endloop
  endfacet
  facet normal 0 0 -1
    outer loop
      vertex 160.792 -80.792 1.6
      vertex 159.802 -79.8021 1.6
      vertex 159.914 -79.6785 1.6
    endloop
  endfacet
  facet normal 0 0 -1
    outer loop
      vertex 159.401 -80.0993 1.6
      vertex 160.061 -81.334 1.6
      vertex 159.786 -81.464 1.6
    endloop
  endfacet
  facet normal 0 0 -1
    outer loop
      vertex 160.567 -80.9963 1.6
      vertex 159.678 -79.9141 1.6
      vertex 159.802 -79.8021 1.6
    endloop
  endfacet
  facet normal 0 0 -1
    outer loop
      vertex 160.322 -81.1776 1.6
      vertex 159.544 -80.0135 1.6
      vertex 159.678 -79.9141 1.6
    endloop
  endfacet
  facet normal 0 0 -1
    outer loop
      vertex 159.251 -80.1706 1.6
      vertex 159.786 -81.464 1.6
      vertex 159.5 -81.5665 1.6
    endloop
  endfacet
  facet normal 0 0 -1
    outer loop
      vertex 160.061 -81.334 1.6
      vertex 159.401 -80.0993 1.6
      vertex 159.544 -80.0135 1.6
    endloop
  endfacet
  facet normal 0 0 -1
    outer loop
      vertex 159.786 -81.464 1.6
      vertex 159.251 -80.1706 1.6
      vertex 159.401 -80.0993 1.6
    endloop
  endfacet
  facet normal 0 0 -1
    outer loop
      vertex 159.093 -80.2268 1.6
      vertex 159.5 -81.5665 1.6
      vertex 159.205 -81.6404 1.6
    endloop
  endfacet
  facet normal 0 0 -1
    outer loop
      vertex 159.5 -81.5665 1.6
      vertex 159.093 -80.2268 1.6
      vertex 159.251 -80.1706 1.6
    endloop
  endfacet
  facet normal 0 0 -1
    outer loop
      vertex 159.205 -81.6404 1.6
      vertex 158.932 -80.2673 1.6
      vertex 159.093 -80.2268 1.6
    endloop
  endfacet
  facet normal 0 0 -1
    outer loop
      vertex 158.904 -81.6851 1.6
      vertex 158.932 -80.2673 1.6
      vertex 159.205 -81.6404 1.6
    endloop
  endfacet
  facet normal 0 0 -1
    outer loop
      vertex 158.904 -81.6851 1.6
      vertex 158.767 -80.2918 1.6
      vertex 158.932 -80.2673 1.6
    endloop
  endfacet
  facet normal 0 0 -1
    outer loop
      vertex 158.6 -81.7 1.6
      vertex 158.767 -80.2918 1.6
      vertex 158.904 -81.6851 1.6
    endloop
  endfacet
  facet normal 0 0 -1
    outer loop
      vertex 158.6 -81.7 1.6
      vertex 158.6 -80.3 1.6
      vertex 158.767 -80.2918 1.6
    endloop
  endfacet
  facet normal 0 0 -1
    outer loop
      vertex 158.6 -81.7 1.6
      vertex 158.433 -80.2918 1.6
      vertex 158.6 -80.3 1.6
    endloop
  endfacet
  facet normal 0 0 -1
    outer loop
      vertex 158.296 -81.6851 1.6
      vertex 158.433 -80.2918 1.6
      vertex 158.6 -81.7 1.6
    endloop
  endfacet
  facet normal 0 0 -1
    outer loop
      vertex 158.296 -81.6851 1.6
      vertex 158.268 -80.2673 1.6
      vertex 158.433 -80.2918 1.6
    endloop
  endfacet
  facet normal 0 0 -1
    outer loop
      vertex 157.995 -81.6404 1.6
      vertex 158.268 -80.2673 1.6
      vertex 158.296 -81.6851 1.6
    endloop
  endfacet
  facet normal -0 0 -1
    outer loop
      vertex 158.268 -80.2673 1.6
      vertex 157.995 -81.6404 1.6
      vertex 158.107 -80.2268 1.6
    endloop
  endfacet
  facet normal 0 0 -1
    outer loop
      vertex 157.7 -81.5665 1.6
      vertex 158.107 -80.2268 1.6
      vertex 157.995 -81.6404 1.6
    endloop
  endfacet
  facet normal -0 0 -1
    outer loop
      vertex 158.107 -80.2268 1.6
      vertex 157.7 -81.5665 1.6
      vertex 157.949 -80.1706 1.6
    endloop
  endfacet
  facet normal 0 0 -1
    outer loop
      vertex 157.414 -81.464 1.6
      vertex 157.949 -80.1706 1.6
      vertex 157.7 -81.5665 1.6
    endloop
  endfacet
  facet normal -0 0 -1
    outer loop
      vertex 157.949 -80.1706 1.6
      vertex 157.414 -81.464 1.6
      vertex 157.799 -80.0993 1.6
    endloop
  endfacet
  facet normal 0 0 -1
    outer loop
      vertex 157.139 -81.334 1.6
      vertex 157.799 -80.0993 1.6
      vertex 157.414 -81.464 1.6
    endloop
  endfacet
  facet normal -0 0 -1
    outer loop
      vertex 157.799 -80.0993 1.6
      vertex 157.139 -81.334 1.6
      vertex 157.656 -80.0135 1.6
    endloop
  endfacet
  facet normal 0 0 -1
    outer loop
      vertex 156.878 -81.1776 1.6
      vertex 157.656 -80.0135 1.6
      vertex 157.139 -81.334 1.6
    endloop
  endfacet
  facet normal -0 0 -1
    outer loop
      vertex 157.656 -80.0135 1.6
      vertex 156.878 -81.1776 1.6
      vertex 157.522 -79.9141 1.6
    endloop
  endfacet
  facet normal 0 0 -1
    outer loop
      vertex 156.633 -80.9963 1.6
      vertex 157.522 -79.9141 1.6
      vertex 156.878 -81.1776 1.6
    endloop
  endfacet
  facet normal -0 0 -1
    outer loop
      vertex 157.522 -79.9141 1.6
      vertex 156.633 -80.9963 1.6
      vertex 157.398 -79.8021 1.6
    endloop
  endfacet
  facet normal 0 0 -1
    outer loop
      vertex 156.408 -80.792 1.6
      vertex 157.398 -79.8021 1.6
      vertex 156.633 -80.9963 1.6
    endloop
  endfacet
  facet normal -0 0 -1
    outer loop
      vertex 157.398 -79.8021 1.6
      vertex 156.408 -80.792 1.6
      vertex 157.286 -79.6785 1.6
    endloop
  endfacet
  facet normal 0 0 -1
    outer loop
      vertex 156.204 -80.5666 1.6
      vertex 157.286 -79.6785 1.6
      vertex 156.408 -80.792 1.6
    endloop
  endfacet
  facet normal -0 0 -1
    outer loop
      vertex 157.286 -79.6785 1.6
      vertex 156.204 -80.5666 1.6
      vertex 157.187 -79.5445 1.6
    endloop
  endfacet
  facet normal 0 0 -1
    outer loop
      vertex 156.022 -80.3223 1.6
      vertex 157.187 -79.5445 1.6
      vertex 156.204 -80.5666 1.6
    endloop
  endfacet
  facet normal 0 0 -1
    outer loop
      vertex 155.866 -80.0613 1.6
      vertex 157.101 -79.4014 1.6
      vertex 156.022 -80.3223 1.6
    endloop
  endfacet
  facet normal -0 0 -1
    outer loop
      vertex 157.187 -79.5445 1.6
      vertex 156.022 -80.3223 1.6
      vertex 157.101 -79.4014 1.6
    endloop
  endfacet
  facet normal -0 0 -1
    outer loop
      vertex 161.334 -77.1387 1.6
      vertex 160.099 -77.7986 1.6
      vertex 161.178 -76.8777 1.6
    endloop
  endfacet
  facet normal 0 0 -1
    outer loop
      vertex 160.014 -77.6555 1.6
      vertex 161.178 -76.8777 1.6
      vertex 160.099 -77.7986 1.6
    endloop
  endfacet
  facet normal -0 0 -1
    outer loop
      vertex 161.178 -76.8777 1.6
      vertex 160.014 -77.6555 1.6
      vertex 160.996 -76.6334 1.6
    endloop
  endfacet
  facet normal 0 0 -1
    outer loop
      vertex 159.914 -77.5215 1.6
      vertex 160.996 -76.6334 1.6
      vertex 160.014 -77.6555 1.6
    endloop
  endfacet
  facet normal -0 0 -1
    outer loop
      vertex 160.996 -76.6334 1.6
      vertex 159.914 -77.5215 1.6
      vertex 160.792 -76.408 1.6
    endloop
  endfacet
  facet normal 0 0 -1
    outer loop
      vertex 159.802 -77.3979 1.6
      vertex 160.792 -76.408 1.6
      vertex 159.914 -77.5215 1.6
    endloop
  endfacet
  facet normal -0 0 -1
    outer loop
      vertex 160.792 -76.408 1.6
      vertex 159.802 -77.3979 1.6
      vertex 160.567 -76.2037 1.6
    endloop
  endfacet
  facet normal 0 0 -1
    outer loop
      vertex 159.678 -77.2859 1.6
      vertex 160.567 -76.2037 1.6
      vertex 159.802 -77.3979 1.6
    endloop
  endfacet
  facet normal -0 0 -1
    outer loop
      vertex 160.567 -76.2037 1.6
      vertex 159.678 -77.2859 1.6
      vertex 160.322 -76.0224 1.6
    endloop
  endfacet
  facet normal 0 0 -1
    outer loop
      vertex 159.544 -77.1865 1.6
      vertex 160.322 -76.0224 1.6
      vertex 159.678 -77.2859 1.6
    endloop
  endfacet
  facet normal -0 0 -1
    outer loop
      vertex 160.322 -76.0224 1.6
      vertex 159.544 -77.1865 1.6
      vertex 160.061 -75.866 1.6
    endloop
  endfacet
  facet normal 0 0 -1
    outer loop
      vertex 159.401 -77.1007 1.6
      vertex 160.061 -75.866 1.6
      vertex 159.544 -77.1865 1.6
    endloop
  endfacet
  facet normal -0 0 -1
    outer loop
      vertex 160.061 -75.866 1.6
      vertex 159.401 -77.1007 1.6
      vertex 159.786 -75.736 1.6
    endloop
  endfacet
  facet normal 0 0 -1
    outer loop
      vertex 159.251 -77.0294 1.6
      vertex 159.786 -75.736 1.6
      vertex 159.401 -77.1007 1.6
    endloop
  endfacet
  facet normal -0 0 -1
    outer loop
      vertex 159.786 -75.736 1.6
      vertex 159.251 -77.0294 1.6
      vertex 159.5 -75.6335 1.6
    endloop
  endfacet
  facet normal 0 0 -1
    outer loop
      vertex 159.093 -76.9732 1.6
      vertex 159.5 -75.6335 1.6
      vertex 159.251 -77.0294 1.6
    endloop
  endfacet
  facet normal -0 0 -1
    outer loop
      vertex 159.5 -75.6335 1.6
      vertex 159.093 -76.9732 1.6
      vertex 159.205 -75.5596 1.6
    endloop
  endfacet
  facet normal 0 0 -1
    outer loop
      vertex 158.932 -76.9327 1.6
      vertex 159.205 -75.5596 1.6
      vertex 159.093 -76.9732 1.6
    endloop
  endfacet
  facet normal 0 0 -1
    outer loop
      vertex 158.932 -76.9327 1.6
      vertex 158.904 -75.5149 1.6
      vertex 159.205 -75.5596 1.6
    endloop
  endfacet
  facet normal 0 0 -1
    outer loop
      vertex 158.767 -76.9082 1.6
      vertex 158.904 -75.5149 1.6
      vertex 158.932 -76.9327 1.6
    endloop
  endfacet
  facet normal 0 0 -1
    outer loop
      vertex 158.6 -76.9 1.6
      vertex 158.904 -75.5149 1.6
      vertex 158.767 -76.9082 1.6
    endloop
  endfacet
  facet normal 0 0 -1
    outer loop
      vertex 158.6 -76.9 1.6
      vertex 158.6 -75.5 1.6
      vertex 158.904 -75.5149 1.6
    endloop
  endfacet
  facet normal 0 0 -1
    outer loop
      vertex 158.433 -76.9082 1.6
      vertex 158.6 -75.5 1.6
      vertex 158.6 -76.9 1.6
    endloop
  endfacet
  facet normal 0 0 -1
    outer loop
      vertex 158.433 -76.9082 1.6
      vertex 158.296 -75.5149 1.6
      vertex 158.6 -75.5 1.6
    endloop
  endfacet
  facet normal 0 0 -1
    outer loop
      vertex 158.268 -76.9327 1.6
      vertex 158.296 -75.5149 1.6
      vertex 158.433 -76.9082 1.6
    endloop
  endfacet
  facet normal 0 0 -1
    outer loop
      vertex 157.995 -75.5596 1.6
      vertex 158.268 -76.9327 1.6
      vertex 158.107 -76.9732 1.6
    endloop
  endfacet
  facet normal 0 0 -1
    outer loop
      vertex 158.268 -76.9327 1.6
      vertex 157.995 -75.5596 1.6
      vertex 158.296 -75.5149 1.6
    endloop
  endfacet
  facet normal 0 0 -1
    outer loop
      vertex 157.7 -75.6335 1.6
      vertex 158.107 -76.9732 1.6
      vertex 157.949 -77.0294 1.6
    endloop
  endfacet
  facet normal 0 0 -1
    outer loop
      vertex 157.414 -75.736 1.6
      vertex 157.949 -77.0294 1.6
      vertex 157.799 -77.1007 1.6
    endloop
  endfacet
  facet normal 0 0 -1
    outer loop
      vertex 158.107 -76.9732 1.6
      vertex 157.7 -75.6335 1.6
      vertex 157.995 -75.5596 1.6
    endloop
  endfacet
  facet normal 0 0 -1
    outer loop
      vertex 157.139 -75.866 1.6
      vertex 157.799 -77.1007 1.6
      vertex 157.656 -77.1865 1.6
    endloop
  endfacet
  facet normal 0 0 -1
    outer loop
      vertex 156.878 -76.0224 1.6
      vertex 157.656 -77.1865 1.6
      vertex 157.522 -77.2859 1.6
    endloop
  endfacet
  facet normal 0 0 -1
    outer loop
      vertex 157.949 -77.0294 1.6
      vertex 157.414 -75.736 1.6
      vertex 157.7 -75.6335 1.6
    endloop
  endfacet
  facet normal 0 0 -1
    outer loop
      vertex 156.633 -76.2037 1.6
      vertex 157.522 -77.2859 1.6
      vertex 157.398 -77.3979 1.6
    endloop
  endfacet
  facet normal 0 0 -1
    outer loop
      vertex 156.408 -76.408 1.6
      vertex 157.398 -77.3979 1.6
      vertex 157.286 -77.5215 1.6
    endloop
  endfacet
  facet normal 0 0 -1
    outer loop
      vertex 156.204 -76.6334 1.6
      vertex 157.286 -77.5215 1.6
      vertex 157.187 -77.6555 1.6
    endloop
  endfacet
  facet normal 0 0 -1
    outer loop
      vertex 157.799 -77.1007 1.6
      vertex 157.139 -75.866 1.6
      vertex 157.414 -75.736 1.6
    endloop
  endfacet
  facet normal 0 0 -1
    outer loop
      vertex 156.022 -76.8777 1.6
      vertex 157.187 -77.6555 1.6
      vertex 157.101 -77.7986 1.6
    endloop
  endfacet
  facet normal 0 0 -1
    outer loop
      vertex 155.866 -77.1387 1.6
      vertex 157.101 -77.7986 1.6
      vertex 157.029 -77.9494 1.6
    endloop
  endfacet
  facet normal 0 0 -1
    outer loop
      vertex 155.736 -77.4137 1.6
      vertex 157.029 -77.9494 1.6
      vertex 156.973 -78.1065 1.6
    endloop
  endfacet
  facet normal 0 0 -1
    outer loop
      vertex 155.633 -77.7001 1.6
      vertex 156.973 -78.1065 1.6
      vertex 156.933 -78.2683 1.6
    endloop
  endfacet
  facet normal 0 0 -1
    outer loop
      vertex 155.56 -77.9952 1.6
      vertex 156.933 -78.2683 1.6
      vertex 156.908 -78.4334 1.6
    endloop
  endfacet
  facet normal 0 0 -1
    outer loop
      vertex 157.656 -77.1865 1.6
      vertex 156.878 -76.0224 1.6
      vertex 157.139 -75.866 1.6
    endloop
  endfacet
  facet normal 0 0 -1
    outer loop
      vertex 155.515 -78.2961 1.6
      vertex 156.908 -78.4334 1.6
      vertex 156.9 -78.6 1.6
    endloop
  endfacet
  facet normal -0 0 -1
    outer loop
      vertex 157.101 -79.4014 1.6
      vertex 155.866 -80.0613 1.6
      vertex 157.029 -79.2506 1.6
    endloop
  endfacet
  facet normal 0 0 -1
    outer loop
      vertex 155.736 -79.7863 1.6
      vertex 157.029 -79.2506 1.6
      vertex 155.866 -80.0613 1.6
    endloop
  endfacet
  facet normal 0 0 -1
    outer loop
      vertex 157.522 -77.2859 1.6
      vertex 156.633 -76.2037 1.6
      vertex 156.878 -76.0224 1.6
    endloop
  endfacet
  facet normal -0 0 -1
    outer loop
      vertex 157.029 -79.2506 1.6
      vertex 155.736 -79.7863 1.6
      vertex 156.973 -79.0935 1.6
    endloop
  endfacet
  facet normal 0 0 -1
    outer loop
      vertex 157.398 -77.3979 1.6
      vertex 156.408 -76.408 1.6
      vertex 156.633 -76.2037 1.6
    endloop
  endfacet
  facet normal 0 0 -1
    outer loop
      vertex 155.633 -79.4999 1.6
      vertex 156.973 -79.0935 1.6
      vertex 155.736 -79.7863 1.6
    endloop
  endfacet
  facet normal 0 0 -1
    outer loop
      vertex 157.286 -77.5215 1.6
      vertex 156.204 -76.6334 1.6
      vertex 156.408 -76.408 1.6
    endloop
  endfacet
  facet normal -0 0 -1
    outer loop
      vertex 156.973 -79.0935 1.6
      vertex 155.633 -79.4999 1.6
      vertex 156.933 -78.9317 1.6
    endloop
  endfacet
  facet normal 0 0 -1
    outer loop
      vertex 157.187 -77.6555 1.6
      vertex 156.022 -76.8777 1.6
      vertex 156.204 -76.6334 1.6
    endloop
  endfacet
  facet normal 0 0 -1
    outer loop
      vertex 155.56 -79.2048 1.6
      vertex 156.933 -78.9317 1.6
      vertex 155.633 -79.4999 1.6
    endloop
  endfacet
  facet normal 0 0 -1
    outer loop
      vertex 157.101 -77.7986 1.6
      vertex 155.866 -77.1387 1.6
      vertex 156.022 -76.8777 1.6
    endloop
  endfacet
  facet normal -0 0 -1
    outer loop
      vertex 156.933 -78.9317 1.6
      vertex 155.56 -79.2048 1.6
      vertex 156.908 -78.7666 1.6
    endloop
  endfacet
  facet normal 0 0 -1
    outer loop
      vertex 157.029 -77.9494 1.6
      vertex 155.736 -77.4137 1.6
      vertex 155.866 -77.1387 1.6
    endloop
  endfacet
  facet normal 0 0 -1
    outer loop
      vertex 155.515 -78.9039 1.6
      vertex 156.908 -78.7666 1.6
      vertex 155.56 -79.2048 1.6
    endloop
  endfacet
  facet normal 0 0 -1
    outer loop
      vertex 156.973 -78.1065 1.6
      vertex 155.633 -77.7001 1.6
      vertex 155.736 -77.4137 1.6
    endloop
  endfacet
  facet normal -0 0 -1
    outer loop
      vertex 156.908 -78.7666 1.6
      vertex 155.515 -78.9039 1.6
      vertex 156.9 -78.6 1.6
    endloop
  endfacet
  facet normal 0 0 -1
    outer loop
      vertex 156.933 -78.2683 1.6
      vertex 155.56 -77.9952 1.6
      vertex 155.633 -77.7001 1.6
    endloop
  endfacet
  facet normal 0 0 -1
    outer loop
      vertex 155.5 -78.6 1.6
      vertex 156.9 -78.6 1.6
      vertex 155.515 -78.9039 1.6
    endloop
  endfacet
  facet normal 0 0 -1
    outer loop
      vertex 156.908 -78.4334 1.6
      vertex 155.515 -78.2961 1.6
      vertex 155.56 -77.9952 1.6
    endloop
  endfacet
  facet normal 0 0 -1
    outer loop
      vertex 156.9 -78.6 1.6
      vertex 155.5 -78.6 1.6
      vertex 155.515 -78.2961 1.6
    endloop
  endfacet
  facet normal 0.801926 -0.597423 0
    outer loop
      vertex 156.022 -76.8777 1.6
      vertex 156.204 -76.6334 0
      vertex 156.204 -76.6334 1.6
    endloop
  endfacet
  facet normal 0.801926 -0.597423 0
    outer loop
      vertex 156.204 -76.6334 0
      vertex 156.022 -76.8777 1.6
      vertex 156.022 -76.8777 0
    endloop
  endfacet
  facet normal 0.998784 0.0492983 0
    outer loop
      vertex 155.515 -78.9039 1.6
      vertex 155.5 -78.6 0
      vertex 155.5 -78.6 1.6
    endloop
  endfacet
  facet normal 0.998784 0.0492983 0
    outer loop
      vertex 155.5 -78.6 0
      vertex 155.515 -78.9039 1.6
      vertex 155.515 -78.9039 0
    endloop
  endfacet
  facet normal -0.741427 -0.671034 0
    outer loop
      vertex 160.996 -76.6334 0
      vertex 160.792 -76.408 1.6
      vertex 160.792 -76.408 0
    endloop
  endfacet
  facet normal -0.741427 -0.671034 0
    outer loop
      vertex 160.792 -76.408 1.6
      vertex 160.996 -76.6334 0
      vertex 160.996 -76.6334 1.6
    endloop
  endfacet
  facet normal 0.94134 0.33746 0
    outer loop
      vertex 125.753 -42.0861 3
      vertex 125.382 -41.0512 0
      vertex 125.382 -41.0512 3
    endloop
  endfacet
  facet normal 0.94134 0.33746 0
    outer loop
      vertex 125.382 -41.0512 0
      vertex 125.753 -42.0861 3
      vertex 125.753 -42.0861 0
    endloop
  endfacet
  facet normal -0.989212 0.146489 0
    outer loop
      vertex 147.085 -39.985 0
      vertex 147.246 -38.8978 3
      vertex 147.246 -38.8978 0
    endloop
  endfacet
  facet normal -0.989212 0.146489 0
    outer loop
      vertex 147.246 -38.8978 3
      vertex 147.085 -39.985 0
      vertex 147.085 -39.985 3
    endloop
  endfacet
  facet normal -0.998792 0.0491299 0
    outer loop
      vertex 147.246 -38.8978 0
      vertex 147.3 -37.8 3
      vertex 147.3 -37.8 0
    endloop
  endfacet
  facet normal -0.998792 0.0491299 0
    outer loop
      vertex 147.3 -37.8 3
      vertex 147.246 -38.8978 0
      vertex 147.246 -38.8978 3
    endloop
  endfacet
  facet normal -0.970046 0.242921 0
    outer loop
      vertex 146.818 -41.0512 0
      vertex 147.085 -39.985 3
      vertex 147.085 -39.985 0
    endloop
  endfacet
  facet normal -0.970046 0.242921 0
    outer loop
      vertex 147.085 -39.985 3
      vertex 146.818 -41.0512 0
      vertex 146.818 -41.0512 3
    endloop
  endfacet
  facet normal -0.857365 0.51471 0
    outer loop
      vertex 145.412 -44.0224 0
      vertex 145.978 -43.0796 3
      vertex 145.978 -43.0796 0
    endloop
  endfacet
  facet normal -0.857365 0.51471 0
    outer loop
      vertex 145.978 -43.0796 3
      vertex 145.412 -44.0224 0
      vertex 145.412 -44.0224 3
    endloop
  endfacet
  facet normal -0.427386 0.904069 0
    outer loop
      vertex 141.38 -47.6775 0
      vertex 140.386 -48.1474 3
      vertex 141.38 -47.6775 3
    endloop
  endfacet
  facet normal -0.427386 0.904069 0
    outer loop
      vertex 140.386 -48.1474 3
      vertex 141.38 -47.6775 0
      vertex 140.386 -48.1474 0
    endloop
  endfacet
  facet normal -0.671273 0.74121 0
    outer loop
      vertex 144.02 -45.7196 0
      vertex 143.205 -46.4577 3
      vertex 144.02 -45.7196 3
    endloop
  endfacet
  facet normal -0.671273 0.74121 0
    outer loop
      vertex 143.205 -46.4577 3
      vertex 144.02 -45.7196 0
      vertex 143.205 -46.4577 0
    endloop
  endfacet
  facet normal 0.857365 0.51471 0
    outer loop
      vertex 126.788 -44.0224 3
      vertex 126.222 -43.0796 0
      vertex 126.222 -43.0796 3
    endloop
  endfacet
  facet normal 0.857365 0.51471 0
    outer loop
      vertex 126.222 -43.0796 0
      vertex 126.788 -44.0224 3
      vertex 126.788 -44.0224 0
    endloop
  endfacet
  facet normal 0.803525 0.595271 0
    outer loop
      vertex 127.442 -44.9052 3
      vertex 126.788 -44.0224 0
      vertex 126.788 -44.0224 3
    endloop
  endfacet
  facet normal 0.803525 0.595271 0
    outer loop
      vertex 126.788 -44.0224 0
      vertex 127.442 -44.9052 3
      vertex 127.442 -44.9052 0
    endloop
  endfacet
  facet normal 0.514362 -0.857573 0
    outer loop
      vertex 129.878 -28.4875 0
      vertex 130.82 -27.9225 3
      vertex 129.878 -28.4875 3
    endloop
  endfacet
  facet normal 0.514362 -0.857573 0
    outer loop
      vertex 130.82 -27.9225 3
      vertex 129.878 -28.4875 0
      vertex 130.82 -27.9225 0
    endloop
  endfacet
  facet normal 0.671273 -0.74121 0
    outer loop
      vertex 128.18 -29.8804 0
      vertex 128.995 -29.1423 3
      vertex 128.18 -29.8804 3
    endloop
  endfacet
  facet normal 0.671273 -0.74121 0
    outer loop
      vertex 128.995 -29.1423 3
      vertex 128.18 -29.8804 0
      vertex 128.995 -29.1423 0
    endloop
  endfacet
  facet normal -0.336867 0.941552 0
    outer loop
      vertex 140.386 -48.1474 0
      vertex 139.351 -48.5177 3
      vertex 140.386 -48.1474 3
    endloop
  endfacet
  facet normal -0.336867 0.941552 0
    outer loop
      vertex 139.351 -48.5177 3
      vertex 140.386 -48.1474 0
      vertex 139.351 -48.5177 0
    endloop
  endfacet
  facet normal -0.0490302 -0.998797 0
    outer loop
      vertex 136.1 -26.6 0
      vertex 137.198 -26.6539 3
      vertex 136.1 -26.6 3
    endloop
  endfacet
  facet normal -0.0490302 -0.998797 -0
    outer loop
      vertex 137.198 -26.6539 3
      vertex 136.1 -26.6 0
      vertex 137.198 -26.6539 0
    endloop
  endfacet
  facet normal -0.243049 0.970014 0
    outer loop
      vertex 139.351 -48.5177 0
      vertex 138.285 -48.7848 3
      vertex 139.351 -48.5177 3
    endloop
  endfacet
  facet normal -0.243049 0.970014 0
    outer loop
      vertex 138.285 -48.7848 3
      vertex 139.351 -48.5177 0
      vertex 138.285 -48.7848 0
    endloop
  endfacet
  facet normal -0.970046 -0.242921 0
    outer loop
      vertex 147.085 -35.615 0
      vertex 146.818 -34.5488 3
      vertex 146.818 -34.5488 0
    endloop
  endfacet
  facet normal -0.970046 -0.242921 0
    outer loop
      vertex 146.818 -34.5488 3
      vertex 147.085 -35.615 0
      vertex 147.085 -35.615 3
    endloop
  endfacet
  facet normal 0.146783 -0.989169 0
    outer loop
      vertex 133.915 -26.8152 0
      vertex 135.002 -26.6539 3
      vertex 133.915 -26.8152 3
    endloop
  endfacet
  facet normal 0.146783 -0.989169 0
    outer loop
      vertex 135.002 -26.6539 3
      vertex 133.915 -26.8152 0
      vertex 135.002 -26.6539 0
    endloop
  endfacet
  facet normal -0.74101 0.671494 0
    outer loop
      vertex 144.02 -45.7196 0
      vertex 144.758 -44.9052 3
      vertex 144.758 -44.9052 0
    endloop
  endfacet
  facet normal -0.74101 0.671494 0
    outer loop
      vertex 144.758 -44.9052 3
      vertex 144.02 -45.7196 0
      vertex 144.02 -45.7196 3
    endloop
  endfacet
  facet normal 0.998792 -0.0491299 0
    outer loop
      vertex 124.9 -37.8 3
      vertex 124.954 -36.7022 0
      vertex 124.954 -36.7022 3
    endloop
  endfacet
  facet normal 0.998792 -0.0491299 0
    outer loop
      vertex 124.954 -36.7022 0
      vertex 124.9 -37.8 3
      vertex 124.9 -37.8 0
    endloop
  endfacet
  facet normal -0.94134 0.33746 0
    outer loop
      vertex 146.447 -42.0861 0
      vertex 146.818 -41.0512 3
      vertex 146.818 -41.0512 0
    endloop
  endfacet
  facet normal -0.94134 0.33746 0
    outer loop
      vertex 146.818 -41.0512 3
      vertex 146.447 -42.0861 0
      vertex 146.447 -42.0861 3
    endloop
  endfacet
  facet normal -0.0490302 0.998797 0
    outer loop
      vertex 137.198 -48.9461 0
      vertex 136.1 -49 3
      vertex 137.198 -48.9461 3
    endloop
  endfacet
  facet normal -0.0490302 0.998797 0
    outer loop
      vertex 136.1 -49 3
      vertex 137.198 -48.9461 0
      vertex 136.1 -49 0
    endloop
  endfacet
  facet normal -0.514362 -0.857573 0
    outer loop
      vertex 141.38 -27.9225 0
      vertex 142.322 -28.4875 3
      vertex 141.38 -27.9225 3
    endloop
  endfacet
  facet normal -0.514362 -0.857573 -0
    outer loop
      vertex 142.322 -28.4875 3
      vertex 141.38 -27.9225 0
      vertex 142.322 -28.4875 0
    endloop
  endfacet
  facet normal 0.970046 -0.242921 0
    outer loop
      vertex 125.115 -35.615 3
      vertex 125.382 -34.5488 0
      vertex 125.382 -34.5488 3
    endloop
  endfacet
  facet normal 0.970046 -0.242921 0
    outer loop
      vertex 125.382 -34.5488 0
      vertex 125.115 -35.615 3
      vertex 125.115 -35.615 0
    endloop
  endfacet
  facet normal 0.336867 0.941552 -0
    outer loop
      vertex 132.849 -48.5177 0
      vertex 131.814 -48.1474 3
      vertex 132.849 -48.5177 3
    endloop
  endfacet
  facet normal 0.336867 0.941552 0
    outer loop
      vertex 131.814 -48.1474 3
      vertex 132.849 -48.5177 0
      vertex 131.814 -48.1474 0
    endloop
  endfacet
  facet normal 0.94134 -0.33746 0
    outer loop
      vertex 125.382 -34.5488 3
      vertex 125.753 -33.5139 0
      vertex 125.753 -33.5139 3
    endloop
  endfacet
  facet normal 0.94134 -0.33746 0
    outer loop
      vertex 125.753 -33.5139 0
      vertex 125.382 -34.5488 3
      vertex 125.382 -34.5488 0
    endloop
  endfacet
  facet normal 0.989212 0.146489 0
    outer loop
      vertex 125.115 -39.985 3
      vertex 124.954 -38.8978 0
      vertex 124.954 -38.8978 3
    endloop
  endfacet
  facet normal 0.989212 0.146489 0
    outer loop
      vertex 124.954 -38.8978 0
      vertex 125.115 -39.985 3
      vertex 125.115 -39.985 0
    endloop
  endfacet
  facet normal 0.671273 0.74121 -0
    outer loop
      vertex 128.995 -46.4577 0
      vertex 128.18 -45.7196 3
      vertex 128.995 -46.4577 3
    endloop
  endfacet
  facet normal 0.671273 0.74121 0
    outer loop
      vertex 128.18 -45.7196 3
      vertex 128.995 -46.4577 0
      vertex 128.18 -45.7196 0
    endloop
  endfacet
  facet normal 0.970046 0.242921 0
    outer loop
      vertex 125.382 -41.0512 3
      vertex 125.115 -39.985 0
      vertex 125.115 -39.985 3
    endloop
  endfacet
  facet normal 0.970046 0.242921 0
    outer loop
      vertex 125.115 -39.985 0
      vertex 125.382 -41.0512 3
      vertex 125.382 -41.0512 0
    endloop
  endfacet
  facet normal -0.427461 -0.904034 0
    outer loop
      vertex 140.386 -27.4525 0
      vertex 141.38 -27.9225 3
      vertex 140.386 -27.4525 3
    endloop
  endfacet
  facet normal -0.427461 -0.904034 -0
    outer loop
      vertex 141.38 -27.9225 3
      vertex 140.386 -27.4525 0
      vertex 141.38 -27.9225 0
    endloop
  endfacet
  facet normal 0.243049 0.970014 -0
    outer loop
      vertex 133.915 -48.7848 0
      vertex 132.849 -48.5177 3
      vertex 133.915 -48.7848 3
    endloop
  endfacet
  facet normal 0.243049 0.970014 0
    outer loop
      vertex 132.849 -48.5177 3
      vertex 133.915 -48.7848 0
      vertex 132.849 -48.5177 0
    endloop
  endfacet
  facet normal 0.74101 0.671494 0
    outer loop
      vertex 128.18 -45.7196 3
      vertex 127.442 -44.9052 0
      vertex 127.442 -44.9052 3
    endloop
  endfacet
  facet normal 0.74101 0.671494 0
    outer loop
      vertex 127.442 -44.9052 0
      vertex 128.18 -45.7196 3
      vertex 128.18 -45.7196 0
    endloop
  endfacet
  facet normal -0.514362 0.857573 0
    outer loop
      vertex 142.322 -47.1125 0
      vertex 141.38 -47.6775 3
      vertex 142.322 -47.1125 3
    endloop
  endfacet
  facet normal -0.514362 0.857573 0
    outer loop
      vertex 141.38 -47.6775 3
      vertex 142.322 -47.1125 0
      vertex 141.38 -47.6775 0
    endloop
  endfacet
  facet normal 0.595654 0.803241 -0
    outer loop
      vertex 129.878 -47.1125 0
      vertex 128.995 -46.4577 3
      vertex 129.878 -47.1125 3
    endloop
  endfacet
  facet normal 0.595654 0.803241 0
    outer loop
      vertex 128.995 -46.4577 3
      vertex 129.878 -47.1125 0
      vertex 128.995 -46.4577 0
    endloop
  endfacet
  facet normal -0.595654 0.803241 0
    outer loop
      vertex 143.205 -46.4577 0
      vertex 142.322 -47.1125 3
      vertex 143.205 -46.4577 3
    endloop
  endfacet
  facet normal -0.595654 0.803241 0
    outer loop
      vertex 142.322 -47.1125 3
      vertex 143.205 -46.4577 0
      vertex 142.322 -47.1125 0
    endloop
  endfacet
  facet normal -0.146783 -0.989169 0
    outer loop
      vertex 137.198 -26.6539 0
      vertex 138.285 -26.8152 3
      vertex 137.198 -26.6539 3
    endloop
  endfacet
  facet normal -0.146783 -0.989169 -0
    outer loop
      vertex 138.285 -26.8152 3
      vertex 137.198 -26.6539 0
      vertex 138.285 -26.8152 0
    endloop
  endfacet
  facet normal -0.94134 -0.33746 0
    outer loop
      vertex 146.818 -34.5488 0
      vertex 146.447 -33.5139 3
      vertex 146.447 -33.5139 0
    endloop
  endfacet
  facet normal -0.94134 -0.33746 0
    outer loop
      vertex 146.447 -33.5139 3
      vertex 146.818 -34.5488 0
      vertex 146.818 -34.5488 3
    endloop
  endfacet
  facet normal -0.74101 -0.671494 0
    outer loop
      vertex 144.758 -30.6948 0
      vertex 144.02 -29.8804 3
      vertex 144.02 -29.8804 0
    endloop
  endfacet
  facet normal -0.74101 -0.671494 0
    outer loop
      vertex 144.02 -29.8804 3
      vertex 144.758 -30.6948 0
      vertex 144.758 -30.6948 3
    endloop
  endfacet
  facet normal -0.803525 -0.595271 0
    outer loop
      vertex 145.412 -31.5776 0
      vertex 144.758 -30.6948 3
      vertex 144.758 -30.6948 0
    endloop
  endfacet
  facet normal -0.803525 -0.595271 0
    outer loop
      vertex 144.758 -30.6948 3
      vertex 145.412 -31.5776 0
      vertex 145.412 -31.5776 3
    endloop
  endfacet
  facet normal 0.514362 0.857573 -0
    outer loop
      vertex 130.82 -47.6775 0
      vertex 129.878 -47.1125 3
      vertex 130.82 -47.6775 3
    endloop
  endfacet
  facet normal 0.514362 0.857573 0
    outer loop
      vertex 129.878 -47.1125 3
      vertex 130.82 -47.6775 0
      vertex 129.878 -47.1125 0
    endloop
  endfacet
  facet normal 0.427386 0.904069 -0
    outer loop
      vertex 131.814 -48.1474 0
      vertex 130.82 -47.6775 3
      vertex 131.814 -48.1474 3
    endloop
  endfacet
  facet normal 0.427386 0.904069 0
    outer loop
      vertex 130.82 -47.6775 3
      vertex 131.814 -48.1474 0
      vertex 130.82 -47.6775 0
    endloop
  endfacet
  facet normal -0.904302 0.426893 0
    outer loop
      vertex 145.978 -43.0796 0
      vertex 146.447 -42.0861 3
      vertex 146.447 -42.0861 0
    endloop
  endfacet
  facet normal -0.904302 0.426893 0
    outer loop
      vertex 146.447 -42.0861 3
      vertex 145.978 -43.0796 0
      vertex 145.978 -43.0796 3
    endloop
  endfacet
  facet normal 0.857365 -0.51471 0
    outer loop
      vertex 126.222 -32.5204 3
      vertex 126.788 -31.5776 0
      vertex 126.788 -31.5776 3
    endloop
  endfacet
  facet normal 0.857365 -0.51471 0
    outer loop
      vertex 126.788 -31.5776 0
      vertex 126.222 -32.5204 3
      vertex 126.222 -32.5204 0
    endloop
  endfacet
  facet normal 0.243049 -0.970014 0
    outer loop
      vertex 132.849 -27.0823 0
      vertex 133.915 -26.8152 3
      vertex 132.849 -27.0823 3
    endloop
  endfacet
  facet normal 0.243049 -0.970014 0
    outer loop
      vertex 133.915 -26.8152 3
      vertex 132.849 -27.0823 0
      vertex 133.915 -26.8152 0
    endloop
  endfacet
  facet normal -0.989212 -0.146489 0
    outer loop
      vertex 147.246 -36.7022 0
      vertex 147.085 -35.615 3
      vertex 147.085 -35.615 0
    endloop
  endfacet
  facet normal -0.989212 -0.146489 0
    outer loop
      vertex 147.085 -35.615 3
      vertex 147.246 -36.7022 0
      vertex 147.246 -36.7022 3
    endloop
  endfacet
  facet normal 0.803525 -0.595271 0
    outer loop
      vertex 126.788 -31.5776 3
      vertex 127.442 -30.6948 0
      vertex 127.442 -30.6948 3
    endloop
  endfacet
  facet normal 0.803525 -0.595271 0
    outer loop
      vertex 127.442 -30.6948 0
      vertex 126.788 -31.5776 3
      vertex 126.788 -31.5776 0
    endloop
  endfacet
  facet normal -0.803525 0.595271 0
    outer loop
      vertex 144.758 -44.9052 0
      vertex 145.412 -44.0224 3
      vertex 145.412 -44.0224 0
    endloop
  endfacet
  facet normal -0.803525 0.595271 0
    outer loop
      vertex 145.412 -44.0224 3
      vertex 144.758 -44.9052 0
      vertex 144.758 -44.9052 3
    endloop
  endfacet
  facet normal 0.904302 -0.426893 0
    outer loop
      vertex 125.753 -33.5139 3
      vertex 126.222 -32.5204 0
      vertex 126.222 -32.5204 3
    endloop
  endfacet
  facet normal 0.904302 -0.426893 0
    outer loop
      vertex 126.222 -32.5204 0
      vertex 125.753 -33.5139 3
      vertex 125.753 -33.5139 0
    endloop
  endfacet
  facet normal -0.146783 0.989169 0
    outer loop
      vertex 138.285 -48.7848 0
      vertex 137.198 -48.9461 3
      vertex 138.285 -48.7848 3
    endloop
  endfacet
  facet normal -0.146783 0.989169 0
    outer loop
      vertex 137.198 -48.9461 3
      vertex 138.285 -48.7848 0
      vertex 137.198 -48.9461 0
    endloop
  endfacet
  facet normal 0.0490302 0.998797 -0
    outer loop
      vertex 136.1 -49 0
      vertex 135.002 -48.9461 3
      vertex 136.1 -49 3
    endloop
  endfacet
  facet normal 0.0490302 0.998797 0
    outer loop
      vertex 135.002 -48.9461 3
      vertex 136.1 -49 0
      vertex 135.002 -48.9461 0
    endloop
  endfacet
  facet normal 0.427461 -0.904034 0
    outer loop
      vertex 130.82 -27.9225 0
      vertex 131.814 -27.4525 3
      vertex 130.82 -27.9225 3
    endloop
  endfacet
  facet normal 0.427461 -0.904034 0
    outer loop
      vertex 131.814 -27.4525 3
      vertex 130.82 -27.9225 0
      vertex 131.814 -27.4525 0
    endloop
  endfacet
  facet normal -0.595654 -0.803241 0
    outer loop
      vertex 142.322 -28.4875 0
      vertex 143.205 -29.1423 3
      vertex 142.322 -28.4875 3
    endloop
  endfacet
  facet normal -0.595654 -0.803241 -0
    outer loop
      vertex 143.205 -29.1423 3
      vertex 142.322 -28.4875 0
      vertex 143.205 -29.1423 0
    endloop
  endfacet
  facet normal -0.998792 -0.0491299 0
    outer loop
      vertex 147.3 -37.8 0
      vertex 147.246 -36.7022 3
      vertex 147.246 -36.7022 0
    endloop
  endfacet
  facet normal -0.998792 -0.0491299 0
    outer loop
      vertex 147.246 -36.7022 3
      vertex 147.3 -37.8 0
      vertex 147.3 -37.8 3
    endloop
  endfacet
  facet normal 0.146783 0.989169 -0
    outer loop
      vertex 135.002 -48.9461 0
      vertex 133.915 -48.7848 3
      vertex 135.002 -48.9461 3
    endloop
  endfacet
  facet normal 0.146783 0.989169 0
    outer loop
      vertex 133.915 -48.7848 3
      vertex 135.002 -48.9461 0
      vertex 133.915 -48.7848 0
    endloop
  endfacet
  facet normal 0.989212 -0.146489 0
    outer loop
      vertex 124.954 -36.7022 3
      vertex 125.115 -35.615 0
      vertex 125.115 -35.615 3
    endloop
  endfacet
  facet normal 0.989212 -0.146489 0
    outer loop
      vertex 125.115 -35.615 0
      vertex 124.954 -36.7022 3
      vertex 124.954 -36.7022 0
    endloop
  endfacet
  facet normal -0.336786 -0.941581 0
    outer loop
      vertex 139.351 -27.0823 0
      vertex 140.386 -27.4525 3
      vertex 139.351 -27.0823 3
    endloop
  endfacet
  facet normal -0.336786 -0.941581 -0
    outer loop
      vertex 140.386 -27.4525 3
      vertex 139.351 -27.0823 0
      vertex 140.386 -27.4525 0
    endloop
  endfacet
  facet normal -0.243049 -0.970014 0
    outer loop
      vertex 138.285 -26.8152 0
      vertex 139.351 -27.0823 3
      vertex 138.285 -26.8152 3
    endloop
  endfacet
  facet normal -0.243049 -0.970014 -0
    outer loop
      vertex 139.351 -27.0823 3
      vertex 138.285 -26.8152 0
      vertex 139.351 -27.0823 0
    endloop
  endfacet
  facet normal 0.74101 -0.671494 0
    outer loop
      vertex 127.442 -30.6948 3
      vertex 128.18 -29.8804 0
      vertex 128.18 -29.8804 3
    endloop
  endfacet
  facet normal 0.74101 -0.671494 0
    outer loop
      vertex 128.18 -29.8804 0
      vertex 127.442 -30.6948 3
      vertex 127.442 -30.6948 0
    endloop
  endfacet
  facet normal 0.904302 0.426893 0
    outer loop
      vertex 126.222 -43.0796 3
      vertex 125.753 -42.0861 0
      vertex 125.753 -42.0861 3
    endloop
  endfacet
  facet normal 0.904302 0.426893 0
    outer loop
      vertex 125.753 -42.0861 0
      vertex 126.222 -43.0796 3
      vertex 126.222 -43.0796 0
    endloop
  endfacet
  facet normal 0.595654 -0.803241 0
    outer loop
      vertex 128.995 -29.1423 0
      vertex 129.878 -28.4875 3
      vertex 128.995 -29.1423 3
    endloop
  endfacet
  facet normal 0.595654 -0.803241 0
    outer loop
      vertex 129.878 -28.4875 3
      vertex 128.995 -29.1423 0
      vertex 129.878 -28.4875 0
    endloop
  endfacet
  facet normal -0.904302 -0.426893 0
    outer loop
      vertex 146.447 -33.5139 0
      vertex 145.978 -32.5204 3
      vertex 145.978 -32.5204 0
    endloop
  endfacet
  facet normal -0.904302 -0.426893 0
    outer loop
      vertex 145.978 -32.5204 3
      vertex 146.447 -33.5139 0
      vertex 146.447 -33.5139 3
    endloop
  endfacet
  facet normal -0.857365 -0.51471 0
    outer loop
      vertex 145.978 -32.5204 0
      vertex 145.412 -31.5776 3
      vertex 145.412 -31.5776 0
    endloop
  endfacet
  facet normal -0.857365 -0.51471 0
    outer loop
      vertex 145.412 -31.5776 3
      vertex 145.978 -32.5204 0
      vertex 145.978 -32.5204 3
    endloop
  endfacet
  facet normal 0.0490302 -0.998797 0
    outer loop
      vertex 135.002 -26.6539 0
      vertex 136.1 -26.6 3
      vertex 135.002 -26.6539 3
    endloop
  endfacet
  facet normal 0.0490302 -0.998797 0
    outer loop
      vertex 136.1 -26.6 3
      vertex 135.002 -26.6539 0
      vertex 136.1 -26.6 0
    endloop
  endfacet
  facet normal 0.998792 0.0491299 0
    outer loop
      vertex 124.954 -38.8978 3
      vertex 124.9 -37.8 0
      vertex 124.9 -37.8 3
    endloop
  endfacet
  facet normal 0.998792 0.0491299 0
    outer loop
      vertex 124.9 -37.8 0
      vertex 124.954 -38.8978 3
      vertex 124.954 -38.8978 0
    endloop
  endfacet
  facet normal 0.336786 -0.941581 0
    outer loop
      vertex 131.814 -27.4525 0
      vertex 132.849 -27.0823 3
      vertex 131.814 -27.4525 3
    endloop
  endfacet
  facet normal 0.336786 -0.941581 0
    outer loop
      vertex 132.849 -27.0823 3
      vertex 131.814 -27.4525 0
      vertex 132.849 -27.0823 0
    endloop
  endfacet
  facet normal -0.671273 -0.74121 0
    outer loop
      vertex 143.205 -29.1423 0
      vertex 144.02 -29.8804 3
      vertex 143.205 -29.1423 3
    endloop
  endfacet
  facet normal -0.671273 -0.74121 -0
    outer loop
      vertex 144.02 -29.8804 3
      vertex 143.205 -29.1423 0
      vertex 144.02 -29.8804 0
    endloop
  endfacet
  facet normal -1 0 0
    outer loop
      vertex 145.1 -1.9 3
      vertex 145.1 -0.299999 6
      vertex 145.1 -0.299999 3
    endloop
  endfacet
  facet normal -1 -0 0
    outer loop
      vertex 145.1 -0.299999 6
      vertex 145.1 -1.9 3
      vertex 145.1 -1.9 6
    endloop
  endfacet
  facet normal 1 -0 0
    outer loop
      vertex 127.1 -1.9 6
      vertex 127.1 -0.299999 3
      vertex 127.1 -0.299999 6
    endloop
  endfacet
  facet normal 1 0 0
    outer loop
      vertex 127.1 -0.299999 3
      vertex 127.1 -1.9 6
      vertex 127.1 -1.9 3
    endloop
  endfacet
endsolid OpenSCAD_Model
